x	y	B2	B3	B4	B5	B6	B7	B8	B8A	B11	B12	clase
514385	558565	1653	1860	2188	2423.3125	2602.4375	2751.3125	2804	3032.75	4861.9375	4341.125	cultivos
517915	561875	1556	1822	2018	2518.5	3002.0625	3229.6875	3328	3596.5	4101.4375	2859.4375	cultivos
515845	557815	1626	1900	2074	2588.125	3312.125	3625.4375	3735	4008.75	4727	3420.5625	cultivos
513315	558575	1794	2052	2310	2566.125	2840.75	2993	3162	3311.0625	4645.5625	4074.75	cultivos
513805	559175	1824	1993	2050	2655.25	3541.875	3811.4375	3911	4230.1875	4114.8125	2967.4375	cultivos
517545	562035	1772	2080	2420	2870.6875	3368.125	3649.3125	3752	4058.1875	5263.125	3766.9375	cultivos
513585	559485	1508	1622	1858	2055	2214.625	2386.25	2513	2719.1875	4714.5	4363.75	cultivos
514495	559375	1548	1667	1922	2132.3125	2287.0625	2498.8125	2593	2849.125	4550.375	4129.3125	cultivos
513605	559915	1726	2062	2294	2858.25	3552.625	3826.875	3984	4179.6875	4851.75	3682.5	cultivos
512565	558805	1822	2078	2548	2788.75	2997.625	3197.4375	3315	3538.9375	4776.4375	4026.5625	cultivos
514205	558815	1712	2110	2180	2774.5	3923.5	4254.375	4407	4643.4375	4560.375	3247.125	cultivos
517795	561645	1525	1824	1936	2580.125	3080.9375	3329.375	3410	3726	4158.8125	2905.125	cultivos
513605	559635	1488	1611	1800	2007.6875	2166.5	2370.4375	2446	2651.125	4649.4375	4235	cultivos
513515	557765	1808	2062	2438	2821.875	3004.75	3164.5625	3234	3525	4686.8125	4003.5625	cultivos
514315	559195	1676	1849	2166	2490.25	2728.4375	2983.375	3191	3446.875	5265.5625	4248.5	cultivos
512695	558865	1846	2230	2480	3131.6875	3999.75	4325	4404	4697.375	4934.8125	3634.4375	cultivos
513265	558095	1900	2150	2608	2926.25	3086.375	3306.8125	3382	3660.25	4903.875	4132.25	cultivos
513735	558095	1503	1620	1864	2036.3125	2194.8125	2339.0625	2465	2683.625	4367.125	4030.5625	cultivos
515905	557915	1752	2034	2342	2749.0625	3282.6875	3557.0625	3655	3954.3125	4913.125	3611.25	cultivos
514375	559695	1554	1718	1916	2372.25	2929	3258.9375	3302	3671.1875	4512.1875	3501.5	cultivos
513385	558885	1780	2032	2386	2627.3125	2821.75	3009.5625	3100	3370.5625	4862.75	4194	cultivos
513725	559455	1504	1607	1847	2038.625	2189.75	2375.25	2483	2686.4375	4691.875	4334.5	cultivos
513335	557895	1814	2094	2532	2817.1875	2987.0625	3191.25	3290	3533.6875	4930.1875	4160.75	cultivos
514545	559735	1598	1790	2040	2386	2611.9375	2827.4375	3076	3233.9375	4999.25	4173.5625	cultivos
514225	558975	1880	2060	2180	2655	3262.375	3509	3690	3944.75	4329.875	3189.375	cultivos
513515	559355	1715	1879	2186	2546.5	2846.5625	3067.25	3236	3520.75	5127.6875	4075.8125	cultivos
513505	558115	1890	2130	2602	2813.0625	2984	3184.1875	3360	3550.3125	4878.8125	4154.9375	cultivos
516935	561825	1666	1926	2178	2713.1875	3122.3125	3357.6875	3419	3731.6875	4667.8125	3434.375	cultivos
514655	557995	1687	1864	2204	2471.25	2657.4375	2846.5625	2948	3198.4375	4841.1875	4192.6875	cultivos
513785	559175	1800	1985	2011	2637.25	3506.75	3775.4375	3888	4187.6875	4125.0625	2993.125	cultivos
513715	557695	1715	1888	2238	2601.4375	2845.1875	3087.5625	3287	3566.25	4918.625	4010.6875	cultivos
513415	559265	1716	1878	1952	2466.75	3441.3125	3736.6875	3852	4132	4155.5625	3070.4375	cultivos
512915	557935	1840	2114	2544	2842.125	3026.625	3227.9375	3270	3546	4566.3125	3841.125	cultivos
514355	557975	1629	1794	2104	2349.6875	2510.375	2683.5625	2770	3037.1875	4945.8125	4343.4375	cultivos
513495	559455	1516	1634	1834	2045.4375	2237.375	2434.1875	2497	2712.4375	4704.25	4285.9375	cultivos
513435	558145	1888	2158	2570	2892.125	3063.9375	3293.125	3342	3620.1875	4941.6875	4154.125	cultivos
514115	559695	1512	1744	1722	2230.0625	2947	3212.75	3258	3570.4375	4260.4375	3385.5625	cultivos
513555	559975	1722	1920	2272	2541.875	2724.8125	2949.1875	3059	3280	4704.125	3962.8125	cultivos
513435	559435	1621	1746	2056	2295.125	2503.25	2747.375	2952	3149.75	4987.75	4254.625	cultivos
514195	559375	1494	1634	1858	2056.625	2185.1875	2354.3125	2506	2698.8125	4707.4375	4328.1875	cultivos
513635	558325	1794	2044	2398	2761	2925.9375	3143.75	3163	3475.6875	4879.5	4175.5	cultivos
517055	562055	1542	1738	1907	2406.375	2893.1875	3117.1875	3157	3523.5	4044.75	2842	cultivos
513865	558375	1502	1616	1843	2008.875	2134.5	2308.0625	2412	2591.375	4687.1875	4448.4375	cultivos
512715	558055	1764	1990	2388	2628.5	2925.625	3126.0625	3246	3461.0625	4597.8125	3839.4375	cultivos
513905	559485	1479	1620	1856	2030.5	2168.8125	2316	2479	2651.1875	4663.3125	4304	cultivos
513905	559475	1485	1616	1848	2032	2181.4375	2341	2456	2655.0625	4672.4375	4312	cultivos
513045	559235	1795	2148	2422	3116.5	3722	4026.75	4038	4459.3125	5064.5625	3714.5	cultivos
512675	558835	1790	2182	2390	2990.125	3845.25	4115.5625	4377	4461.4375	4853.625	3654.3125	cultivos
514375	559455	1557	1696	1928	2221.9375	2478.375	2692.625	2685	3062.3125	4544.6875	3862	cultivos
513915	558185	1487	1626	1831	2009	2136.25	2288.5	2395	2617.4375	4543.625	4273.5	cultivos
513425	559435	1628	1794	2066	2321.75	2554.1875	2813.125	3030	3218.4375	4979.3125	4219.5	cultivos
514575	558205	1656	1822	2172	2418.5	2575.875	2752.8125	2861	3074.625	4899.375	4318	cultivos
514145	558195	1497	1616	1871	2014.1875	2136.1875	2298.375	2437	2602.875	4605.1875	4384	cultivos
517605	561905	1683	1941	2170	2734.375	3201.3125	3442	3508	3831.75	4736.125	3419.4375	cultivos
514415	557925	1661	1839	2124	2381.875	2532.0625	2708.0625	2768	3027.8125	4869.4375	4291.9375	cultivos
517895	561635	1636	1948	2188	2606.5	3159.125	3438.375	3533	3870	4301.75	3023.125	cultivos
516935	561765	1608	1893	1962	2674.75	3339.5	3609.1875	3636	3959.875	4394.8125	3138.0625	cultivos
513965	557905	1561	1706	1966	2247.3125	2437.375	2641.9375	2779	3042.375	4869.1875	4080.4375	cultivos
513935	558995	1618	1806	2004	2521.25	3073.25	3381.6875	3505	3863.5625	4694.8125	3542.4375	cultivos
513945	558305	1509	1618	1844	2005.9375	2137	2286.375	2451	2613.9375	4683.1875	4463.0625	cultivos
513665	559985	1741	1919	2298	2513.5625	2699.4375	2928.375	3012	3279.875	4647.6875	3920.6875	cultivos
512935	558355	1792	2012	2422	2704.5	2874.9375	3061.875	3146	3391.3125	4674.75	3962.75	cultivos
513735	559765	1532	1716	1937	2383.9375	2954.6875	3243.875	3386	3665.5625	4545.5625	3533.5	cultivos
514315	558495	1702	1888	2236	2457.4375	2610.9375	2788	2986	3113.125	4909	4279.1875	cultivos
512945	558265	1744	1974	2316	2618.375	2764.5625	2991.1875	3070	3292.75	4487.3125	3874.125	cultivos
513985	559445	1500	1594	1845	2045.25	2177.5	2358.125	2483	2698.5	4709.625	4343.5	cultivos
513785	558165	1510	1618	1856	2069.6875	2243.5	2384	2472	2708.9375	4177	3812.875	cultivos
512965	557945	1901	2272	2612	3159.125	3945.875	4224.9375	4375	4586.625	5155.75	3873.1875	cultivos
512785	559295	1762	2070	2390	2922.25	3465.375	3712.25	3939	4138.8125	4876	3637.75	cultivos
516865	561965	1654	1939	2100	2730.8125	3227.0625	3479.4375	3510	3845.375	4833.125	3439.125	cultivos
513475	558795	1752	1976	2334	2669.1875	2834.9375	3011.625	3060	3349.25	4704.75	4062.75	cultivos
513595	559045	1606	1834	2013	2501.625	3055.6875	3342.8125	3500	3839.5	4728.75	3593.125	cultivos
517855	561635	1630	1911	2102	2642	3111.5625	3333.25	3503	3753.625	4270.5	3010.1875	cultivos
513965	558845	1680	2052	2104	2767.75	3995.8125	4318.875	4395	4679	4554.9375	3231.9375	cultivos
514395	559425	1554	1674	1910	2126.9375	2284.1875	2460.9375	2598	2829.75	4444.9375	3967.1875	cultivos
513025	558325	1622	1856	2118	2524.8125	2834.0625	3042.375	3147	3421.5625	4573.4375	3790.625	cultivos
514135	559415	1504	1630	1852	2040.4375	2199.0625	2366.125	2499	2685.5	4689.3125	4332.625	cultivos
513405	558025	1838	2130	2568	2827.8125	2979.0625	3165.6875	3320	3539.5625	4798.5	4086.6875	cultivos
513165	557985	1800	2064	2456	2757.75	2927.9375	3101.875	3176	3449.5	4916.1875	4196.5625	cultivos
513385	558765	1816	2026	2420	2646.5	2838.8125	3008.25	3128	3330.125	4865	4199.375	cultivos
517555	561915	1689	1991	2230	2803.625	3309.5	3566.0625	3597	3976.9375	4924.5625	3518.75	cultivos
513365	558775	1836	2038	2428	2695.9375	2871.8125	3064.625	3166	3358	4887.9375	4200.3125	cultivos
517495	561545	1620	1906	2015	2668.375	3287.6875	3542.5625	3573	3922.5625	4486.25	3109.875	cultivos
517765	561675	1572	1786	1996	2539	3020.375	3258.75	3302	3665.5625	4182.375	2935.4375	cultivos
513415	558505	1734	1960	2296	2590.625	2722.75	2925	2969	3238.3125	4733.6875	4163.3125	cultivos
514625	559325	1556	1689	1920	2150.8125	2301.1875	2493.0625	2629	2856.5	4643.5625	4279.3125	cultivos
513985	557785	1696	1922	2260	2628.875	2919	3161.375	3426	3707.6875	5209.375	4058.375	cultivos
513995	558625	1760	1943	2306	2536	2695.25	2862.25	2976	3185.75	4937.875	4333.0625	cultivos
513525	558615	1769	2002	2356	2609.75	2787.5	2975.875	3050	3295.1875	4703.875	4083.0625	cultivos
513765	557935	1616	1770	2094	2391.0625	2603.875	2833.875	2922	3234.625	4940.9375	4062.625	cultivos
517465	561535	1606	1885	2034	2633.875	3193.3125	3472.4375	3526	3852	4556.5	3175.1875	cultivos
513475	557795	1828	2056	2516	2843.875	3024.125	3187.1875	3288	3562.75	4739.8125	4033	cultivos
514455	559425	1521	1655	1884	2099.4375	2256.4375	2448.125	2569	2771.625	4522.875	4080.5625	cultivos
512635	558745	1766	2026	2456	2841.5	3222.0625	3435.5625	3281	3770.9375	4766.25	3899.5625	cultivos
512735	558275	1762	2010	2404	2664.0625	2875.1875	3059.6875	3230	3378.125	4642	3875.4375	cultivos
513975	559055	1948	2112	2244	2714.75	3343.625	3599.8125	3711	3998.4375	4194.75	3068	cultivos
513635	559845	1626	1828	2066	2531.1875	2956.875	3219.0625	3297	3567.3125	4792.5625	3774.5	cultivos
513535	559305	1612	1814	2072	2450.6875	2813.625	3071.9375	3276	3534	4979.1875	3923.8125	cultivos
513805	557595	1660	1864	2208	2553	2851.3125	3116.0625	3328	3647.375	5036.9375	4036.875	cultivos
514245	558715	1725	1924	2230	2446.75	2621.1875	2797.375	2936	3136.0625	4910.0625	4269	cultivos
517645	561845	1692	1894	2116	2656.125	3101.75	3362.625	3354	3716.25	4625.625	3366.0625	cultivos
512515	559355	1770	2068	2438	2932.3125	3373.6875	3648.9375	3972	4082.625	4748.1875	3662.375	cultivos
517785	561945	1594	1876	2058	2622.5	3145.4375	3398.125	3491	3835.3125	4272.625	2974.9375	cultivos
514485	559175	1718	1892	2230	2613.125	2874.3125	3156	3358	3679.8125	5350.8125	4211.8125	cultivos
513855	558005	1618	1767	2106	2326.125	2482.3125	2707.5	2970	3107.8125	4758.25	4047.0625	cultivos
514415	559155	1718	1861	2172	2503.1875	2790.9375	3014.375	3189	3504.375	5188.75	4180.6875	cultivos
513815	557775	1588	1736	2001	2275.0625	2512.25	2717.4375	2898	3126.8125	4744.5625	4024.625	cultivos
514595	559305	1572	1680	1950	2150.8125	2302.9375	2513.9375	2651	2872.875	4643.3125	4280.5625	cultivos
513625	558025	1679	1882	2224	2569.6875	2712	2900.125	2906	3243.4375	4674.5	4093.0625	cultivos
513935	558845	1667	2032	2112	2750.125	3941.8125	4279.5	4440	4647.3125	4548.375	3256.5	cultivos
515805	557885	1650	1918	2164	2639	3298.5	3606.625	3688	3993.5625	4786.8125	3486.8125	cultivos
513165	558245	1774	2002	2386	2636.5	2777.25	2964.8125	3099	3317.375	4580.9375	4039.25	cultivos
516985	562045	1618	1919	2058	2536.4375	3439.5625	3820	4032	4184.0625	4276.875	2943.5	cultivos
513745	559315	1658	1844	2130	2472.875	2728.9375	2966.5	3111	3432.25	5157.75	4189.25	cultivos
514375	557915	1626	1786	2100	2344.375	2481.5625	2658.4375	2736	2984.9375	4895.8125	4327.625	cultivos
513915	558655	1691	1892	2216	2498	2648.1875	2806.125	2904	3136.8125	4876.375	4315.5625	cultivos
514325	557905	1623	1786	2088	2332.3125	2474.5	2637.0625	2782	2980.4375	4886.125	4316.25	cultivos
512775	558295	1752	1998	2300	2606.1875	2886.4375	3096.1875	3143	3414.3125	4559.125	3819.5	cultivos
517565	561715	1672	1992	2174	2758.1875	3317.625	3554.25	3656	3960.375	4673.375	3303.75	cultivos
513865	559065	1897	2078	2210	2652.5	3206.625	3505.5	3610	3890.875	4310.125	3240	cultivos
514455	559045	1643	1840	1876	2449.5625	3319.375	3615.1875	3791	4017	4114.0625	3079.875	cultivos
517095	561585	1678	1974	2136	2764.125	3481.25	3775.3125	3834	4173.5625	4823.1875	3369.1875	cultivos
513085	559275	1534	1704	1903	2346.625	2794.875	2946.9375	2759	3297.1875	4526.1875	3775.6875	cultivos
514125	558495	1650	1858	2168	2395.875	2548.125	2738.4375	2791	3023.375	4815.25	4274.0625	cultivos
513275	557725	1789	2042	2460	2726	2883.5625	3094.4375	3204	3439.8125	4940.625	4224.0625	cultivos
514315	559725	1610	1817	2032	2371.9375	2823.375	3098.9375	3316	3510.6875	4607.625	3798.0625	cultivos
514305	559045	1694	1910	1917	2563.125	3547.4375	3832.375	3958	4220.875	3971	2812.25	cultivos
513935	558135	1524	1666	1903	2082.875	2216.625	2383	2552	2718.9375	4542.5	4221.25	cultivos
513615	559605	1548	1662	1946	2132.0625	2406.375	2575.0625	2650	2945.5625	4713.9375	4143.5625	cultivos
513285	558885	1710	1918	2274	2483.5	2649.4375	2837.5625	2943	3159.4375	4727.25	4100.3125	cultivos
513205	557835	1786	2011	2428	2699.8125	2852.4375	3038.875	3167	3371.375	4852.625	4217.1875	cultivos
513315	558395	1786	2022	2396	2661	2807.25	2986.25	3086	3325.9375	4865	4242.5625	cultivos
513315	558535	1802	1996	2360	2602.4375	2752.75	2954.5625	3042	3270.75	4788.625	4192.8125	cultivos
512525	558885	1810	2078	2478	2779.375	2991.5625	3201.25	3269	3515.0625	4762.875	3981.9375	cultivos
513655	558285	1762	1996	2406	2628.6875	2807.9375	2991.6875	3127	3306.3125	4789.5625	4180.5	cultivos
514155	558945	1629	1844	2060	2509.875	2919.125	3208.5625	3335	3666.4375	4754.375	3738.1875	cultivos
517185	561955	1594	1841	2044	2659.6875	3304.0625	3644	3646	4059.625	4608.6875	3239.25	cultivos
512555	559385	1656	1857	2144	2410.25	2608.3125	2821.375	2932	3161.125	4245.9375	3760.0625	cultivos
513185	558245	1792	1974	2390	2653.5625	2803.5	2989.875	3114	3345.125	4625.9375	4067.125	cultivos
513005	558335	1834	2054	2510	2625.6875	2865.125	3058.6875	3294	3383.875	4530.375	3852.5	cultivos
513655	558995	1636	1832	2082	2484.8125	2918.625	3175.4375	3366	3628.5	4838	3798.25	cultivos
512545	558945	1805	2056	2508	2784.625	2980.1875	3204.625	3263	3533.125	4804.625	4023.8125	cultivos
513935	558605	1700	1894	2242	2483.5625	2613.9375	2789.125	2902	3129.125	4840.9375	4283.8125	cultivos
513525	558665	1747	1970	2300	2615.625	2795.5625	2958.9375	3040	3295.5625	4713	4059.125	cultivos
513945	557675	1652	1866	2152	2476.875	2737.5625	2974.3125	3214	3448.3125	5043	4109.0625	cultivos
513835	558095	1480	1603	1830	2018.75	2144.5625	2297.375	2424	2641.5	4192.75	3892.3125	cultivos
513305	558135	1864	2122	2572	2878.875	3051.625	3236.1875	3354	3587.9375	4790	4048.3125	cultivos
514095	558075	1485	1597	1812	1992.9375	2118.5625	2267.5625	2390	2589.5	4625	4368.3125	cultivos
512645	558255	1806	2142	2576	3090.8125	3790.5625	4086.0625	4177	4562	5127.6875	3754.875	cultivos
514015	559205	1636	1788	2090	2430.375	2748.625	2990.0625	3203	3463.625	5045.1875	4020.375	cultivos
514225	558725	1711	1938	2246	2464.9375	2641.5625	2844.875	2998	3168.75	4955.5625	4290.125	cultivos
514505	559245	1648	1825	2190	2455.5	2682.0625	2911.4375	3158	3372.8125	4945.9375	4080.3125	cultivos
513755	559795	1593	1817	2050	2380.6875	2742.5	2949.5	2907	3349	4680.5	3903.6875	cultivos
513565	558705	1782	2019	2378	2666.125	2826.4375	3014.125	3097	3316.3125	4654.0625	4041.4375	cultivos
517495	561615	1656	1944	2084	2707.6875	3354.125	3613.375	3622	4021.375	4523.875	3112.5625	cultivos
512475	558835	1808	2052	2416	2785.875	3143.5	3412.6875	3334	3753.5	4782.9375	3984.8125	cultivos
513975	559135	1804	1968	2011	2625.1875	3527.5625	3806.625	3928	4194.5	4052.5	2924	cultivos
513475	558475	1839	2036	2416	2594.1875	2741.3125	2901.8125	3111	3221.875	4719.4375	4220.625	cultivos
513485	557785	1926	2172	2642	2891.3125	3076.625	3259.3125	3449	3603	4755.8125	4029.8125	cultivos
513135	558825	2226	2688	3408	3853.75	4138.75	4404.875	4552	4865.3125	6043.6875	4627.9375	cultivos
514065	558635	1684	1903	2192	2435.75	2597.6875	2777.9375	2882	3080.9375	4892.6875	4335.875	cultivos
514375	558015	1678	1855	2196	2443.5	2598.5	2774.625	2874	3121.875	4963.625	4329.0625	cultivos
512715	558895	1846	2246	2570	3121.375	4023.3125	4316.1875	4372	4661.9375	4935.25	3637.875	cultivos
513375	558075	1898	2182	2616	2971.875	3142.625	3351.625	3438	3712.4375	4927.0625	4150.6875	cultivos
513465	558565	1724	1955	2322	2612.375	2783.8125	2974.9375	3047	3341.5625	4751.9375	4116.8125	cultivos
512645	558625	1896	2296	2682	3118.125	3818.875	4090	4236	4501.25	5220.3125	3978.125	cultivos
512575	558955	1804	2064	2500	2786.1875	2994.1875	3190.625	3243	3475.375	4849.25	4059.8125	cultivos
513655	557645	1682	1903	2234	2635.0625	2926.3125	3195.6875	3362	3703.1875	5118.3125	4047.1875	cultivos
513635	559455	1506	1622	1864	2059.3125	2224.5625	2394.875	2533	2717	4695.4375	4345.875	cultivos
514025	559865	1702	2034	2272	2841.0625	3622.25	3907.625	4067	4322.875	4823.4375	3584.4375	cultivos
512655	558255	1846	2206	2604	3121.75	3770.1875	4056.0625	4104	4523.375	5170.5	3812.75	cultivos
513445	558215	1802	2028	2400	2760.5	2929.125	3109.6875	3128	3443.8125	4860.125	4176.625	cultivos
514125	558505	1677	1875	2168	2382.625	2542.875	2723.3125	2808	3011.125	4815.75	4272.1875	cultivos
512865	559265	1780	2126	2362	3045.375	3621.6875	3893.375	3978	4354.4375	4972	3617.125	cultivos
513565	558345	1690	1940	2246	2608.5625	2813.6875	2956.8125	2991	3329.9375	4831.1875	4180.5	cultivos
513375	559085	1607	1778	1920	2502.375	3289.375	3642.25	3775	4185.125	4449.0625	3209.375	cultivos
513985	558985	1638	1842	2060	2527.25	3019.6875	3286.6875	3345	3728.9375	4681.25	3603.5625	cultivos
517055	561655	1816	2162	2388	2927.625	3614.3125	3887.75	4115	4346.875	4818.75	3410.3125	cultivos
513905	557995	1603	1768	2092	2382.5625	2561.875	2786.8125	3000	3217.9375	4839.8125	4046.8125	cultivos
514345	559235	1610	1776	2132	2442.5625	2650.6875	2876.25	3049	3360.5	5181.6875	4255.625	cultivos
515935	557925	1722	1980	2242	2698.3125	3278.375	3551.9375	3618	3965.1875	4828.75	3522.8125	cultivos
513845	559005	1596	1792	1960	2495.5	3067.125	3354.375	3552	3858.5	4754.5625	3567.25	cultivos
513785	558295	1516	1632	1871	2035.875	2170.1875	2355.6875	2477	2694.25	4417.75	4129.1875	cultivos
514185	558785	1737	2104	2230	2792.5	3779.125	4122.625	4253	4470.0625	4695.9375	3420.0625	cultivos
513165	558075	1766	2008	2432	2737.4375	2918.3125	3090.0625	3208	3451.75	4881.8125	4149.5625	cultivos
513115	559215	1846	2204	2562	3113.3125	3737.75	4013.8125	4087	4429	5198.125	3813	cultivos
514385	558245	1476	1553	1752	1963.5625	2111.375	2271.4375	2295	2583.6875	4556.125	4185.0625	cultivos
512665	558665	1758	2148	2322	3033.75	4048.625	4307.25	4451	4663.5625	4895	3549.6875	cultivos
514075	559765	1680	1894	2208	2424.375	2750.375	2969.9375	2947	3362.25	4733.125	4004.1875	cultivos
517095	561665	1841	2174	2430	2937.1875	3562.5	3860.75	3917	4261.5	5017.25	3589.625	cultivos
512655	558305	1828	2222	2646	3179.4375	3811.75	4081.5625	4253	4556.0625	5262.5625	3885.375	cultivos
513445	558825	1817	2070	2450	2699.125	2876.5625	3067.5625	3170	3374.375	4847.125	4160.8125	cultivos
513325	557935	1818	2036	2438	2709.0625	2857.125	3037.9375	3182	3394.375	4792.5625	4126.1875	cultivos
514215	558685	1694	1880	2196	2452.75	2633.0625	2760.5625	2874	3095.3125	4940.1875	4366.25	cultivos
514435	558095	1614	1818	2124	2436.9375	2584.8125	2775	2786	3101.125	4899.1875	4307.25	cultivos
513315	558865	1760	1972	2344	2613.0625	2775.75	2973.25	3048	3304.4375	4873.875	4227.25	cultivos
513425	559155	1773	1921	1937	2580.1875	3579.375	3943.9375	4091	4326.9375	3879.625	2746.625	cultivos
513525	558415	1754	1974	2320	2569.6875	2727.125	2909.75	3022	3257	4794.5625	4201.9375	cultivos
514295	558345	1500	1584	1796	2021.0625	2224.375	2359.625	2357	2654.25	4510.625	4115.75	cultivos
513525	558385	1727	1954	2282	2566.6875	2740.0625	2904.8125	2972	3255.5	4812.4375	4224.0625	cultivos
517545	561625	1580	1879	1928	2678.25	3525.6875	3818.5	3845	4211.3125	4461.4375	3027	cultivos
513995	559215	1620	1792	2064	2422.6875	2733.625	2983.375	3164	3463.375	5052.5	3998.9375	cultivos
514375	559335	1503	1628	1858	2062.4375	2224.125	2384.625	2548	2769.625	4628	4197.6875	cultivos
517655	561875	1730	1955	2178	2706.4375	3165.6875	3412.5	3430	3788.6875	4642.3125	3400.4375	cultivos
513625	559215	1698	1912	2034	2481.375	3174.25	3440.5625	3467	3869.875	4247.625	3270.4375	cultivos
513915	559945	1746	1974	2356	2704.8125	2921.6875	3127.625	3113	3479.4375	4679.3125	3872.875	cultivos
513945	558325	1510	1626	1842	1997.8125	2149.25	2290.125	2428	2610.375	4676.4375	4449.6875	cultivos
513375	560015	1604	1772	2050	2305.0625	2528.0625	2712.5	2793	3051.125	4723.3125	4135.3125	cultivos
517795	561755	1419	1592	1736	2169.3125	2599.125	2833.25	2876	3234.875	3791	2616.0625	cultivos
513825	558705	1722	1921	2262	2509.3125	2668.9375	2838	2954	3152.6875	4817.125	4249.5625	cultivos
517495	561635	1633	1954	2022	2695.375	3389.875	3660.625	3766	4033.25	4489.125	3064.375	cultivos
513445	560005	1642	1850	2164	2446.875	2608.375	2853.6875	2913	3165.5625	4790	4101.9375	cultivos
513755	558025	1538	1640	1884	2094.4375	2231.4375	2424.125	2512	2735.625	4398.875	4059.75	cultivos
513795	558245	1530	1648	1912	2107.625	2253.375	2416.875	2571	2764.1875	4178.0625	3841.3125	cultivos
512535	558905	1782	2024	2464	2778.625	2979.4375	3163.4375	3271	3527.5	4768.75	3992.9375	cultivos
514105	558555	1696	1891	2220	2426.625	2620.625	2766.875	2930	3098.25	4866.4375	4289.3125	cultivos
517565	562035	1791	2078	2434	2890.125	3397.4375	3691.375	3746	4106.125	5266.625	3785.625	cultivos
514175	558805	1722	2064	2212	2808.75	3888.5625	4233.3125	4286	4620.25	4647.4375	3330.6875	cultivos
513085	557705	1847	2068	2498	2732	2925.125	3127.6875	3315	3510.75	4789.25	4060.5	cultivos
514605	558245	1662	1850	2186	2405.125	2559.0625	2720.8125	2894	3063.875	4883.75	4298.625	cultivos
513625	558335	1852	2124	2572	2815.25	2983.0625	3205.8125	3366	3545.1875	4917.375	4178.3125	cultivos
513475	558515	1758	1993	2334	2591.375	2777.6875	2988.5	3046	3294.0625	4671.0625	4107.25	cultivos
513245	558065	1951	2246	2720	2989.75	3166.625	3360.1875	3575	3699.4375	4956.8125	4134.9375	cultivos
513285	557785	1808	2064	2460	2735.3125	2885.1875	3084.8125	3163	3440.4375	4900.875	4210.8125	cultivos
514025	558215	1482	1636	1820	2017.375	2120.25	2294.4375	2400	2610.9375	4655.375	4439.75	cultivos
513995	558775	1738	1961	2264	2505.1875	2726.6875	2929.375	2981	3266.6875	4912.625	4205	cultivos
513305	559005	1720	2086	2134	2792.5	4067.4375	4435	4577	4791.3125	4675	3414.125	cultivos
514255	559725	1492	1704	1838	2368.75	2989.6875	3290.5625	3630	3684.9375	4456.375	3575.1875	cultivos
513455	557785	1872	2158	2588	2941.9375	3090.6875	3288	3397	3660	4794.25	4052.6875	cultivos
513515	558575	1786	1992	2342	2603.625	2782.75	2956.1875	3072	3272.875	4726.75	4119.625	cultivos
517875	561585	1570	1849	2046	2599.9375	3059.6875	3380.125	3495	3731.25	4183.3125	2981.375	cultivos
513965	558135	1477	1594	1816	2007.125	2132.25	2295.4375	2429	2615.4375	4530.125	4206.8125	cultivos
513255	557855	1720	1924	2278	2546.0625	2691.5	2865	2968	3210.5	4822.1875	4231.3125	cultivos
514165	559015	1866	2058	2124	2684.5625	3370.4375	3593.5	3809	4000.375	4181.75	3058.625	cultivos
513585	559155	1865	1999	2104	2661.25	3386.125	3664.75	3676	4033.6875	4169	3065.5	cultivos
513885	557755	1650	1809	2136	2437.9375	2697.6875	2908.875	3107	3377.125	5035.625	4069.25	cultivos
513855	559435	1501	1604	1828	2045.4375	2185.9375	2364.625	2475	2696.125	4701.375	4308.375	cultivos
512805	558715	1698	1928	2230	2401.8125	2894.3125	3118.9375	3060	3395.875	4348.625	3707.25	cultivos
517195	561835	1709	1915	2086	2606.875	3039.1875	3281.375	3318	3649.6875	4620.4375	3353.3125	cultivos
513395	558385	1800	2030	2442	2660.3125	2828.0625	3010.375	3116	3327.3125	4838.875	4215.3125	cultivos
513825	558525	1638	1845	2168	2379.5625	2533.4375	2698.9375	2826	3011.25	4788.875	4248.1875	cultivos
514405	557985	1689	1898	2234	2468.8125	2609	2777.5	2901	3133.875	4891.625	4258.875	cultivos
513225	558575	1686	1849	2154	2475.0625	2667.375	2873.3125	2842	3197.875	4619.0625	4086.875	cultivos
514225	559215	1691	1840	2162	2463.875	2710.625	2947.875	3145	3431.75	5272.6875	4266.875	cultivos
513325	559075	1524	1744	1800	2348.1875	3227.1875	3577.125	3683	4053.75	4295.9375	3172.625	cultivos
513545	558675	1748	1964	2322	2612.875	2803.4375	2954.8125	3120	3291.5625	4685.625	4037.1875	cultivos
517395	561605	1698	1969	2184	2697.0625	3252.8125	3498.8125	3596	3859.125	4938.3125	3515.3125	cultivos
513875	559865	1812	2166	2514	2972.75	3638.625	3900.75	4040	4319	4877.4375	3632.875	cultivos
514285	559065	1736	1938	1906	2574.375	3625.75	3936.5625	4051	4346.3125	3941.25	2778.4375	cultivos
512595	559375	1604	1770	2034	2292.625	2495.1875	2717.1875	2743	3030.625	4328.8125	3840.4375	cultivos
513825	557655	1527	1664	1904	2241.1875	2468.875	2657	2665	3064.625	4521.5625	3975.25	cultivos
513515	559095	1692	1864	2024	2521.875	3146.625	3473.3125	3466	3897.9375	4404.4375	3317.9375	cultivos
513345	558565	1807	2066	2302	2596.25	2858.875	3049.4375	3238	3335.0625	4629.4375	4041.6875	cultivos
513965	558475	1708	1910	2252	2439	2599.375	2737.625	2942	3117.25	4871.0625	4300	cultivos
514285	559785	1654	1841	2138	2525.5625	2813.125	3073.5	3140	3543.625	5016	4030.9375	cultivos
515995	557895	1700	1976	2306	2786.4375	3249.625	3558.5625	3652	3969	5038	3703.375	cultivos
514395	558795	1693	1996	2160	2717.125	3663.125	3985.1875	4153	4372.125	4740.8125	3407.375	cultivos
513365	557825	1800	2046	2434	2770.9375	2982.9375	3144.125	3177	3481.5	4842	4121.3125	cultivos
517605	562005	1690	1946	2120	2802.1875	3380.8125	3621.6875	3655	4014.25	4814.8125	3390.125	cultivos
513475	558555	1761	1982	2344	2628.875	2814.5625	3024.875	3094	3374.75	4689.5625	4051.75	cultivos
513685	558145	1509	1632	1885	2132.8125	2290.0625	2446.8125	2525	2802.375	4488.9375	4117.0625	cultivos
513275	558785	1764	1996	2326	2565.625	2717.4375	2920	3019	3222.375	4753.75	4151.9375	cultivos
513475	559835	1672	1888	2180	2451.0625	2750.5625	2968.5625	2971	3339.375	4764.875	4009.3125	cultivos
513615	559115	1868	2036	2092	2651.4375	3454.6875	3731.75	4000	4152.4375	4130.6875	3025.5	cultivos
514575	559745	1594	1746	2011	2335.125	2613.5625	2846.875	3001	3245.9375	5003.9375	4093.0625	cultivos
514445	559435	1524	1666	1902	2135.75	2324.125	2528.8125	2582	2858.25	4523.4375	4005.25	cultivos
512975	558135	1759	1993	2358	2611.6875	2830.4375	3040.75	3172	3378.4375	4497.375	3814.25	cultivos
512835	558365	1886	2156	2566	2919.9375	3171.625	3393.6875	3441	3731.6875	4851.625	4106.8125	cultivos
513405	557925	1800	2022	2430	2693.1875	2836.625	3023.1875	3142	3387.9375	4784.0625	4142.5625	cultivos
517605	562035	1675	1946	2146	2768.5625	3417.0625	3678.3125	3692	4080.125	4849.375	3379.75	cultivos
513665	557785	1634	1820	2160	2448.3125	2704.8125	2940.3125	3249	3374.25	4769.875	3959.75	cultivos
514315	559685	1493	1711	1782	2303.5	3018	3311.4375	3480	3747.125	4338.5625	3352.75	cultivos
512535	559395	1686	1860	2134	2436.5	2646.8125	2885.375	2908	3183.9375	4172.4375	3706.875	cultivos
517135	561905	1695	2038	2194	2892.25	3514	3771.8125	3819	4160.25	4799.1875	3402.125	cultivos
513905	558045	1497	1602	1862	2050.75	2188.5	2380.0625	2503	2705.375	4360.4375	3996	cultivos
512965	558395	1772	1986	2368	2637.5	2827.3125	2996.6875	3176	3339.1875	4510.75	3874.6875	cultivos
514425	558015	1727	1917	2310	2523.875	2672.1875	2865.0625	3014	3190.8125	4881.625	4273.5625	cultivos
517855	561915	1570	1868	2034	2598.875	3074.125	3349.75	3448	3726.75	4183.375	2892.1875	cultivos
513385	558995	1724	2086	2210	2871.5625	3948.9375	4288.1875	4549	4668.8125	4832.5625	3509.75	cultivos
515895	557935	1732	2012	2294	2713.9375	3293.1875	3582.875	3640	3952.0625	4858.125	3577.0625	cultivos
516905	561655	1667	1941	2100	2704.875	3279.4375	3539.4375	3565	3930.5	4676.375	3241.4375	cultivos
514115	558745	1708	1928	2242	2480.0625	2643.0625	2829.75	2929	3152	4928.5	4284.4375	cultivos
513815	558075	1476	1592	1812	1995.8125	2118.875	2284.25	2434	2614.625	4269.1875	3945.1875	cultivos
514725	559225	1536	1648	1885	2152.4375	2312.25	2487	2627	2889.4375	4593.6875	4046.375	cultivos
513675	558985	1642	1826	2060	2498.0625	2953.75	3248.9375	3270	3683.5625	4853.3125	3780.8125	cultivos
512535	558755	1780	2010	2410	2666.875	2875.125	3061.9375	3207	3420.375	4642.75	3957.75	cultivos
514005	558875	1670	1990	2166	2744.0625	3709.1875	3997.0625	4044	4387.75	4627.8125	3353.0625	cultivos
513965	558645	1730	1910	2268	2496.5	2664	2820.75	2941	3122.5625	4899.125	4307.9375	cultivos
512895	559215	1896	2302	2738	3219.875	3820.75	4113.8125	4188	4498.3125	5256.375	3889.4375	cultivos
513785	558995	1628	1811	2030	2522.1875	3055.0625	3352.3125	3508	3857.8125	4882.375	3658.75	cultivos
514065	559915	1780	2020	2396	2696.5	2890.5	3074.125	3248	3484	4673.125	3900.375	cultivos
514015	558125	1490	1595	1806	1995.125	2127.5	2283.1875	2393	2605.375	4546.375	4247.3125	cultivos
513565	558645	1745	1952	2282	2583.375	2764.9375	2976.75	2995	3291.6875	4680.3125	4059.125	cultivos
517635	561945	1632	1914	2058	2698.6875	3233.0625	3492.25	3561	3884.9375	4673.875	3368.1875	cultivos
513545	558295	1797	2004	2366	2661.1875	2877.5625	3029.25	3128	3372.9375	4874.75	4213.625	cultivos
513385	557655	1788	2012	2396	2724.75	2882.9375	3079.8125	3222	3448.1875	4901.6875	4174	cultivos
513735	559245	1594	1778	2038	2449.125	2867.4375	3090.375	3205	3564.5625	4928	3862.3125	cultivos
512865	558405	1902	2170	2548	2912.625	3153.5625	3330.75	3374	3669.5	4904.5	4162.5	cultivos
513775	558415	1525	1636	1862	2095.5625	2256.9375	2415.25	2529	2723.1875	4490.6875	4192.0625	cultivos
513525	559305	1623	1814	2066	2450.0625	2828.8125	3081.5625	3282	3533.875	4958.0625	3900.75	cultivos
514435	558165	1715	1904	2268	2463.75	2598.125	2799.25	2964	3121.125	4968	4324.3125	cultivos
514025	558495	1694	1871	2166	2415.75	2552.3125	2739.9375	2824	3047.6875	4850.25	4306.8125	cultivos
513815	557905	1646	1840	2154	2495.125	2733.6875	2982.625	3180	3414.25	5022.5	4030.75	cultivos
514065	558245	1494	1603	1834	2005.75	2128.1875	2282.875	2405	2589.625	4582.9375	4321.1875	cultivos
512885	557875	1807	2064	2470	2736.5625	2954.375	3145.625	3303	3469.6875	4467.625	3787.875	cultivos
512885	557855	1805	2064	2464	2740.5625	2952.75	3149.9375	3215	3458.375	4476.625	3807.75	cultivos
514275	558815	1692	1998	2132	2728.125	3732.8125	4040.875	4112	4445.875	4671.875	3362.3125	cultivos
512775	559115	1768	2186	2344	3034.75	4000.25	4280.5	4386	4621	4867.1875	3646.5	cultivos
514635	559165	1727	1904	2222	2625.75	2961.5625	3240.375	3441	3765	5411	4191.75	cultivos
514145	559185	1622	1774	2088	2436.75	2733.5625	2949.3125	3147	3444.125	5093.1875	4096.5	cultivos
514465	559275	1552	1676	1928	2175.8125	2338.25	2532	2662	2910.375	4549.9375	3963	cultivos
513535	558375	1756	1965	2290	2571.875	2743.8125	2906.125	3036	3263.75	4805.6875	4200.875	cultivos
513865	557925	1624	1770	2080	2365.9375	2549.3125	2772.5625	2928	3200.625	4966.6875	4098.3125	cultivos
512875	558055	1774	2038	2426	2723.5625	2895.6875	3084.4375	3191	3422	4540.1875	3868.9375	cultivos
513005	558265	1704	1944	2266	2605.25	2849.6875	3084.0625	3234	3460.9375	4589.375	3822.6875	cultivos
514435	559155	1694	1866	2168	2500.875	2797.9375	3004.75	3249	3498.0625	5196.375	4187.0625	cultivos
513715	558885	1666	2064	2116	2789	4017.25	4356.125	4515	4766.375	4629.0625	3316.0625	cultivos
513595	559285	1591	1767	2007	2433.375	2816.4375	3076.1875	3264	3541.375	4891	3854.9375	cultivos
513515	557915	1891	2128	2582	2838.75	2998.125	3220.6875	3344	3533.6875	4637.5	3972.6875	cultivos
512665	558255	1852	2196	2642	3140.25	3762.5625	4064.1875	4120	4503.125	5198	3845.25	cultivos
513695	559085	1825	1988	2094	2575.3125	3241.125	3543.9375	3619	3937.8125	4249.375	3182.0625	cultivos
516895	561885	1786	2050	2346	2804.5	3160.125	3379.3125	3518	3766.375	4923.1875	3675.6875	cultivos
513445	558585	1740	1943	2328	2597.375	2762.0625	2947.1875	3065	3276.5625	4790.0625	4163.125	cultivos
514255	559415	1485	1622	1838	2032.6875	2176.8125	2340.3125	2477	2657.25	4712.3125	4367.875	cultivos
513945	558065	1501	1626	1852	2046.0625	2186.3125	2355.625	2533	2712.6875	4363.25	4014.0625	cultivos
514005	558575	1710	1892	2176	2439.75	2627.5	2800.625	2911	3115.8125	4893.9375	4309.125	cultivos
514535	558245	1640	1818	2106	2350.875	2498.375	2678.3125	2829	2998.3125	4891.8125	4347.3125	cultivos
514385	557915	1636	1816	2100	2344.125	2486.1875	2660.3125	2798	2966.3125	4881.4375	4316.375	cultivos
514125	559685	1548	1736	1734	2203.6875	2870.875	3132.875	3219	3437.5	4266.1875	3450.75	cultivos
514035	558045	1543	1642	1898	2086.9375	2227.375	2390.625	2537	2722.25	4541.25	4250.875	cultivos
513355	558575	1788	1992	2356	2589.3125	2823.0625	3042.5	3050	3309.75	4658.875	4063.5	cultivos
517195	561845	1718	1935	2144	2638.125	3089.5625	3324.625	3407	3716.5625	4665.8125	3397.4375	cultivos
513285	558865	1802	2018	2380	2569.6875	2740.9375	2925.875	3070	3253.3125	4786.125	4162.5625	cultivos
513955	558415	1483	1589	1786	1985.0625	2149.375	2312.9375	2310	2630.6875	4378.8125	4113	cultivos
513355	559175	1668	1852	1875	2388.875	3350.375	3694.4375	3871	4099.625	3982.5	2947.1875	cultivos
513675	558445	1803	2072	2492	2708.625	2885.4375	3097.4375	3235	3396.75	4637.375	4032.25	cultivos
512825	558275	1874	2184	2580	2908.6875	3145.5	3329.375	3430	3673.8125	4924.5	4170.625	cultivos
514095	558085	1482	1591	1804	1991.8125	2101.1875	2264.1875	2377	2582.5	4618	4353.4375	cultivos
516895	561765	1702	1960	2160	2763.0625	3363.25	3601.5625	3632	3963.6875	4691.25	3400.3125	cultivos
513795	557665	1654	1840	2144	2336	2532.75	2748.5625	3151	3206.25	4677.4375	4017.25	cultivos
517575	561745	1678	1998	2196	2769.875	3305.4375	3560	3662	3973.875	4721.375	3347.8125	cultivos
513855	558855	1594	1972	1908	2618.4375	3962.5	4361.1875	4548	4691.5	4374.375	3060	cultivos
513215	558035	1810	2058	2506	2827.1875	2983.25	3181.875	3288	3565.75	4929.625	4146	cultivos
512615	558905	1872	2116	2562	2853	3068.6875	3263.875	3376	3587.5625	4897.75	4110.75	cultivos
514725	559335	1522	1622	1858	2039.25	2200.3125	2389	2512	2731.125	4590.5625	4204.0625	cultivos
513145	557935	1817	2078	2508	2803.1875	2957.0625	3153.9375	3220	3516.625	4915.625	4190.375	cultivos
513905	558285	1478	1601	1796	1980.1875	2103.3125	2263.125	2367	2568.5	4619.1875	4394.9375	cultivos
514105	558625	1691	1899	2222	2496.25	2650.875	2817.25	2887	3137.25	4931.9375	4343.625	cultivos
513105	558795	2198	2658	3382	3759.4375	4107.5625	4367.25	4520	4840.25	5885.9375	4463.1875	cultivos
513065	559185	1892	2282	2760	3154.75	3819	4137.875	4240	4562	5203.3125	3872.3125	cultivos
512695	558315	1836	2198	2622	3064.4375	3578.9375	3853	4054	4277.9375	5212.625	3983.375	cultivos
517545	561595	1603	1920	1938	2670	3480.6875	3756.4375	3788	4160.5	4395.8125	3011.8125	cultivos
514285	557955	1592	1780	2084	2313.75	2437.875	2616	2746	2953.4375	4885.0625	4324.625	cultivos
513635	559005	1642	1830	2108	2509.9375	2967.8125	3227.8125	3413	3690.125	4845	3789.3125	cultivos
517855	561875	1570	1800	1982	2504.5	3020.875	3273	3320	3661.5625	4133.9375	2872.625	cultivos
514055	558345	1483	1600	1800	1961.125	2096.9375	2226.5	2354	2553	4478.375	4226	cultivos
513695	558815	1734	1928	2258	2510.1875	2678.1875	2867.9375	2965	3182.9375	4776.375	4187.875	cultivos
514285	558675	1692	1880	2224	2440.625	2611.4375	2785.375	2877	3088.625	4915.5	4365.6875	cultivos
516115	562145	1924	2224	2946	3416.4375	3709.6875	3998.5	4163	4517.625	5928.375	4367.0625	cultivos
517495	561655	1618	1918	1986	2652.125	3442.75	3687.4375	3667	4046.5625	4415.8125	3008	cultivos
513345	559075	1530	1736	1788	2406.75	3270.625	3632.1875	3790	4158.9375	4333.625	3147.3125	cultivos
514615	559725	1614	1792	2050	2360.3125	2666.375	2884.875	3111	3318.625	4900.375	4044.375	cultivos
513795	557735	1539	1670	1934	2151.5625	2339.875	2503.125	2666	2826.3125	4300.3125	3905.5625	cultivos
514265	558935	1720	1868	2058	2500.5625	3024.875	3306.4375	3535	3771.375	4651.4375	3529.5625	cultivos
513375	559425	1658	1828	2072	2365.4375	2621.375	2823.3125	3020	3233.3125	4804	4063.3125	cultivos
512985	559225	1848	2198	2574	3149.875	3700.5625	3969.5625	4044	4398.3125	5160.4375	3823.875	cultivos
513585	558335	1814	2050	2452	2734.25	2927.1875	3116.5	3253	3449.125	4885.375	4187.5625	cultivos
513865	559355	1590	1728	2048	2264.6875	2457.1875	2646.875	2878	3056.1875	5021.125	4325.1875	cultivos
514165	559345	1508	1600	1842	2055.125	2199.8125	2372.4375	2468	2719.6875	4679.875	4264.6875	cultivos
512825	559105	1687	1906	2208	2455.625	2630.375	2834.0625	2868	3118.125	4509.5	3899	cultivos
517825	561645	1628	1876	2206	2636.5625	3070.25	3308.5625	3234	3701.0625	4275.25	3053.25	cultivos
514265	559325	1524	1628	1840	2057.25	2208.1875	2376.4375	2523	2703.5	4656.125	4229.75	cultivos
514715	559385	1532	1652	1880	2069.0625	2259.5625	2438.8125	2615	2792	4562.6875	4107.375	cultivos
517115	562065	1723	2038	2176	2881.1875	3579.125	3790.8125	3897	4180.75	4867.625	3455	cultivos
513735	559065	1800	1982	2136	2632	3272	3530.25	3650	3963.5625	4345.4375	3221.0625	cultivos
514595	558205	1640	1785	2086	2312.0625	2477.3125	2635.125	2775	2970	4771.75	4264.875	cultivos
513145	558955	2066	2484	3102	3596.375	3964.5	4213.9375	4268	4695.5	5792	4416.0625	cultivos
513565	558045	1858	2122	2610	2828.375	3020	3212.875	3388	3573.8125	4849.1875	4157.5	cultivos
513835	559725	1556	1702	1813	2183	2762.25	3032.75	3054	3352.9375	4286.5	3479.625	cultivos
513985	557715	1592	1782	2082	2416.4375	2655.125	2905.625	3012	3369.75	5057.0625	4119.25	cultivos
512775	558645	1579	1764	1986	2244.125	2561.4375	2784.125	2685	3096.25	4321.625	3794.625	cultivos
517025	561745	1582	1861	2078	2623.75	3104.0625	3345.4375	3496	3768.375	4134.75	2917.0625	cultivos
516875	562035	1726	1968	2248	2730.5625	3196.25	3453.4375	3545	3837	4869.1875	3483.375	cultivos
513785	559635	1571	1691	1977	2188	2356.375	2556.0625	2674	2862.9375	4760.6875	4232.625	cultivos
514235	558145	1492	1590	1772	1951.0625	2069.875	2209.6875	2352	2515.5625	4534.375	4314.625	cultivos
513145	557825	1830	2132	2512	2914	3114.0625	3301.3125	3324	3669.9375	4969	4181.6875	cultivos
513105	557795	1814	2088	2466	2905.125	3100.625	3308.5625	3237	3673.1875	4959.9375	4109.25	cultivos
513785	559335	1638	1766	2086	2402.25	2617.625	2839.5625	2990	3314.75	5167.125	4289.3125	cultivos
514015	558835	1644	2007	2080	2785.625	3932.125	4264.25	4356	4657.9375	4595.125	3264.75	cultivos
517735	561715	1528	1786	1974	2445.25	2911.4375	3139.4375	3235	3527.4375	4099.5625	2855.875	cultivos
513685	558445	1794	2032	2438	2656.375	2830.3125	3063.8125	3172	3365.25	4594.125	4017.25	cultivos
512905	558315	1748	1966	2378	2684.875	2867.875	3041.25	3078	3374.3125	4696.9375	3992.1875	cultivos
513445	557885	1840	2082	2510	2816.6875	2971.75	3172.375	3285	3530	4827.1875	4092.75	cultivos
513745	558545	1681	1891	2194	2456.625	2620.9375	2789.75	2875	3105.9375	4743.75	4176.4375	cultivos
513655	559835	1651	1843	2096	2478.625	2804.9375	3019.375	3105	3402	4794.75	3896.6875	cultivos
513945	558755	1716	1926	2228	2515.75	2698.625	2859.5625	2960	3207	4934.75	4314.4375	cultivos
514285	559245	1656	1803	2098	2424.4375	2636	2843.5625	3078	3316.8125	5180.25	4258.625	cultivos
514335	559715	1483	1674	1772	2370.375	2919.8125	3230.75	3519	3633.0625	4580.625	3633.0625	cultivos
514685	559385	1520	1653	1880	2069.1875	2230.25	2415.75	2575	2773.875	4583.75	4128.6875	cultivos
513715	559735	1564	1704	1847	2156.9375	2637	2868.6875	2859	3210.25	4339.375	3609.9375	cultivos
513785	559435	1524	1639	1861	2071.0625	2214.1875	2382.25	2502	2708.3125	4719.75	4362.1875	cultivos
513685	559825	1666	1850	2170	2434.4375	2717	2921.875	2951	3309	4815.5	3948	cultivos
512775	558755	1560	1683	1924	2185.75	2353.375	2524.75	2500	2803.9375	4472.875	4049.5625	cultivos
513355	559315	1630	1808	1998	2369.0625	2958.375	3264.375	3466	3734.25	4467.1875	3570.3125	cultivos
513465	558735	1816	2082	2416	2701.6875	2868.75	3063.4375	3168	3386.5	4768.75	4107.6875	cultivos
514275	559745	1712	1908	2270	2495	2785.6875	3022.8125	3035	3398.9375	4745.5625	4023.0625	cultivos
513735	558735	1703	1918	2246	2513.0625	2688.5	2862.3125	2952	3164.3125	4781.9375	4250.125	cultivos
514025	559835	1888	2256	2598	2929.9375	3563.5625	3845	4100	4265.3125	5126.25	3808.5	cultivos
513515	559455	1530	1632	1860	2050.875	2226.25	2397.5	2510	2708.6875	4705.3125	4293.375	cultivos
513405	559915	1852	2224	2584	3110.375	3709.625	3954.6875	4024	4362.5	5191.25	3999.875	cultivos
514085	558335	1476	1586	1807	1983.0625	2089.125	2223.875	2352	2532.0625	4485.875	4227.0625	cultivos
514675	559375	1508	1636	1842	2058.6875	2236.75	2437.25	2553	2756.875	4579.75	4127.1875	cultivos
516135	562095	1918	2202	2912	3385.25	3633.875	3941.125	4133	4458.6875	5862.75	4306.875	cultivos
513795	558065	1471	1585	1818	2022.25	2157.125	2329.375	2427	2652.8125	4321.9375	3978.0625	cultivos
514185	559785	1764	2010	2340	2719.375	3018.5	3274.5	3634	3742.1875	5080.8125	4050	cultivos
513355	558175	1876	2090	2538	2782.375	2939.375	3158.0625	3338	3505.125	4785.375	4089.9375	cultivos
513015	558335	1744	1944	2310	2595.375	2882	3085.0625	3191	3430.75	4554.6875	3820.3125	cultivos
514385	558015	1650	1866	2184	2428	2594	2759.875	2845	3095.125	4934.875	4312.1875	cultivos
513705	557965	1552	1694	1998	2268.3125	2463	2644.8125	2776	3011.875	4583.75	3948.3125	cultivos
514545	558205	1628	1802	2140	2369.375	2548.4375	2712.75	2787	3065	4887.625	4327.75	cultivos
514245	559455	1526	1639	1835	2050.75	2193.9375	2372.3125	2480	2751.375	4691	4263.1875	cultivos
514335	559035	1778	1962	1976	2587.5	3527.375	3819.3125	3944	4199.4375	3985.875	2834.4375	cultivos
513455	558655	1748	1975	2284	2595.375	2751.375	2939.9375	3103	3282.25	4769.1875	4108.375	cultivos
512625	559155	1748	1958	2346	2649.75	2837.5625	3004.4375	3028	3380.5625	4906.375	4187.8125	cultivos
513865	559735	1502	1728	1800	2296.125	2932.75	3210.6875	3392	3617.3125	4279.9375	3364.125	cultivos
517025	562045	1549	1770	1884	2350.9375	3060.75	3397.875	3341	3782.625	3931.875	2711.125	cultivos
513395	558235	1818	2074	2464	2765	2948.875	3114.6875	3208	3463.25	4831.6875	4143.4375	cultivos
513205	557975	1870	2142	2580	2829.375	3005	3192.0625	3330	3531.1875	4940.375	4175.8125	cultivos
512855	558445	1896	2172	2522	2860.75	3119.5	3335.625	3447	3668.625	4841.5625	4105.9375	cultivos
513015	559285	1592	1788	2022	2383.9375	2763.4375	2924.9375	2971	3294.1875	4593.4375	3843.1875	cultivos
513515	558335	1744	1968	2274	2563.125	2743.75	2926.625	2990	3219.5	4803.1875	4228.4375	cultivos
514365	558945	1812	1978	2102	2517.1875	3230.25	3515.0625	3586	3946.25	4271.375	3147.0625	cultivos
513975	557815	1677	1890	2242	2571.9375	2840.0625	3073.1875	3314	3538.5625	5113.5625	4065.625	cultivos
513325	557725	1753	1986	2318	2633.0625	2796.625	2991.9375	3060	3348.875	4868.0625	4203.5625	cultivos
513345	558555	1824	1990	2350	2613.25	2831.125	3015.3125	3162	3352.1875	4670.8125	4066.5625	cultivos
513375	557685	1753	1990	2402	2643.125	2802	3005.4375	3148	3362.3125	4871.25	4168.5625	cultivos
517665	561555	1509	1754	1865	2423.9375	2983.5625	3232.75	3308	3598	3943.25	2713.625	cultivos
512785	558115	1890	2166	2562	2889.8125	3119.875	3313	3424	3661.1875	4880.25	4155.9375	cultivos
512665	559315	1954	2324	2846	3246.5625	3722.5625	4015.9375	4252	4512.6875	5086.375	3793.125	cultivos
514565	559395	1532	1676	1932	2133.625	2288.625	2475.5	2586	2809.125	4609.375	4207.9375	cultivos
513665	558675	1800	2000	2382	2609.8125	2771.6875	2969.125	3082	3276.6875	4778	4142.0625	cultivos
513495	559365	1689	1858	2186	2500.625	2792.125	3040.6875	3163	3501.375	5124.375	4113.9375	cultivos
516875	561945	1712	1982	2190	2753.125	3234.375	3478	3631	3861.875	4858.3125	3491.4375	cultivos
514065	558265	1487	1594	1812	1983.5625	2115.875	2263.125	2366	2578.8125	4551.4375	4294.8125	cultivos
513265	558035	1847	2134	2586	2866.6875	3046.125	3204.3125	3371	3597.25	4895.5	4096.4375	cultivos
512635	558425	1834	2222	2678	3095.125	3636.5	3933.5	4168	4356	5124.6875	3899.4375	cultivos
513805	558605	1672	1852	2142	2414.6875	2572.6875	2749.5625	2814	3049.5	4754.9375	4232.5625	cultivos
512905	558135	1792	2038	2438	2693.8125	2875.125	3074.4375	3168	3407.6875	4478.6875	3840.5	cultivos
512865	558495	1886	2114	2484	2767.625	3057.625	3262.3125	3374	3584.1875	4812	4108.4375	cultivos
513855	557935	1614	1762	2076	2350.1875	2529.0625	2744.9375	2908	3175.5625	4963	4125.1875	cultivos
513885	557965	1612	1775	2094	2386.1875	2553.4375	2778.875	2962	3221.6875	4915.375	4090.6875	cultivos
514465	557885	1522	1632	1820	2012.25	2186.8125	2322.1875	2428	2609.25	4299.9375	3975.75	cultivos
513815	558615	1678	1852	2162	2418.75	2566.375	2751.625	2820	3061.625	4751.625	4235.625	cultivos
513155	558235	1758	1972	2376	2593	2755.75	2941.8125	3056	3287.875	4551.9375	4007.25	cultivos
513555	559355	1666	1844	2136	2528.125	2805.5	3069.25	3208	3506.25	5112.625	4103.5	cultivos
513245	558215	1892	2120	2564	2784.9375	2954	3178.4375	3322	3497.0625	4774.75	4096.875	cultivos
513365	558455	1750	1942	2314	2553.1875	2711.75	2894.0625	3022	3228.875	4754.3125	4176.25	cultivos
516905	561805	1660	1968	2096	2641.25	3323.4375	3591.375	3837	3953.25	4552.375	3286.25	cultivos
516995	561685	1611	1906	2094	2502.9375	3263.3125	3596.5	3649	4003.3125	4029.75	2783.5625	cultivos
512845	559105	1795	2058	2434	2720	2856.8125	3049.4375	3171	3380.125	4782.875	4074.125	cultivos
514445	558155	1648	1836	2184	2442.75	2605.625	2775.75	2888	3112.625	4958.5	4334.8125	cultivos
514155	559275	1585	1758	2106	2406.9375	2630.5	2863.8125	3049	3304.375	5184.6875	4286.9375	cultivos
515965	557985	1692	1951	2292	2742.625	3266.5625	3567.4375	3646	3990.0625	4855.8125	3547.25	cultivos
513475	558805	1783	2006	2394	2671.0625	2846.3125	3018.375	3111	3369.25	4738.25	4089.75	cultivos
513795	558805	1691	1874	2188	2416.6875	2611.6875	2767.125	2858	3087.6875	4886.1875	4302.8125	cultivos
512635	558815	1831	2082	2488	2798.6875	3054.375	3252.125	3305	3584.75	4823.4375	4012.3125	cultivos
517065	562015	1527	1756	1872	2380.125	3129.1875	3428.8125	3406	3815.125	3991.75	2774.75	cultivos
512955	558095	1822	2052	2456	2726.9375	2922.875	3133.5625	3193	3464.125	4576.625	3884.5625	cultivos
513435	558705	1724	1940	2284	2576.875	2759.0625	2938.75	3043	3257.375	4786.4375	4126.75	cultivos
517035	562095	1549	1756	1935	2426.75	2888	3125.8125	3198	3526.75	4071.875	2866.625	cultivos
512845	559315	1576	1752	2012	2469.5	2770.5625	3031.625	2904	3453.4375	4745.0625	4033.125	cultivos
517935	561845	1557	1836	2030	2476.0625	2903.3125	3130.25	3285	3530.5625	4055.125	2841.5625	cultivos
513785	558285	1502	1626	1862	2036.4375	2176.9375	2362.5625	2479	2691.875	4393.9375	4092.5625	cultivos
517875	561505	1484	1702	1756	2407.75	3137.25	3411.375	3446	3839.375	3958.1875	2709.625	cultivos
514145	558125	1492	1608	1826	2012	2119.5	2273.75	2413	2588.875	4648.8125	4432.75	cultivos
513575	558405	1759	1980	2338	2599.3125	2776.625	2946	3059	3277.375	4712.3125	4070.75	cultivos
512535	558825	1830	2062	2506	2806.9375	3015.8125	3229	3278	3537.5	4733.8125	3953.4375	cultivos
513705	558615	1728	1936	2284	2543.5625	2732.0625	2895.25	3024	3227.8125	4787.375	4171.3125	cultivos
514665	558055	1679	1892	2188	2458.8125	2639.5	2811.6875	2963	3157.625	4775.375	4168.9375	cultivos
516905	561845	1706	1954	2200	2723.9375	3094.1875	3338.25	3401	3716.625	4741.875	3501.9375	cultivos
513615	558535	1738	1966	2294	2622.5	2816.1875	2993.5	2991	3329.75	4679.3125	4064.5	cultivos
517775	561645	1618	1860	2056	2558.25	3043.75	3320.125	3406	3681.6875	4175.375	2927	cultivos
515785	557895	1657	1958	2164	2625.375	3354.125	3666.875	3780	4019.75	4737.8125	3440.625	cultivos
513545	558815	1824	2050	2414	2678.6875	2864.5	3034.125	3137	3368.1875	4771.3125	4154.5625	cultivos
512865	557785	1786	2024	2428	2704.9375	2958.125	3184.625	3247	3506.9375	4481.625	3766.75	cultivos
517185	562005	1672	1992	2184	2791.875	3333.625	3636.125	3719	4087	4817.3125	3394.75	cultivos
514615	559185	1720	1896	2216	2594.4375	2858.0625	3097.4375	3330	3634.75	5341.375	4252.8125	cultivos
514415	558095	1674	1860	2188	2468.9375	2628.3125	2829.75	2899	3167.375	4936.25	4306.3125	cultivos
514345	558125	1628	1774	2114	2256.4375	2382.875	2555.4375	2741	2887.6875	4740.4375	4208	cultivos
517645	561895	1736	1946	2224	2758.5	3193.5	3436.375	3445	3822.25	4792.375	3536	cultivos
513655	558725	1792	2012	2392	2631.0625	2805.6875	2963.1875	3104	3313.125	4771.3125	4173.1875	cultivos
514115	559345	1514	1616	1858	2070.875	2209.1875	2383.8125	2500	2718.75	4713.3125	4297.25	cultivos
513795	557785	1556	1690	1932	2248.3125	2460.75	2659.625	2707	3058.8125	4630.875	4014.5	cultivos
513335	558385	1795	2020	2386	2666.625	2815	2993.1875	3082	3342.6875	4850.125	4211.5625	cultivos
513165	559065	2116	2538	3178	3577.0625	3982.5625	4238.9375	4384	4684.3125	5732.8125	4376.5	cultivos
514105	559435	1511	1628	1866	2067.9375	2191.25	2363.3125	2475	2726	4691.625	4310.75	cultivos
512605	558775	1876	2190	2614	2857	3075.8125	3264	3396	3613.5	4846.5	4042.8125	cultivos
513895	558835	1660	2000	2046	2628.25	3727.8125	4019.5625	4376	4427.5625	4561.5625	3369.625	cultivos
512995	559295	1554	1692	1910	2245.5	2580.75	2726.75	2581	3078.9375	4614.9375	4003	cultivos
513405	559245	1792	1956	2048	2581.5	3401.3125	3700.8125	3789	4111.1875	4124.375	3041.0625	cultivos
513995	558395	1480	1576	1786	1970.8125	2090.3125	2251.3125	2355	2545.25	4444.625	4201.125	cultivos
512855	558325	1900	2208	2614	2914.75	3152.3125	3353.3125	3469	3689.25	4915.8125	4146.4375	cultivos
514095	558105	1472	1594	1782	1973.25	2095.875	2252.9375	2361	2560.4375	4605.6875	4321.8125	cultivos
513545	558255	1810	2058	2424	2725.4375	2922.8125	3082.5625	3181	3419.6875	4874.1875	4188.8125	cultivos
513535	559185	1830	1990	2098	2671	3450.8125	3736.6875	3877	4124.6875	4146.9375	3025.9375	cultivos
517585	561735	1714	2001	2228	2809.375	3257.4375	3522.5	3610	3912.375	4757.375	3420.3125	cultivos
516955	562025	1540	1766	1811	2501.3125	3453.4375	3772.4375	3700	4165.125	4208	2880.375	cultivos
512815	558995	1656	1804	2072	2254.1875	2423.4375	2588.25	2680	2886	4273.1875	3819.25	cultivos
513655	558355	1806	2042	2500	2754.375	2953.8125	3114	3260	3465.1875	4835.1875	4137.5	cultivos
514075	559715	1528	1698	1864	2313.125	2920.6875	3172.4375	3382	3629.75	4418.75	3466.4375	cultivos
514165	558605	1690	1907	2212	2455.125	2605.5625	2762.3125	2896	3088.6875	4900.125	4339.4375	cultivos
513725	559065	1834	1986	2126	2613.25	3248.5625	3505.5625	3678	3956.6875	4370.75	3251.5	cultivos
513635	557885	1524	1689	1936	2176	2347.125	2531.9375	2669	2878.9375	4355.5625	4008.5	cultivos
514165	558265	1511	1592	1798	1977.625	2096.625	2254.6875	2371	2548.625	4510.75	4317.6875	cultivos
514075	558165	1498	1572	1782	1965.5	2071.375	2234	2350	2523.8125	4570.875	4351.5625	cultivos
517875	561455	1457	1686	1683	2347	3361.4375	3735.4375	3718	4096.875	3743.875	2694.6875	cultivos
514035	559105	1872	2024	2124	2715.5625	3499.625	3797.3125	3842	4194.5	4124.3125	2977.3125	cultivos
513875	558415	1504	1600	1802	1962.375	2105.125	2258.25	2342	2558.5625	4555.625	4327.4375	cultivos
513445	559545	1524	1642	1890	2076.5625	2230.875	2392.3125	2545	2772.8125	4636.75	4237.3125	cultivos
512695	559125	1742	1970	2324	2685.25	2883.375	3063.3125	3046	3395.8125	4784.125	4036.875	cultivos
513625	558565	1844	2032	2434	2719.375	2857.5	3041.4375	3150	3362.75	4794.8125	4129.6875	cultivos
514315	557915	1640	1830	2164	2382.1875	2538.25	2704.125	2838	3041.875	4926.75	4320.8125	cultivos
513845	559355	1610	1736	2040	2292.6875	2474.875	2686.125	2886	3099.75	5059.3125	4314.25	cultivos
517985	561815	1480	1702	1792	2288	2792.0625	3012.125	3156	3426.0625	3806.1875	2634.9375	cultivos
514185	559205	1654	1795	2144	2466.8125	2697.875	2954.9375	3164	3430	5236.5	4230.5625	cultivos
513985	558825	1666	2022	2098	2736.625	3848.625	4189.5625	4384	4554.3125	4607.75	3350.0625	cultivos
515765	557855	1702	1952	2266	2643.9375	3207.0625	3476.0625	3585	3917.375	4847	3614.3125	cultivos
514195	558325	1474	1590	1774	1946.9375	2084.0625	2227.375	2353	2496.25	4534.125	4291.3125	cultivos
514445	559045	1640	1832	1866	2461.25	3330.0625	3625.125	3861	4030.75	4117.5625	3076.1875	cultivos
513955	559095	1866	2028	2094	2647.625	3456.75	3721.9375	3917	4122	4116.1875	2953.3125	cultivos
515935	557915	1716	1976	2288	2680.9375	3249.625	3528.8125	3585	3974.0625	4803.75	3503.4375	cultivos
513495	559205	1753	1925	2004	2604.4375	3438.5	3719.0625	3909	4127.3125	4110.5	3024.375	cultivos
516925	561775	1648	1948	2034	2688.375	3372.9375	3661.25	3769	4006	4440.125	3193	cultivos
513655	558505	1817	2048	2318	2641.125	2870.375	3085.0625	3166	3358.625	4520.9375	3950.875	cultivos
514015	559445	1504	1618	1850	2025.4375	2165.9375	2342.875	2477	2681.1875	4690.8125	4317.1875	cultivos
514325	558175	1496	1580	1780	1930.1875	2049.3125	2192.5625	2326	2508.9375	4562.5625	4321.25	cultivos
513935	559325	1615	1778	2060	2370	2558.25	2753.375	2934	3216	5129.1875	4290.3125	cultivos
514675	559265	1538	1648	1892	2080.8125	2244.5	2430.0625	2604	2804.125	4603.9375	4179.4375	cultivos
513345	558825	1794	2046	2388	2683.25	2862.875	3031.625	3105	3353.1875	4911.3125	4239.25	cultivos
513875	559705	1496	1716	1745	2157.875	2731.6875	2983.0625	3113	3301	4288	3502.125	cultivos
513875	559275	1660	1832	2140	2468.375	2701.5	2952.4375	3124	3399.25	5178.6875	4223.4375	cultivos
513915	558325	1491	1619	1832	2010.75	2134.0625	2297.25	2406	2585.0625	4683.1875	4454.5625	cultivos
513885	559435	1487	1604	1828	2035.3125	2170.5625	2352.4375	2456	2678.875	4685.0625	4294.5	cultivos
514045	558975	1660	1838	2072	2564.75	3055.6875	3357.75	3468	3816	4730.3125	3610.125	cultivos
514385	559255	1652	1786	2100	2359.875	2556.0625	2763.3125	2974	3203.375	5075.9375	4273.25	cultivos
517635	561985	1686	1936	2142	2748.9375	3291.1875	3538.75	3585	3964.875	4758.5625	3391.3125	cultivos
517125	561645	1714	2018	2264	2818.5625	3400.625	3699.8125	3942	4150.625	4920.5625	3502	cultivos
513765	559055	1787	1968	2072	2604.75	3283.1875	3560	3709	3979.5625	4365.8125	3220.3125	cultivos
513215	557685	1841	2096	2492	2780.875	2958.6875	3149.625	3287	3513.125	4959.3125	4200.6875	cultivos
513945	558765	1726	1942	2260	2499.75	2681.875	2845.1875	3014	3198	4920.75	4303.3125	cultivos
513865	558145	1526	1622	1863	2081.0625	2204.0625	2376.1875	2526	2698.5	4235.6875	3934.9375	cultivos
512905	558125	1780	1999	2412	2692.5	2867.9375	3071.1875	3141	3393.125	4479.6875	3841.1875	cultivos
512935	558415	1749	1950	2350	2625.5	2823.8125	3014.5	3085	3335.1875	4578.375	3886.75	cultivos
514185	558545	1666	1849	2178	2410.6875	2547	2729.9375	2874	3066.4375	4861.1875	4329.5625	cultivos
513115	557925	1772	1963	2346	2651.375	2817.6875	3003.1875	3049	3349.875	4780.875	4134.375	cultivos
514545	558115	1688	1876	2220	2392.5	2548	2720.9375	2924	3050.875	4763.75	4231.5625	cultivos
513725	557695	1607	1770	2064	2490.3125	2727.0625	2940.6875	2936	3432.25	4823.375	3999.0625	cultivos
514415	558665	1636	1772	2064	2300.625	2485.8125	2618.9375	2718	2965.6875	4875.1875	4367.25	cultivos
513775	559895	1778	2140	2468	2998.9375	3579.625	3834.875	3994	4251.75	5027.5625	3847.25	cultivos
513315	558425	1780	1952	2336	2595	2755.3125	2947.25	3067	3264.0625	4827.5	4262.8125	cultivos
512725	559235	1966	2360	2824	3314.875	3785.625	4048.375	4168	4497.9375	5413	4046.125	cultivos
513905	559215	1603	1786	2070	2452.5625	2779.4375	3015.8125	3154	3488.5	5027.0625	3985.6875	cultivos
514175	558025	1516	1615	1858	2023.5625	2155.25	2320.375	2440	2648.4375	4683.3125	4421.8125	cultivos
517465	561475	1621	1866	2008	2581.6875	3188.5625	3432.875	3545	3847.0625	4593.375	3207.3125	cultivos
513535	559455	1514	1630	1850	2043.8125	2205.9375	2364.4375	2476	2699.0625	4683.1875	4300.375	cultivos
514085	558675	1794	2015	2340	2506.9375	2662.625	2814.8125	3020	3137.5	4909.375	4334.8125	cultivos
514065	559475	1508	1600	1840	2037.3125	2213.8125	2403.875	2496	2742.6875	4599.0625	4169.6875	cultivos
514125	558675	1742	1894	2250	2480.125	2630.875	2779.25	2908	3119.875	4928.1875	4354.1875	cultivos
512815	558935	1758	1986	2338	2484.4375	2701.125	2881.125	3058	3175.125	4556.6875	3998.625	cultivos
513645	559145	1741	1896	2020	2524.6875	3147.75	3445.625	3495	3843.4375	4241.5	3248.25	cultivos
517185	561765	1615	1867	2030	2577	3100.25	3317.875	3423	3691.4375	4557.75	3235.3125	cultivos
514075	558905	1625	1792	2058	2492.5	2899.25	3175	3240	3654.625	4883.5	3809.6875	cultivos
513555	558535	1778	2000	2352	2647.75	2824.375	3035.25	3116	3338.875	4598.8125	4005.4375	cultivos
513515	558045	1819	2058	2500	2805.375	2987.5	3142.375	3264	3530.875	4836.3125	4131.3125	cultivos
512785	558385	1773	1996	2344	2603.6875	2836.0625	3005.875	3141	3321.625	4495.8125	3812.5	cultivos
513805	559065	1948	2104	2214	2677.75	3323.5	3615.1875	3701	3962.4375	4242.75	3149.125	cultivos
513935	557685	1690	1880	2198	2514.875	2762.5625	3007.3125	3289	3481.3125	5076.5	4137.5625	cultivos
512905	558035	1796	2036	2434	2743.0625	2920.3125	3126.5625	3228	3469.875	4528	3854.875	cultivos
513065	557725	1822	2110	2554	2810.9375	3023.75	3235.1875	3390	3576.625	4819.625	4055.3125	cultivos
513805	559715	1497	1684	1749	2176.6875	2706.4375	2918.9375	2984	3263.6875	4370.4375	3591.25	cultivos
515835	557905	1680	1939	2150	2609.9375	3301.625	3622.125	3718	4002.0625	4754.25	3457.6875	cultivos
513615	559775	1530	1716	1936	2351.6875	2831.125	3104.9375	3332	3544.4375	4534.25	3625.6875	cultivos
513865	558535	1639	1840	2152	2370.75	2524.3125	2692.875	2818	3025.5	4768.9375	4239.1875	cultivos
517675	561645	1586	1852	2082	2563.4375	2991.25	3243.6875	3335	3648.9375	4249.3125	2973.1875	cultivos
514035	558655	1744	1999	2308	2512.375	2644.5625	2823	2989	3129.4375	4879.0625	4321.125	cultivos
513855	558995	1614	1772	1964	2503.1875	3046.4375	3326.125	3518	3797.625	4797.75	3623.9375	cultivos
513215	557675	1824	2076	2476	2774.625	2956.0625	3153.375	3314	3530.375	4952.9375	4193.0625	cultivos
513535	558705	1764	1960	2308	2585.875	2760.8125	2948.125	3018	3259.3125	4603.8125	4008.8125	cultivos
513785	557995	1543	1650	1910	2125.75	2260.3125	2449.4375	2584	2765.25	4361.375	3945.375	cultivos
513195	557925	1842	2122	2498	2840.4375	2999.0625	3182.9375	3255	3560.625	4961.25	4211.625	cultivos
513435	557995	1860	2090	2532	2828	2997.625	3182.25	3295	3551.125	4809.25	4081.9375	cultivos
513885	557635	1519	1665	1903	2111	2297.875	2474.75	2643	2840.1875	4358.5625	4007.625	cultivos
513275	558525	1766	1990	2354	2615.3125	2774.875	2952.1875	3018	3301.5625	4804.75	4243.375	cultivos
513715	558685	1697	1908	2234	2511.25	2669.5625	2834.25	2884	3151.375	4709.375	4164.9375	cultivos
514495	557905	1535	1642	1828	2024.625	2215.25	2375.375	2511	2692.75	4258.5	3906.875	cultivos
513515	559415	1634	1790	2042	2369.625	2613	2836.875	2948	3250.875	5009.8125	4227.625	cultivos
517905	561645	1552	1841	1938	2540	3283.625	3591.875	3623	3996	4217.25	2929.625	cultivos
513965	558395	1494	1560	1766	1920.6875	2050.8125	2221.9375	2295	2490.1875	4426.625	4198.75	cultivos
513965	557885	1576	1730	1986	2274.3125	2475.5625	2694	2897	3096.8125	4872.4375	4059.4375	cultivos
514315	559335	1483	1608	1840	2039.1875	2189.1875	2355.1875	2501	2725.875	4637.625	4260.3125	cultivos
512395	559405	1839	2074	2428	2718.375	2969.5	3143.9375	3103	3364.4375	4283.75	3765.8125	cultivos
513055	557705	1764	1998	2388	2621.375	2812.0625	3032.8125	3236	3362.625	4604	3952.3125	cultivos
513485	558695	1758	1984	2356	2631.25	2813.6875	2994.875	3115	3323.125	4742.8125	4091.5625	cultivos
514105	558255	1470	1590	1794	1959.0625	2081.3125	2244.4375	2337	2525.875	4470.8125	4232.8125	cultivos
514605	558225	1692	1854	2208	2320.9375	2490.1875	2647.4375	2952	2993.3125	4792.6875	4250.1875	cultivos
514355	558645	1618	1795	2074	2341.5625	2478.25	2677.125	2746	2996.9375	4909.8125	4407.0625	cultivos
515825	557815	1650	1903	2126	2577.125	3262.875	3575.1875	3624	3973	4709.6875	3436.5	cultivos
513725	558535	1744	1951	2310	2520.3125	2700.4375	2868.9375	2994	3181.4375	4763.5625	4168.875	cultivos
517175	561965	1598	1900	2020	2764.6875	3379.5625	3705	3664	4114.125	4698.1875	3339.75	cultivos
513565	559005	1586	1772	1930	2497	3195.875	3526.125	3648	4010.1875	4613.875	3390.5625	cultivos
513445	557905	1850	2058	2494	2802.5	2936.75	3161.5625	3214	3497.375	4798.25	4090.25	cultivos
513565	559805	1570	1810	2006	2417.625	2846.3125	3070.9375	3395	3478	4657.5625	3801.6875	cultivos
514275	559315	1520	1630	1872	2067.5625	2217	2401.1875	2507	2714	4665.3125	4217	cultivos
513985	559335	1602	1735	2026	2264.375	2439.9375	2652.0625	2887	3060.25	5025.5625	4325.3125	cultivos
514595	558135	1566	1678	1874	2048	2223.9375	2389.375	2498	2715.4375	4387.375	4082.1875	cultivos
513795	558815	1648	1843	2116	2394.25	2621.5	2801.4375	2795	3112.375	4844.375	4234.75	cultivos
513965	559375	1507	1602	1822	2022.1875	2162.9375	2329.5	2448	2683.75	4704.0625	4334.0625	cultivos
513665	558295	1736	1966	2296	2602.9375	2754.375	2971.625	3032	3273.9375	4759.6875	4154.3125	cultivos
514355	559145	1626	1803	2064	2467.8125	2776.125	3038.4375	3193	3519.875	5090.1875	4006.9375	cultivos
513475	558365	1724	1908	2252	2521.125	2662.75	2849.125	2923	3198.9375	4828.3125	4295.0625	cultivos
513825	559095	1896	2048	2174	2686.0625	3306.75	3540.5625	3646	3951.0625	4259.5	3196.4375	cultivos
513585	558365	1784	2036	2382	2714.75	2909	3085.1875	3135	3427.375	4855.75	4142	cultivos
512645	558925	1816	2032	2412	2783.8125	2946.9375	3148.375	3178	3486.125	4863.625	4090.1875	cultivos
517805	561675	1597	1900	2088	2594.125	3143.9375	3434.625	3627	3869.875	4209.625	2923.375	cultivos
513285	558435	1782	1982	2378	2604.75	2775.125	2961.25	3098	3263.125	4846.5625	4251.5	cultivos
514515	559325	1527	1656	1904	2132.4375	2294.0625	2483.0625	2653	2878.0625	4521.375	4090.8125	cultivos
513945	559805	1631	1854	2092	2509.25	2811.125	3058.375	3099	3495.3125	4864.25	3971.375	cultivos
514085	558215	1504	1600	1810	1988.6875	2101.0625	2265.625	2397	2561.875	4572	4325.1875	cultivos
513835	559985	1722	1924	2292	2536.5625	2927.8125	3176.125	3141	3618.125	4507.125	3729.3125	cultivos
517655	561525	1446	1753	1772	2416.5625	3079.4375	3352.5	3397	3723.4375	3844.5625	2618.1875	cultivos
514145	558365	1493	1616	1813	1969.875	2090	2245.625	2384	2556.1875	4466.75	4240.9375	cultivos
517935	561645	1544	1822	1867	2436.75	3412.0625	3829.8125	3976	4269.5625	4218.875	2937.875	cultivos
513255	558775	1686	1888	2210	2470.6875	2636.3125	2802.5	2932	3129.3125	4732.75	4142.75	cultivos
512855	559085	1867	2136	2534	2754.6875	2990.4375	3186.1875	3389	3552.1875	4747.125	4018.25	cultivos
514155	558795	1744	2068	2178	2796.5	3829.3125	4169.8125	4311	4544.125	4685.4375	3386.875	cultivos
513835	558765	1702	1938	2240	2490.8125	2669.5	2851.375	2922	3151.75	4886.5625	4320.125	cultivos
517765	561525	1552	1828	1920	2563.5625	3226.5	3464.75	3627	3851.0625	4015.375	2761.25	cultivos
514555	558205	1650	1834	2160	2384.625	2568.25	2733.4375	2833	3076.4375	4901	4328.625	cultivos
517775	561665	1571	1846	2042	2519.5	3008.5625	3270.1875	3340	3669.8125	4176.75	2936.125	cultivos
513445	558745	1766	2009	2344	2611.125	2787.1875	2958.0625	3070	3306.375	4760.1875	4155.625	cultivos
517145	561615	1957	2288	2720	2857.625	3503.5625	3799.5625	4156	4275.5	4920.1875	3582.1875	cultivos
514285	559735	1658	1862	2146	2401	2844.6875	3125.8125	3149	3474.4375	4604.0625	3825.0625	cultivos
513115	558645	2184	2630	3290	3726	4058.125	4328.5	4520	4768.375	5810.8125	4438.5	cultivos
512655	558475	1884	2286	2732	3183.3125	3785.3125	4092.4375	4195	4543.75	5295.875	3974	cultivos
516965	562095	1642	1897	2078	2730.1875	3239.75	3492.625	3514	3864.1875	4683.8125	3283.875	cultivos
512875	558475	1856	2114	2492	2810.875	3041.125	3253.875	3348	3586.4375	4897.625	4194.5625	cultivos
513935	558425	1483	1589	1778	2051.375	2295.875	2442.625	2350	2728.875	4367.1875	4070.3125	cultivos
514005	558495	1697	1876	2208	2430.5	2572.6875	2749.875	2848	3032.0625	4841.4375	4272	cultivos
513485	558505	1787	2002	2366	2606.375	2769.6875	2982.25	3104	3295.1875	4696.5	4143.4375	cultivos
512405	559415	1852	2068	2434	2648.1875	2874.75	3071.6875	3073	3278.75	4194.875	3728.25	cultivos
513915	558295	1496	1597	1807	1988.25	2105.5625	2278.3125	2375	2562.9375	4649.25	4426.625	cultivos
516005	557875	1682	1952	2388	2796.8125	3206.625	3505	3552	3939.9375	5078.9375	3739.25	cultivos
514005	559255	1642	1818	2116	2450	2680.5	2918.0625	3088	3399.4375	5188.6875	4217.5625	cultivos
513065	558605	2224	2656	3374	3771.6875	4055.25	4376.875	4508	4794.75	5891.875	4518.6875	cultivos
513475	558045	1822	2064	2512	2790.25	2947.75	3166.125	3229	3520.875	4813.25	4108.75	cultivos
514335	558555	1689	1936	2248	2518.8125	2671.9375	2817.625	2882	3122.25	4903.6875	4328.0625	cultivos
516995	561645	1346	1599	1461	2107.4375	3510	3967.75	4108	4405.875	3507.0625	2308	cultivos
516825	562145	1634	1864	2078	2524.3125	3063.25	3310.8125	3412	3720.4375	4560.4375	3192.0625	cultivos
513705	559015	1641	1802	2004	2521.375	3079.75	3388.5625	3482	3878.3125	4830.3125	3646.875	cultivos
514465	557965	1706	1893	2278	2405.625	2564.375	2730.5625	3001	3096.875	4816.875	4255.75	cultivos
514505	558285	1668	1820	2132	2350.25	2528.0625	2673.75	2807	3006	4912.1875	4329.625	cultivos
514235	558295	1497	1604	1786	1947.4375	2089.9375	2243.625	2350	2547.4375	4617.125	4409.375	cultivos
517145	561655	1646	1871	2090	2655	3104.375	3376.625	3389	3818.6875	4852.0625	3429.625	cultivos
513765	558215	1572	1700	1963	2097.8125	2256.4375	2406.6875	2560	2725.25	4083.1875	3785.1875	cultivos
514045	557805	1614	1804	2132	2438.625	2690.875	2920.4375	3094	3359.25	4979.25	4030	cultivos
514375	558745	1714	2052	2250	2779.625	3661.5	3926.375	4075	4331.75	4792.25	3528	cultivos
514375	558125	1698	1890	2260	2484.75	2623.5	2802.5	2969	3130.375	4896.8125	4254.5625	cultivos
517805	561695	1536	1802	1983	2521.5625	3098.5625	3411.3125	3655	3824.1875	4123.3125	2854.375	cultivos
513825	558145	1522	1636	1886	2094.75	2210.6875	2375.875	2504	2688.125	4194.125	3860.125	cultivos
514495	559325	1536	1648	1897	2148.5625	2306.875	2493.125	2684	2885.0625	4457.8125	4000.875	cultivos
514775	558265	1618	1790	2080	2318.6875	2503.6875	2706.875	2830	3059.875	4708.1875	4114.1875	cultivos
514135	558935	1642	1795	2036	2473.5625	2885.5	3155.875	3290	3601.5625	4810.5	3807.4375	cultivos
513655	558315	1778	1996	2362	2602.3125	2764.375	2979.1875	3070	3284.8125	4774.5625	4149.25	cultivos
516995	562005	1494	1735	1836	2421.75	3186.1875	3491.6875	3394	3888.25	3987.5625	2714.9375	cultivos
513485	558135	1817	2086	2516	2772.4375	2940.125	3125.5625	3232	3465.0625	4828.4375	4130.0625	cultivos
513925	559115	1863	2032	2150	2679.1875	3433.8125	3677.8125	3742	4060.125	4175.1875	3024.8125	cultivos
514235	559295	1625	1785	2058	2256	2428.5	2641.75	2805	3039.3125	4946.75	4290.6875	cultivos
514145	559105	1726	1954	1964	2563.375	3455.8125	3734.1875	3906	4122.125	4089.25	2953.625	cultivos
513935	559935	1783	2056	2464	2760.3125	2964.8125	3200.0625	3288	3502.1875	4671.4375	3873.3125	cultivos
513955	559315	1629	1778	2086	2379.875	2575.1875	2790.625	2934	3242.25	5137.375	4271.875	cultivos
514225	559365	1495	1615	1844	2050.875	2202	2376.3125	2532	2727.5625	4700.25	4307.4375	cultivos
513905	559735	1502	1701	1831	2306.375	2960.375	3230.125	3491	3637.4375	4343.625	3442.875	cultivos
513975	557575	1559	1686	1916	2136.6875	2355.6875	2559.0625	2682	2900.625	4476.375	4000.75	cultivos
515895	557785	1607	1860	2088	2555.6875	3180.3125	3470.875	3557	3870	4564.4375	3396.8125	cultivos
513485	558635	1734	1956	2312	2587.625	2782.875	2986.625	3089	3268.8125	4728	4079.5625	cultivos
513635	558315	1798	2036	2404	2698.5	2841.8125	3062.75	3110	3383.5625	4841.5	4177.5	cultivos
513545	558065	1824	2088	2476	2816.1875	3005.625	3190.8125	3230	3500.6875	4873.1875	4171.375	cultivos
513575	559235	1750	1926	1974	2540.6875	3406.5	3741.4375	3989	4138.8125	4189.125	3101.125	cultivos
512665	558305	1852	2220	2650	3178.8125	3745.75	4045.1875	4143	4489.6875	5306.1875	3957.125	cultivos
513395	557985	1792	2021	2406	2675.25	2843.125	3018.3125	3116	3375.3125	4768.0625	4120.8125	cultivos
513795	557765	1506	1664	1914	2155.875	2309.875	2510.25	2637	2864.5625	4410	3961.8125	cultivos
513915	559085	1869	2046	2188	2668.9375	3279.25	3536.5	3607	3950.9375	4268.5625	3175.5	cultivos
513455	559375	1684	1810	2132	2468.5625	2721.75	2966.1875	3160	3429.4375	5172.5625	4170.875	cultivos
516885	561815	1702	1952	2148	2628.25	3311.8125	3630.625	3555	3932.25	4620.0625	3378.1875	cultivos
513165	558935	2160	2562	3160	3637.375	4025.75	4291.3125	4420	4741.0625	5800.8125	4459.25	cultivos
512885	558035	1798	2015	2462	2733.375	2902.9375	3100.1875	3187	3436.1875	4521.625	3838.5	cultivos
513385	559115	1596	1804	1864	2462.8125	3352.5	3671.4375	3823	4165.4375	4276.125	3084	cultivos
517025	561855	1534	1750	1935	2411.9375	2882.4375	3128.875	3286	3566.75	4069.875	2836.5	cultivos
513605	559035	1634	1808	2015	2522.125	3043.1875	3348.8125	3468	3874	4788.25	3633.125	cultivos
513985	558565	1668	1856	2164	2433.8125	2614.5	2793.375	2897	3103.5625	4871.75	4263.875	cultivos
517895	561625	1626	1924	2182	2606.1875	3115.75	3390.8125	3502	3821.1875	4279.375	3022.3125	cultivos
513385	558055	1886	2156	2664	2969.5625	3124.75	3339.8125	3415	3647.4375	4886.625	4123.375	cultivos
517835	561765	1488	1717	1924	2388.375	2861.5625	3144.0625	3505	3577.25	3900.75	2704	cultivos
514315	558955	1881	2030	2166	2603	3258.3125	3507.125	3571	3941.125	4278.375	3142.0625	cultivos
514085	558235	1479	1593	1799	1984.125	2094.5	2270.25	2394	2555.5	4542.5625	4287.875	cultivos
513415	558375	1725	1920	2298	2580.8125	2745.25	2932.9375	2964	3272.5	4836.625	4243.4375	cultivos
513815	558755	1712	1942	2282	2514.1875	2685.875	2825.5	2926	3154.3125	4875.0625	4310.5625	cultivos
514085	558115	1472	1568	1786	1969.6875	2094.3125	2250.0625	2361	2553.25	4580.8125	4297.75	cultivos
514315	558945	1808	1961	2082	2565.75	3205	3456.0625	3633	3896.5625	4375.125	3237.3125	cultivos
513215	557695	1830	2064	2460	2774.25	2947.125	3139.375	3277	3497.875	4950.5	4206.5625	cultivos
513475	559035	1595	1805	1938	2509.0625	3298.3125	3607.8125	3796	4128.375	4525.375	3288.375	cultivos
513385	559255	1716	1878	1939	2482.3125	3335.75	3637.5625	3776	4029.5625	4117.0625	3055.375	cultivos
514295	558655	1710	1902	2232	2447.0625	2622.375	2766.4375	2901	3102.75	4903.125	4354.8125	cultivos
514065	559615	1628	1862	2158	2313.25	2550.1875	2727.1875	3039	3087.75	4764.0625	4139.375	cultivos
512945	559255	1800	2118	2438	3048.3125	3615.9375	3865.125	3984	4333.8125	5011.8125	3685.1875	cultivos
514405	558015	1728	1960	2272	2515.6875	2680.0625	2826.375	2992	3159.75	4914.125	4283.5	cultivos
513925	559875	1736	2086	2312	2876.5	3621.8125	3904.0625	4085	4298.5625	4725.3125	3512.625	cultivos
517125	562025	1628	1986	2062	2726.375	3540.5	3861.0625	4068	4299.625	4567.0625	3230.0625	cultivos
512615	559345	1733	2038	2350	2699.0625	3127.9375	3329.4375	3614	3696	4766.375	3813.9375	cultivos
513845	557755	1620	1764	2062	2297.3125	2506.5	2749.8125	2948	3146.25	4802.3125	4064.375	cultivos
513505	557975	1842	2118	2576	2870.125	3033.1875	3222.625	3322	3558.375	4804.5625	4085.625	cultivos
514465	559035	1700	1832	1915	2445.0625	3292.875	3609.1875	3709	4020	4099.0625	3055.875	cultivos
513265	557805	1828	2104	2538	2708.8125	2877	3084.125	3329	3426.8125	4894.5625	4204.25	cultivos
513555	559775	1516	1698	1832	2272.0625	2823.1875	3094.5	3280	3463.5	4380.125	3520.375	cultivos
517715	561585	1624	1849	2084	2516.6875	2959.8125	3208.875	3335	3592.0625	4215.5625	2960.0625	cultivos
514375	558875	1642	1810	2034	2481	2993.75	3239.0625	3445	3747.25	4828.0625	3696.25	cultivos
513325	558725	1763	2010	2352	2606.1875	2811.6875	2973.5625	3086	3312.125	4827.25	4144.6875	cultivos
513545	558015	1840	2046	2454	2809.5	3007.9375	3186.625	3211	3526.9375	4773.125	4107.125	cultivos
513215	557805	1768	2024	2368	2644.75	2829.8125	2988.6875	3086	3353.5	4859.6875	4218.9375	cultivos
514255	559685	1512	1722	1727	2244.9375	3060.4375	3395.875	3437	3765.125	4131.5625	3153.5625	cultivos
517895	561755	1492	1701	1857	2393.75	2917.25	3180.875	3202	3524.375	3970.5625	2759.0625	cultivos
513735	557895	1616	1820	2114	2445.875	2676.6875	2903.625	3088	3340.3125	4961.25	4055.0625	cultivos
512695	558805	1918	2278	2644	3107.6875	3957.8125	4244.875	4204	4612.8125	4957.5625	3686.875	cultivos
513865	559935	1720	1941	2328	2554.4375	2758.3125	2923.6875	3109	3323.1875	4800.9375	4093.0625	cultivos
514185	558025	1520	1631	1867	2029.1875	2162.75	2322.125	2494	2648.8125	4668.4375	4431.4375	cultivos
512625	559015	1854	2106	2550	2822.5	3024.125	3197.25	3298	3564.5	4891.4375	4118.75	cultivos
512875	557985	1762	2007	2416	2669.875	2875.0625	3058.625	3200	3410.8125	4476.875	3815.75	cultivos
513585	558445	1802	2034	2446	2716.6875	2858	3064.25	3216	3376.375	4706.0625	4062.125	cultivos
514545	558295	1598	1745	2028	2286	2459.6875	2665.0625	2726	2989.1875	4805.75	4226.3125	cultivos
513335	558765	1764	1962	2278	2589.5	2752.8125	2936	2994	3253.4375	4804.375	4152.6875	cultivos
517705	561645	1672	1974	2230	2653.4375	3109.9375	3417.3125	3510	3825	4256.0625	2981.8125	cultivos
517725	561655	1554	1858	1925	2603.375	3197.6875	3453.4375	3547	3849.1875	4181.1875	2883.0625	cultivos
512985	558095	1879	2206	2548	2964.3125	3533.5625	3808.1875	4124	4154.6875	4930.25	3880.4375	cultivos
513205	558355	1800	2002	2458	2704.125	2833.125	3013.0625	3162	3382.4375	4693.8125	4106.625	cultivos
512765	558435	1746	1968	2306	2566.75	2797.3125	2969.4375	3099	3310.5625	4547.3125	3844	cultivos
513295	558975	1604	1918	1871	2674.375	4156.375	4587.5	4854	4895.75	4600.0625	3331.5625	cultivos
512775	558445	1742	1964	2334	2559.25	2780.5	2956.125	3071	3270.8125	4489.75	3800.6875	cultivos
512525	558865	1821	2058	2516	2794.9375	2998.25	3190.3125	3323	3532.5	4753.5625	3981.5625	cultivos
513675	559495	1540	1626	1878	2060.1875	2216.1875	2373.1875	2484	2701.1875	4685.5	4383	cultivos
512815	559055	1646	1838	2104	2367.1875	2548.5625	2707.25	2736	2993.1875	4376.1875	3859.4375	cultivos
512575	558755	1834	2100	2534	2808.8125	3001.75	3215.4375	3344	3554.6875	4764.75	4010.625	cultivos
516885	561805	1628	1904	2004	2630.625	3381.9375	3715.25	3656	3996.25	4588	3352.375	cultivos
512895	557835	1844	2090	2532	2806.6875	3019.3125	3210.6875	3230	3501.8125	4532.3125	3820.3125	cultivos
514115	558225	1482	1598	1798	1969	2096.25	2246.0625	2365	2539.3125	4515	4272.8125	cultivos
514195	559255	1684	1886	2162	2475.75	2672.9375	2930.8125	3111	3392.625	5233.0625	4280.4375	cultivos
514175	558135	1508	1626	1840	2001.625	2135	2282.75	2435	2599.625	4624.625	4433.625	cultivos
513485	558605	1753	1978	2344	2612.8125	2760.125	2953.75	3055	3281.1875	4723.4375	4102.6875	cultivos
512885	557885	1806	2084	2498	2731.1875	2956.125	3138.875	3279	3457.0625	4457.875	3772.125	cultivos
514205	559185	1634	1814	2132	2457.1875	2719.3125	2965.9375	3149	3443.8125	5172.1875	4149.5	cultivos
514735	558125	1656	1831	2204	2448.0625	2628.875	2808.75	2865	3172.375	4881.375	4206.5	cultivos
512845	558985	1590	1772	2022	2305.875	2539.6875	2730.125	2664	3021	4244.9375	3746.1875	cultivos
513385	558045	1877	2134	2600	2942.8125	3092.8125	3312.4375	3344	3628.3125	4866	4115.8125	cultivos
513565	559155	1885	2046	2156	2690.875	3467.125	3727.875	3835	4104.25	4127.625	2999.3125	cultivos
513885	558175	1522	1646	1876	2052.375	2185.625	2352.0625	2484	2663.6875	4497.625	4211.125	cultivos
513255	558565	1716	1906	2234	2473.375	2706.9375	2856.5	2924	3220	4669.375	4121.625	cultivos
513785	559005	1614	1786	1978	2505.5625	3057.6875	3346.9375	3495	3860.4375	4836.125	3626.25	cultivos
512715	558065	1752	2006	2372	2646	2940.375	3148.1875	3247	3478.6875	4593.4375	3846.3125	cultivos
513605	558275	1740	1951	2332	2649.5	2793.1875	2984.6875	3009	3315.6875	4858.5	4221.9375	cultivos
513745	557985	1498	1637	1865	2103.3125	2265.375	2443.9375	2543	2770.3125	4461.5625	4017.75	cultivos
513035	558315	1656	1853	2226	2465.1875	2802.5625	3017.25	3126	3404.75	4574.9375	3766.1875	cultivos
513765	559725	1540	1709	1792	2136.9375	2664.75	2853.75	2968	3193.8125	4335.3125	3604.6875	cultivos
513935	557635	1518	1677	1890	2156.375	2354.625	2556.5	2626	2923.1875	4533.875	4026.75	cultivos
514405	559335	1544	1634	1870	2078.375	2235.375	2414.0625	2579	2792.3125	4530.5	4073.5625	cultivos
513155	558125	1858	2132	2562	2793.5625	2965.9375	3191.75	3332	3560.0625	4844.4375	4132.5625	cultivos
513945	558825	1718	2036	2140	2690.75	3645.75	3980.8125	4225	4343.5	4652.6875	3476.75	cultivos
513615	558115	1800	2016	2400	2660.5625	2812.125	3009.25	3159	3337.8125	4753.5625	4152.4375	cultivos
512645	558895	1822	2100	2534	2822.625	2993.4375	3195.4375	3283	3535.625	4923.625	4119.625	cultivos
512655	558405	1874	2250	2722	3233.25	3786.3125	4113	4220	4536.5	5329.4375	3945.875	cultivos
513195	558455	1746	1932	2308	2550.3125	2730.375	2925.25	3001	3268.875	4760.875	4148.5	cultivos
517745	561585	1626	1903	2166	2501.875	2904.5	3135.5625	3300	3541.0625	4209.9375	2974.6875	cultivos
514055	559285	1622	1763	2126	2418.75	2639.125	2863	3021	3329.25	5154.875	4246	cultivos
513205	558275	1794	1988	2382	2667.4375	2817.6875	3005.1875	3114	3332.625	4709.5625	4113.4375	cultivos
513815	559345	1636	1782	2080	2371.4375	2560.75	2791.3125	3005	3231.5	5137.625	4321.125	cultivos
513505	559745	1544	1730	1850	2189.625	2566.125	2811.1875	2926	3116.125	4452.4375	3768.9375	cultivos
513355	559355	1670	1833	2128	2392.75	2693.6875	2922.9375	3160	3328.125	4612.8125	3819.3125	cultivos
514105	558545	1670	1862	2166	2421.3125	2616.6875	2770.9375	2896	3096.875	4859	4272.75	cultivos
514085	558225	1491	1593	1808	1988.0625	2096.6875	2271.875	2371	2559.125	4558	4305.0625	cultivos
512605	558195	1826	2178	2514	3068.75	3730.8125	4072	4145	4512.75	5132.25	3752.8125	cultivos
513165	558305	1746	1920	2278	2549.0625	2719.75	2868.3125	2950	3231.8125	4597	4052.4375	cultivos
515905	557855	1727	1976	2274	2687.25	3230.125	3516.625	3562	3882.75	4822.1875	3560.125	cultivos
514465	558725	1677	1968	2158	2583.8125	3397.9375	3685.25	4044	4046.3125	4855.1875	3800.8125	cultivos
513695	558645	1758	1976	2334	2582.5625	2781.375	2924.5	3047	3286.25	4815.1875	4164.25	cultivos
514265	559395	1546	1628	1866	2045.5	2190.1875	2366	2485	2684.875	4708.25	4380	cultivos
513555	559325	1683	1872	2170	2548.0625	2823.75	3090.3125	3239	3562.75	5130.9375	4095.4375	cultivos
514525	558285	1591	1782	2086	2307	2487.6875	2658.125	2798	2990.1875	4883.25	4315.5625	cultivos
512625	559335	1774	2126	2462	2890.0625	3371.9375	3595.4375	3978	4068.5	4881.375	3765.4375	cultivos
514175	557995	1489	1609	1808	2006.125	2138.5625	2324.875	2462	2646	4712.1875	4424.25	cultivos
513905	558845	1680	2066	2088	2708.75	3947.3125	4302.5625	4461	4684.0625	4516.5625	3229.625	cultivos
514285	558435	1710	1902	2248	2505.8125	2663.875	2815.3125	2907	3158.6875	4916.9375	4294.1875	cultivos
516925	562095	1648	1962	2142	2780.25	3316.6875	3567.6875	3680	3970.6875	4832.4375	3390.5	cultivos
514115	558565	1674	1877	2180	2428.4375	2600.125	2747.625	2859	3078.625	4881.9375	4318.4375	cultivos
513245	558625	1728	1937	2284	2534.4375	2730	2898	2995	3245.3125	4786.25	4162.1875	cultivos
514405	559795	1605	1775	2052	2352.625	2716.4375	2971.25	3148	3458.3125	4813.1875	3873.3125	cultivos
513405	559125	1639	1852	1880	2504.25	3513.375	3843.0625	3975	4293.625	4066.5625	2895.1875	cultivos
514805	558245	1648	1817	2126	2349.3125	2544.4375	2729.25	2862	3093.5625	4727.75	4107.0625	cultivos
513675	559805	1665	1844	2150	2432	2706.125	2932.9375	2901	3339.8125	4782.9375	3976.875	cultivos
514465	559155	1694	1852	2144	2526.75	2805.8125	3050.125	3221	3547	5267.8125	4201.125	cultivos
513975	559605	1488	1629	1835	2149.25	2329.6875	2503.3125	2432	2824.125	4785	4260.9375	cultivos
513655	558245	1774	1987	2382	2681.875	2843.5625	2992.9375	3105	3353.8125	4845.1875	4203.25	cultivos
513315	558635	1744	1960	2326	2574.4375	2727.1875	2912.6875	3017	3229.0625	4801.875	4161.125	cultivos
513225	557865	1748	1941	2274	2565.5625	2710.4375	2903.375	2941	3245.0625	4832.75	4259.1875	cultivos
513835	558995	1624	1795	2009	2511	3064.125	3331.375	3522	3823	4833.5625	3638.25	cultivos
513655	558515	1804	1976	2336	2641.25	2841.4375	3049.75	3104	3340.4375	4592.75	4005.5625	cultivos
514395	558745	1661	1988	2144	2755.625	3704.875	4014.6875	4118	4411.3125	4749.8125	3447.125	cultivos
513615	558625	1750	1980	2302	2576.5	2750.875	2944.875	3073	3233	4693.625	4054.5625	cultivos
514295	559745	1700	1905	2232	2503.3125	2799.625	3008.9375	3031	3404.8125	4783.375	4065.6875	cultivos
514445	557845	1506	1602	1803	1982.5625	2142.125	2287.6875	2359	2578.9375	4376	4075	cultivos
513175	558095	1839	2136	2566	2826.5	2999.5625	3180.5625	3340	3566.6875	4887.125	4149.75	cultivos
514445	559285	1526	1648	1883	2106.0625	2271.875	2464.625	2535	2809.8125	4517.875	4006.375	cultivos
514215	557985	1486	1620	1840	2059.875	2247.4375	2451.5	2509	2753.1875	4627.625	4244.625	cultivos
512985	558155	1648	1874	2184	2539.6875	2807.5	3007.9375	3165	3361.3125	4486.3125	3770.9375	cultivos
513165	558265	1758	1982	2328	2598.8125	2744.375	2947.8125	3109	3275.25	4560.875	4027.75	cultivos
514345	558895	1620	1816	1956	2464.6875	3003.125	3285.5	3460	3769.625	4756.5625	3633.125	cultivos
513315	558515	1720	1956	2290	2575.9375	2727.25	2900.3125	2956	3228.625	4792	4220.875	cultivos
514125	558905	1628	1819	2072	2526.25	2937.125	3212.875	3495	3714.4375	4924.25	3808.6875	cultivos
513075	557695	1778	1997	2394	2614.5	2819.625	2982.1875	3171	3369.75	4645.25	4012.5	cultivos
513975	558385	1468	1573	1794	1925	2058.9375	2223.3125	2290	2480.1875	4457.0625	4233	cultivos
514395	559055	1684	1891	1926	2461.5	3306.1875	3625.1875	3854	3992.25	4058	3019.9375	cultivos
512495	559395	1640	1818	2144	2388.625	2612.875	2845.5	2840	3087.125	4123.3125	3633.5625	cultivos
513945	559795	1582	1760	2015	2458.75	2661.875	2889.125	2802	3322.9375	4712.25	3970.625	cultivos
513495	559485	1502	1610	1833	2040.75	2187.5	2374	2517	2696.125	4653.8125	4236.8125	cultivos
514205	559065	1834	1984	2130	2653.75	3304.8125	3569.1875	3658	3974.25	4243.1875	3126.625	cultivos
514725	559315	1497	1642	1847	2033.8125	2295.5625	2466.8125	2557	2800.6875	4506.5625	4089.4375	cultivos
514645	557995	1667	1896	2218	2454.9375	2629.875	2823.8125	2957	3172.4375	4831.625	4204.1875	cultivos
516885	561775	1816	2118	2302	2777.0625	3421.5	3676.4375	3813	4039.9375	4712.875	3426.0625	cultivos
513195	557745	1856	2124	2616	2920	3091.0625	3312.3125	3398	3643.8125	5000	4195.75	cultivos
517235	561995	1662	1906	2196	2661.75	3172.5625	3464.375	3496	3880.6875	4658	3295.875	cultivos
514685	559275	1508	1628	1880	2063.75	2233.5625	2417.625	2577	2777.0625	4586.6875	4165.0625	cultivos
513945	558835	1690	2044	2116	2737.125	3873.3125	4233	4372	4575.8125	4593.375	3314	cultivos
513565	558115	1805	2032	2444	2747.75	2911.1875	3094.9375	3178	3465.8125	4814.75	4163.625	cultivos
512915	558375	1754	2008	2368	2588	2800.6875	2997.6875	3092	3321.5	4597	3910.9375	cultivos
514035	559395	1504	1630	1846	2051.75	2194.875	2358.6875	2497	2718.875	4728.25	4348.1875	cultivos
517065	561835	1578	1880	2002	2682.25	3245.0625	3522.5	3536	3930.625	4414.9375	3102.125	cultivos
517135	561585	1830	2132	2496	2756	3466.6875	3825	3937	4259	4616.25	3341.875	cultivos
513595	558595	1764	1968	2344	2633.125	2790.8125	2979.3125	3073	3290.8125	4729.625	4078.5	cultivos
514175	558725	1694	1894	2186	2445.625	2631.75	2780.875	2875	3128.375	4935	4340.4375	cultivos
513405	558185	1850	2072	2510	2792.375	2945.125	3139.625	3260	3505.25	4832	4137.5625	cultivos
513095	558595	2138	2564	3240	3729.25	4045.5625	4334.6875	4460	4779.9375	5920.1875	4555.3125	cultivos
514505	558245	1636	1796	2142	2378.8125	2529.8125	2712.9375	2846	3044.8125	4947.25	4346.0625	cultivos
517045	561805	1542	1763	1968	2454.625	2960.9375	3167.8125	3313	3627.5625	4127.5	2878.5	cultivos
514625	557945	1664	1916	2260	2517.25	2694.8125	2865.1875	3014	3237.3125	4776.75	4143	cultivos
513935	559795	1642	1790	2100	2500.75	2674.125	2898.375	2842	3325.3125	4705.25	3987.875	cultivos
514335	558575	1734	1936	2278	2516.875	2675.9375	2805.6875	2971	3109.0625	4914.625	4340.625	cultivos
512905	558265	1780	2024	2388	2687.3125	2854.4375	3039.5625	3126	3377.875	4604	3930.9375	cultivos
517025	561805	1490	1734	1916	2417.625	2840.375	3107.125	3193	3540.25	4070.5625	2845.875	cultivos
513425	558785	1807	2016	2410	2661.1875	2822.5	3005.8125	3106	3313	4821.3125	4162.875	cultivos
513425	558355	1750	1968	2306	2588.125	2753.625	2936.6875	3012	3285.3125	4832.3125	4244.9375	cultivos
512965	559295	1558	1720	1954	2380	2741.4375	2918.8125	2869	3331.75	4669.1875	3973.6875	cultivos
516935	561845	1768	1995	2308	2735.875	3111.8125	3328.6875	3426	3711.4375	4767.75	3530.8125	cultivos
513675	558815	1748	1968	2302	2529.9375	2724.6875	2911.375	3014	3217.1875	4784.1875	4153.5625	cultivos
512885	557975	1756	1970	2364	2695.875	2903.5625	3105.625	3195	3444.3125	4491.375	3824.75	cultivos
513865	558905	1726	2068	2240	2793.3125	3720.3125	4054.1875	4147	4436.5	4615.875	3363.3125	cultivos
517175	561915	1732	1968	2180	2740.1875	3304.5	3583.5	3636	3972.9375	4818.25	3413.875	cultivos
514255	558335	1467	1584	1767	1935.6875	2083.6875	2226.8125	2331	2515.0625	4492.75	4190.125	cultivos
513865	557965	1615	1758	2100	2378.3125	2555	2768.375	2997	3202.0625	4926.125	4099.625	cultivos
512545	559395	1682	1844	2152	2394	2632.9375	2870.125	2908	3193.8125	4177.3125	3707.125	cultivos
513905	557655	1556	1677	1898	2133.75	2319.25	2521	2636	2877.3125	4453.3125	4024.0625	cultivos
513845	557985	1598	1753	2054	2324.9375	2490.8125	2723.9375	2849	3119.8125	4805	4075.1875	cultivos
514165	559405	1521	1617	1856	2034.6875	2184.75	2327.6875	2454	2672.6875	4675.375	4319.6875	cultivos
517805	561595	1570	1824	2102	2532.3125	2970.875	3224.6875	3293	3628.5	4146.375	2909.375	cultivos
513365	559185	1652	1834	1880	2392.875	3351.375	3647.9375	3838	4058.125	3969.5	2947.1875	cultivos
514075	559805	1690	1888	2202	2610.625	2932.875	3202.1875	3414	3732.8125	5147.625	4049	cultivos
513235	558035	1854	2122	2578	2900.25	3053.0625	3260.1875	3348	3642.0625	4949.875	4128.125	cultivos
513915	558235	1490	1607	1809	1977.25	2108.9375	2256.9375	2376	2573.875	4551.625	4335.875	cultivos
516885	561785	1783	2110	2270	2747.1875	3443	3717.8125	3822	4063.3125	4643.625	3397.1875	cultivos
513295	558055	1784	2024	2472	2845.5	3017.875	3190.5625	3144	3542.375	4849.4375	4102.5	cultivos
513665	559295	1682	1849	2134	2470.5	2784.1875	3023.125	3152	3468.0625	5047.6875	4044.25	cultivos
513665	558725	1783	1994	2364	2648.1875	2821.5625	2996.5625	3085	3311.375	4793.9375	4187.0625	cultivos
514625	558305	1624	1739	2036	2211.5625	2432.3125	2638	2748	3006.5	4588.125	4021.25	cultivos
517035	561875	1538	1758	1966	2424.0625	2900.25	3156.8125	3289	3582.3125	4104	2865.0625	cultivos
513795	558315	1506	1637	1900	2062.8125	2194.375	2368.25	2515	2719.125	4412.5	4139.375	cultivos
514215	558435	1651	1834	2116	2405.9375	2541.875	2691.625	2784	3032.5625	4831.5	4278.3125	cultivos
515885	557835	1720	1946	2252	2672.625	3178.9375	3447.5625	3520	3846.5	4805.25	3575.5	cultivos
514415	559165	1678	1862	2178	2516.0625	2784.3125	3007.125	3143	3484.125	5227.75	4235.5625	cultivos
513365	557905	1814	2044	2456	2742.875	2895.6875	3050.625	3178	3426.8125	4827.25	4136.25	cultivos
513045	557705	1783	1978	2378	2548.25	2739.8125	2977.125	3163	3281.875	4476.875	3877.875	cultivos
514475	559795	1638	1821	2064	2391.5	2699.5625	2961.8125	3137	3368.9375	5037.625	4058.375	cultivos
513735	559865	1726	2036	2244	2853.5	3532.3125	3793.0625	3944	4172	4895.6875	3680.9375	cultivos
513565	558395	1754	1978	2322	2585.0625	2767.875	2933.375	3038	3254.5625	4731	4093.3125	cultivos
517435	561745	1775	2064	2410	2945	3439.1875	3726.6875	3742	4137.3125	5240.1875	3739.4375	cultivos
513595	559885	1768	2134	2360	2968.9375	3648.6875	3914.4375	4041	4316.625	4937.125	3700.125	cultivos
517545	561685	1616	1952	1954	2703.875	3536.4375	3805.1875	3927	4177.625	4490.9375	3044.4375	cultivos
517765	561695	1624	1880	2048	2539.9375	2995	3231.4375	3436	3620.1875	4190.5625	2920.375	cultivos
514175	558215	1498	1611	1831	2013.3125	2119.1875	2284.6875	2400	2596.625	4577.0625	4367.4375	cultivos
514155	558825	1756	2108	2220	2797.4375	3923.625	4259.4375	4363	4640.875	4593.9375	3274.1875	cultivos
514455	558975	1717	1890	1899	2464	3238.625	3515.5625	3741	3924	4098.9375	3033.4375	cultivos
513585	559295	1614	1794	2030	2446.25	2801.625	3067.4375	3200	3513.0625	4950.9375	3913.75	cultivos
513655	557935	1528	1640	1848	2113.5625	2278.1875	2462.1875	2572	2828.3125	4490.875	4076.875	cultivos
513605	559755	1542	1702	1852	2197.9375	2679.6875	2935.625	2968	3237.1875	4340.8125	3595.8125	cultivos
517085	561945	1684	1997	2186	2764.4375	3352.5625	3616.75	3745	3979.9375	4590.1875	3275.0625	cultivos
513605	559475	1552	1659	1902	2070.375	2239.875	2411.5	2529	2734.3125	4717.5625	4381.3125	cultivos
514535	559275	1564	1653	1906	2151.125	2306.0625	2497.625	2641	2884.6875	4488.625	3981.9375	cultivos
514475	559435	1557	1666	1910	2155.1875	2342.6875	2543.375	2585	2909.625	4579.0625	4077.9375	cultivos
514055	559745	1477	1678	1782	2356.0625	2930.0625	3202.5625	3527	3626.75	4472.6875	3554.5	cultivos
514375	558285	1465	1562	1766	1918.9375	2066.4375	2211.375	2347	2523.1875	4554	4275.4375	cultivos
513975	557905	1566	1701	1980	2259.3125	2447.3125	2655.625	2796	3059.0625	4872.6875	4080.75	cultivos
514305	558765	1735	2074	2246	2792	3754.6875	4065.375	4231	4457	4691.375	3395.1875	cultivos
514185	558955	1772	1936	2110	2573.875	3074.1875	3342.6875	3524	3801.4375	4624	3531.25	cultivos
512875	558405	1892	2140	2532	2885.625	3117.4375	3296.375	3393	3627.875	4879.25	4149.125	cultivos
513855	558375	1504	1618	1833	2024.625	2153	2330.6875	2440	2610.125	4689.0625	4450.3125	cultivos
514225	558565	1681	1865	2160	2415.5625	2594	2741.3125	2843	3053.75	4851.75	4290.3125	cultivos
513165	558275	1764	1956	2300	2571.375	2728.375	2921.75	3044	3247.9375	4559.125	4026.5625	cultivos
512555	558905	1804	2052	2456	2770.8125	2992.875	3152.0625	3248	3507	4800.5	4030.875	cultivos
514685	559325	1525	1634	1857	2066.5	2224.375	2389.6875	2555	2789.6875	4599.9375	4162.8125	cultivos
514595	558295	1632	1816	2098	2350.5	2520.5625	2695.1875	2857	3060.8125	4834.6875	4224.125	cultivos
514025	558325	1556	1659	1888	2054.375	2195.4375	2334.4375	2484	2636.9375	4565.0625	4363.125	cultivos
512565	558745	1797	2066	2476	2758.6875	2960.625	3161	3249	3505	4710.8125	3980.3125	cultivos
514385	559055	1706	1852	1910	2444.875	3378	3698.9375	3890	4066.3125	3994.0625	2938.125	cultivos
514095	558905	1648	1804	2068	2503.375	2891.375	3183.25	3345	3666.4375	4908.125	3815.25	cultivos
517065	561705	1742	2046	2202	2835.5	3502.625	3760.3125	3943	4134.375	4709.625	3344.375	cultivos
513555	559035	1579	1780	1969	2546.75	3127.25	3442.6875	3566	3950.1875	4682.375	3501.4375	cultivos
513005	558325	1813	2048	2484	2617.3125	2867.125	3061.5625	3236	3383.8125	4540.9375	3852.9375	cultivos
512635	558925	1775	2038	2450	2774.4375	2967.8125	3175.625	3184	3490.875	4844.375	4078.5625	cultivos
513405	560005	1604	1794	2102	2357	2550.8125	2748	2830	3054.5625	4808.5	4213.125	cultivos
513815	557985	1522	1614	1885	2139.5	2283.25	2497.4375	2535	2838.75	4512.125	3984.8125	cultivos
513535	558455	1860	2108	2522	2704.0625	2848.3125	3053.125	3260	3401.1875	4799.6875	4155.75	cultivos
513335	558425	1758	1971	2344	2579.5	2742	2920.0625	3068	3257.875	4812.1875	4245.625	cultivos
513885	559965	1756	1962	2324	2629	2833.75	3033.4375	3160	3400.1875	4642.4375	3906.875	cultivos
512805	558895	1736	1973	2304	2535.4375	2749.25	2932.3125	3018	3235.875	4599.0625	3994.625	cultivos
514055	558745	1725	1890	2218	2471.5625	2651.25	2832.1875	2906	3134.25	4941.5	4315.6875	cultivos
514295	558495	1692	1893	2238	2459.625	2611.8125	2800.25	2937	3111.5625	4923.0625	4291.25	cultivos
512625	558205	1807	2190	2644	3113.1875	3738.125	4084.75	4167	4488.375	5222.375	3863.25	cultivos
514215	558815	1718	2100	2176	2769.375	3915.25	4239.6875	4385	4636.5625	4552.4375	3239.25	cultivos
514555	558185	1680	1830	2188	2423.1875	2581.9375	2750.125	2883	3090.875	4894.6875	4331.375	cultivos
513605	559345	1682	1824	2100	2486.8125	2765.375	3041.375	3168	3509.375	5087.8125	4079.5625	cultivos
514615	559735	1606	1810	2042	2351.875	2685.8125	2917.0625	3207	3355.625	4908.75	4010.25	cultivos
517865	561675	1576	1868	2036	2561.3125	3070	3295.6875	3399	3701.1875	4245.375	2981.5625	cultivos
512885	558025	1774	2032	2442	2729.25	2903.8125	3097.625	3208	3438.625	4513.125	3832.8125	cultivos
513575	559335	1741	1868	2194	2525.875	2801.4375	3067.5	3244	3522.9375	5148.5625	4121.3125	cultivos
513365	557785	1866	2110	2562	2811.6875	2987.625	3192.75	3347	3544.625	4849.625	4108.25	cultivos
514265	559685	1462	1750	1698	2257.3125	3071.3125	3399.125	3598	3784.875	4161.1875	3171.1875	cultivos
514175	558715	1704	1916	2240	2483.375	2655.25	2816.125	2948	3174.125	4942	4347.3125	cultivos
517555	562025	1783	2062	2472	2885.5	3356.0625	3642.4375	3775	4038.6875	5241.0625	3768.8125	cultivos
513905	559625	1550	1762	2008	2231	2435.625	2637.25	2752	2941.3125	4739.8125	4178.625	cultivos
513495	558095	1803	2078	2502	2806.1875	2947.1875	3135.5	3218	3523.875	4840.25	4136.3125	cultivos
514035	559315	1586	1747	2060	2325.625	2536.4375	2746.0625	2948	3192.875	5086	4294.875	cultivos
516855	562145	1620	1846	2040	2539.9375	3071.125	3318.75	3380	3694.4375	4539.4375	3172.0625	cultivos
514245	558065	1501	1596	1797	1968.5625	2113.625	2254.125	2398	2565.875	4545.375	4264	cultivos
513615	558155	1778	1980	2372	2600.1875	2738.6875	2930.25	3056	3266.75	4773.9375	4196.375	cultivos
512775	558085	1890	2148	2562	2869.5625	3084.125	3318.75	3414	3667.5	4882.125	4130.1875	cultivos
517655	561975	1631	1930	2046	2705.375	3276.5	3535.25	3776	3940.0625	4698.125	3364	cultivos
513895	557845	1626	1812	2148	2508.625	2745.6875	2990.375	3118	3480.125	5073.0625	4057.75	cultivos
514175	559345	1511	1619	1854	2056.1875	2200.75	2375.375	2489	2723	4682.125	4263.4375	cultivos
514015	559005	1802	1955	2178	2618.9375	3141.9375	3414.75	3512	3858.1875	4468.75	3383.4375	cultivos
512565	559085	1784	2019	2432	2802.4375	2954.5625	3134.5625	3220	3487.5625	4975.875	4209.625	cultivos
513965	559265	1655	1834	2144	2458.8125	2685.3125	2924.625	3109	3421.1875	5185.8125	4207.6875	cultivos
517445	561765	1786	2160	2460	3066.875	3656.8125	3921.9375	3994	4326.6875	5322.25	3809.75	cultivos
514545	557945	1567	1677	1885	2062.9375	2232.375	2406.375	2529	2667.5	4354.125	4028.5	cultivos
517835	561575	1593	1836	2126	2581.3125	3054.4375	3264.3125	3287	3646.8125	4211.0625	2985.375	cultivos
517005	562035	1422	1678	1659	2330.1875	3369.0625	3750.4375	4064	4187.8125	3844.0625	2640.5	cultivos
513505	557885	1877	2120	2544	2883.5625	3062.5	3233.0625	3291	3605.5	4735.75	4032.8125	cultivos
513615	559805	1624	1809	2058	2419.5625	2769.625	3026.1875	3102	3341.5625	4734.875	3915.5625	cultivos
514425	559435	1542	1658	1912	2159.25	2347.125	2543.125	2635	2886.375	4464.8125	3945	cultivos
513795	559135	1886	2056	2144	2672.625	3352.3125	3600.5	3768	3971.875	4224	3120.375	cultivos
517155	561975	1749	2106	2312	2849.625	3606.0625	3895.0625	3984	4297.5625	4760.6875	3358.9375	cultivos
513135	558745	2180	2614	3244	3717.75	4044.625	4320.8125	4481	4815.25	5825.625	4458.5	cultivos
513135	558865	2208	2678	3372	3850.0625	4138.5625	4400.125	4532	4862.1875	6026.6875	4611.4375	cultivos
513855	559885	1697	2092	2264	2904.8125	3603.8125	3838.625	4009	4262.625	4828	3627.5	cultivos
513415	559245	1786	1957	2042	2570	3398.4375	3694.5625	3786	4110.9375	4126.625	3043.75	cultivos
513895	558555	1654	1870	2144	2391.0625	2557.5625	2744.625	2818	3036.8125	4798.625	4236.0625	cultivos
513785	557775	1535	1662	1903	2161.5	2309.625	2512.4375	2624	2875.3125	4407.4375	3963.0625	cultivos
514135	559235	1672	1830	2140	2461.6875	2714.875	2925.25	3143	3421.25	5238.875	4258.375	cultivos
513805	559425	1518	1616	1842	2045.3125	2203.25	2357.3125	2487	2693.1875	4715	4332.375	cultivos
513485	558125	1814	2072	2514	2772	2941.1875	3131.6875	3239	3477.75	4836.9375	4131.375	cultivos
513275	558225	1853	2086	2522	2786.625	2931.3125	3125.4375	3236	3503.3125	4707.5	4034.625	cultivos
513365	559265	1609	1802	1860	2326.4375	3184.875	3460.4375	3708	3879.3125	4080.5625	3119.5625	cultivos
514335	559065	1722	1926	1924	2513.4375	3655.8125	3966.5	4099	4332.75	3865.3125	2738.8125	cultivos
514535	557955	1579	1676	1893	2065.875	2242.6875	2406.125	2487	2687.1875	4346.5625	4028.3125	cultivos
517035	562035	1499	1777	1796	2312.6875	3185.1875	3561.8125	3766	3914.9375	3828.375	2639.3125	cultivos
513695	558175	1512	1620	1856	2085.125	2253.6875	2407.375	2522	2756.75	4417.3125	4041.4375	cultivos
514175	558015	1516	1617	1850	2020.6875	2168.75	2333.125	2451	2662.8125	4677.4375	4406.4375	cultivos
513895	558065	1494	1594	1822	2040.3125	2185.1875	2349	2494	2665.625	4284.1875	3945.6875	cultivos
513945	559085	1870	2019	2114	2665.375	3383.3125	3649.5625	3778	4066.4375	4179.125	3031.6875	cultivos
514075	559015	1870	2056	2154	2672.5625	3334.875	3574.875	3720	3997.5	4198.875	3064.6875	cultivos
513285	557795	1841	2102	2512	2766.6875	2929.8125	3136.0625	3285	3491.1875	4914.1875	4205.8125	cultivos
514275	558865	1631	1824	2072	2499.25	2944.75	3207.875	3357	3718.6875	4894.25	3753.9375	cultivos
513415	558435	1742	1942	2290	2580.8125	2704.6875	2916.4375	2966	3243.375	4793.0625	4197.5	cultivos
513305	558485	1728	1944	2268	2504.9375	2682.125	2822.625	2954	3165.5	4798.5625	4267.5	cultivos
514235	559075	1780	1957	2028	2625.8125	3414.875	3678.6875	3814	4095.0625	4159.8125	3018.0625	cultivos
514255	558665	1705	1878	2196	2426	2567.1875	2740	2876	3055.4375	4931.125	4378.375	cultivos
514565	558195	1650	1858	2196	2434.625	2594.75	2769.9375	2898	3096.4375	4902.5	4333.125	cultivos
517765	561505	1530	1822	1952	2559.125	3156.5625	3380.1875	3523	3801.8125	4068.0625	2794.3125	cultivos
513325	558305	1872	2098	2488	2783.25	2961.375	3153.4375	3311	3535.0625	4771.9375	4085.625	cultivos
513385	558815	1792	2016	2416	2673.5625	2852.875	3024.5625	3146	3337.3125	4889.875	4209.375	cultivos
513965	558555	1652	1820	2176	2434.5	2592.5625	2761.6875	2860	3096.3125	4839.8125	4239.25	cultivos
513975	557925	1558	1720	1996	2277.25	2494.625	2687.8125	2831	3107.875	4888.25	4076.9375	cultivos
513065	557695	1692	1903	2224	2537.375	2740.0625	2912.3125	2969	3282.625	4554.5	3963.8125	cultivos
514155	558565	1682	1856	2214	2410.75	2569.6875	2738.9375	2867	3064.3125	4905.9375	4341.75	cultivos
514045	558725	1728	1969	2274	2519.8125	2696.125	2867.25	2975	3202.75	4949.1875	4349.375	cultivos
514215	558545	1646	1861	2142	2389.75	2534.3125	2707.125	2780	3051.0625	4824.375	4281.625	cultivos
513175	557775	1806	2070	2460	2803.4375	2979	3167.875	3182	3501.375	4852.625	4153.1875	cultivos
514235	559385	1528	1642	1854	2044.75	2193.75	2375.0625	2491	2705.625	4693.0625	4332.4375	cultivos
513525	559785	1510	1714	1919	2319.8125	2842.25	3142	3274	3580.0625	4472.5625	3537.8125	cultivos
512515	559395	1677	1889	2194	2446.6875	2641.9375	2889.4375	2990	3152	4146.9375	3679	cultivos
517115	561955	1736	2078	2226	2925.6875	3579.875	3823.9375	3856	4197.4375	4775.0625	3402	cultivos
513515	559625	1500	1612	1844	2044.875	2207.625	2385.8125	2465	2696.0625	4660.1875	4256.875	cultivos
517645	561535	1528	1778	1830	2399.6875	3036.5625	3315.5	3483	3685.5	3857.1875	2624.875	cultivos
514155	559415	1494	1622	1849	2039.5	2186.625	2347.5	2505	2669.875	4680.0625	4324.5625	cultivos
513265	558725	1714	1954	2270	2535.375	2735.3125	2909.5625	3028	3244.6875	4805.375	4178.125	cultivos
517145	561825	1703	1999	2170	2764.1875	3391.4375	3633.375	3763	4013.0625	4743.5	3395.25	cultivos
512495	558995	1736	1960	2308	2739.625	3198.9375	3413.1875	3258	3769.5625	4801.6875	3853	cultivos
514315	559245	1638	1769	2108	2422.125	2619	2838.8125	3003	3315.6875	5164.0625	4269.3125	cultivos
513475	559105	1672	1858	1969	2498.75	3212.375	3534	3605	3977.375	4340.125	3216.1875	cultivos
517575	561915	1720	1986	2222	2770.875	3222.125	3485	3563	3870.25	4820.375	3442.9375	cultivos
513885	558565	1674	1866	2184	2404.1875	2562.5	2743.875	2839	3037.5	4811.75	4261.4375	cultivos
513825	557705	1568	1677	1924	2146.625	2317.1875	2500.6875	2670	2861.75	4390.1875	4025.25	cultivos
513995	559365	1488	1600	1838	2028.25	2177.875	2341.875	2463	2696.25	4721.375	4304.375	cultivos
512905	557905	1813	2036	2448	2806.375	2964.4375	3153.625	3199	3480.875	4511.875	3820.8125	cultivos
513955	559475	1514	1632	1847	2060.4375	2198.9375	2372.5625	2511	2708.75	4694	4333.625	cultivos
513625	558585	1767	1998	2374	2718.125	2854.3125	3068.375	3104	3376.3125	4814.875	4123.875	cultivos
513385	557875	1867	2132	2596	2810.6875	2991.5625	3159.875	3328	3530.375	4896.75	4160.6875	cultivos
517165	561585	1473	1726	1688	2652.3125	3549.375	3929.25	3966	4319	4320.5625	3221.5	cultivos
514555	557855	1655	1813	2126	2366.25	2545.1875	2718.125	2829	3050.9375	4783.0625	4218.875	cultivos
514025	559325	1583	1730	2052	2276.875	2469.625	2694.625	2910	3094.25	5030.625	4310.4375	cultivos
513995	559035	1936	2080	2194	2685.5625	3359.8125	3603.5	3765	4020.8125	4219.25	3115.5625	cultivos
513825	558445	1506	1644	1852	2078.375	2276.8125	2390.625	2417	2719.0625	4579.6875	4268.0625	cultivos
512995	558225	1735	1958	2334	2617.9375	2881.5	3114.8125	3213	3466.875	4569.9375	3845.5	cultivos
513665	557635	1724	1914	2290	2671.5625	2992.8125	3298.6875	3478	3793.1875	5108.8125	3981.1875	cultivos
512495	559385	1636	1814	2126	2462.4375	2726.375	2939.1875	2829	3203.5625	4215.0625	3643.6875	cultivos
513625	558825	1824	2042	2438	2676.6875	2861.5	3046.25	3184	3407.6875	4874.875	4217.25	cultivos
513985	558965	1679	1884	2100	2522.125	2984.9375	3257.375	3481	3725.875	4812.8125	3705.3125	cultivos
513725	558185	1493	1620	1853	2038.3125	2190	2370.5	2476	2687.9375	4222.5	3880.4375	cultivos
513875	558885	1684	2088	2146	2771.125	3922.875	4247.25	4361	4596.75	4500.1875	3213.25	cultivos
515835	557875	1643	1908	2132	2619.5	3304.8125	3620.25	3745	4012	4765.6875	3487.875	cultivos
512625	558185	1835	2218	2698	3095.6875	3692.75	4022.25	4138	4485.75	5177.9375	3870.875	cultivos
514265	558705	1698	1860	2190	2427	2605.1875	2778.625	2883	3110.5	4899.8125	4306.3125	cultivos
514025	558665	1705	1928	2268	2518.9375	2673.8125	2844.875	2910	3135.75	4877.75	4311.4375	cultivos
513435	557915	1844	2100	2522	2812.375	2930.125	3153.0625	3304	3492.5625	4825.8125	4114.3125	cultivos
517005	562015	1435	1672	1688	2337.0625	3257.6875	3612.5	3666	4056.3125	3804.9375	2582.5	cultivos
513305	558915	1704	1883	2196	2438.25	2699.5625	2870.4375	2969	3223.1875	4729.3125	4050	cultivos
514275	558645	1668	1874	2190	2434.8125	2589.5625	2753.5625	2817	3063.75	4908.25	4366.875	cultivos
513205	558475	1688	1871	2224	2503.875	2680.8125	2819	2896	3175.75	4739	4170.375	cultivos
513485	559925	1830	2156	2524	3038.125	3620.625	3855.625	3939	4233.1875	5171.125	3989.5625	cultivos
514055	558095	1502	1588	1807	1983.8125	2094.1875	2258.4375	2389	2576.25	4514.6875	4238.5625	cultivos
513545	558315	1733	1956	2284	2602.9375	2784.3125	2969.5625	2986	3276.5625	4840.9375	4221.3125	cultivos
513145	558765	2168	2606	3248	3704.4375	4033.6875	4328.75	4464	4806.6875	5691.9375	4340	cultivos
513965	558325	1501	1607	1816	1980.25	2116.4375	2276.6875	2396	2577.125	4631.8125	4405.5625	cultivos
514165	558985	1896	2066	2180	2621	3234.625	3508.0625	3691	3934.6875	4307.75	3168.125	cultivos
513565	558755	1742	1972	2328	2594.8125	2792.5625	2954.125	3024	3263	4685.4375	4114.8125	cultivos
513925	559025	1833	1994	2150	2633.6875	3295.75	3559.25	3720	4027	4337	3194.5625	cultivos
513395	558555	1827	2120	2362	2645.8125	2925	3080.5	3303	3370.75	4698.75	4062.4375	cultivos
513985	558865	1666	2020	2118	2750.0625	3917.4375	4212.75	4356	4558.9375	4546.75	3236	cultivos
513755	559865	1770	2136	2436	2957.8125	3536.9375	3808.75	3881	4181.625	5037.75	3814.5625	cultivos
514055	558055	1496	1600	1835	1999.0625	2145.3125	2302.75	2416	2639.625	4539.8125	4267.625	cultivos
514405	558145	1697	1879	2212	2453.25	2603.875	2768.3125	2959	3149.0625	4932.375	4269.0625	cultivos
513425	559185	1846	2015	2094	2607.75	3386.4375	3671.3125	3705	4079.625	4116.625	3021.125	cultivos
513655	559795	1563	1782	1996	2443.25	2877.5	3132.8125	3371	3520.6875	4734.6875	3799.3125	cultivos
514295	558765	1689	2034	2166	2748.5	3763.0625	4066.625	4272	4476	4659.125	3366.0625	cultivos
513405	558775	1748	1988	2332	2639.8125	2819.4375	2965.875	3064	3308.3125	4843.9375	4191.3125	cultivos
514375	558265	1460	1565	1745	1918.5625	2044.625	2183.3125	2301	2514.75	4541.125	4265.0625	cultivos
513675	559985	1720	1938	2324	2507.5	2713.0625	2925.3125	3133	3296.5625	4666.8125	3932.1875	cultivos
516945	562035	1479	1760	1744	2492.4375	3441.625	3799.3125	3930	4163.4375	4192.4375	2865.375	cultivos
514495	559725	1648	1806	2108	2376.3125	2676.3125	2867.0625	2898	3272.25	4883.125	4150.5625	cultivos
516895	562105	1726	2002	2234	2712.75	3373.25	3675.1875	3950	4135.5	4782.75	3350.0625	cultivos
514395	558415	1534	1705	1966	2268.9375	2425.9375	2613.1875	2571	2939.75	4644	4148.6875	cultivos
513425	559335	1648	1841	2072	2464.0625	2803.4375	3058.5625	3210	3501.625	4992.375	3939.4375	cultivos
513905	557635	1550	1676	1894	2122.5625	2303.875	2483.3125	2604	2853.9375	4373.0625	3996.1875	cultivos
513765	559095	1934	2088	2188	2688.125	3381.625	3680.5625	3820	4067.4375	4170.875	3059.8125	cultivos
514355	559235	1629	1781	2114	2436.75	2650.9375	2876.75	3029	3360.0625	5188.9375	4253.875	cultivos
514055	558185	1472	1578	1789	1963.625	2087.875	2240.125	2330	2551.3125	4585.875	4385.375	cultivos
513785	558095	1496	1570	1800	2005.8125	2138.8125	2303.25	2417	2631.8125	4263.6875	3903.125	cultivos
517785	561725	1509	1727	1897	2371.6875	2839.625	3066.5625	3186	3447.1875	4012.9375	2774.6875	cultivos
513515	557645	1820	2058	2504	2743.5625	2937.625	3162.6875	3285	3462.25	4696.625	3994.5	cultivos
513645	558605	1744	2006	2324	2618.75	2809.5	2976.3125	3036	3308.1875	4768.4375	4121.8125	cultivos
513765	557675	1596	1746	2014	2345.125	2590	2788.5	2836	3190.75	4747.9375	4030.625	cultivos
513855	558545	1645	1834	2126	2376.75	2528.3125	2681.875	2783	3029	4761.9375	4243.6875	cultivos
513335	557755	1761	2004	2384	2659.4375	2829.375	3025.875	3110	3344	4819.625	4144.8125	cultivos
513115	559275	1522	1640	1856	2253.25	2607.125	2803.6875	2606	3121.6875	4503.875	3856.625	cultivos
512675	559085	1797	2072	2478	2771.9375	2971.875	3174.5625	3243	3520.25	4873.25	4120.4375	cultivos
512835	559205	1870	2224	2604	3109.25	3692.375	3982.625	4126	4392.5	5151.5625	3903.8125	cultivos
514725	558135	1740	1952	2250	2445.75	2621	2798.9375	3049	3171.875	4903.1875	4255.3125	cultivos
514015	558595	1693	1904	2254	2503.0625	2664.375	2826	2905	3162.4375	4924.6875	4331.5625	cultivos
517515	561915	1768	2070	2412	2920.5625	3341.25	3626.3125	3699	4027.4375	5186.1875	3759.25	cultivos
513325	558875	1768	1988	2338	2623.0625	2789.5	2978.625	3062	3309.9375	4881.8125	4241.625	cultivos
513825	557765	1584	1722	1983	2253.5625	2476.75	2681.25	2844	3073.25	4725.1875	4032.875	cultivos
513615	559395	1610	1769	2046	2326.0625	2547.5	2768.0625	2926	3194.75	5023.5	4253.1875	cultivos
514435	559415	1558	1684	1910	2135.0625	2280.9375	2454.4375	2601	2811.875	4466.5625	4041.125	cultivos
513405	559165	1686	1889	1866	2547.4375	3526.8125	3862.75	4089	4309.375	3891.875	2769.9375	cultivos
513695	558735	1736	1938	2284	2550.4375	2705.25	2886.125	2970	3199.5	4718.875	4164.25	cultivos
513525	557795	1805	2023	2456	2797.4375	2973.3125	3171.5625	3214	3517.8125	4698.4375	4012.875	cultivos
513725	557825	1557	1684	1916	2172.375	2328.9375	2530.625	2665	2862.4375	4281.75	3835.6875	cultivos
514595	559175	1724	1907	2226	2518.625	2814.25	3067.5	3382	3551.4375	5253.75	4247.875	cultivos
515835	557825	1586	1850	2024	2547.125	3279.125	3597.4375	3728	3981.75	4690.5	3411.0625	cultivos
514195	558885	1636	1808	2074	2497.25	2879.1875	3142.875	3305	3645.6875	4890.1875	3819.6875	cultivos
514245	558805	1675	2050	2100	2768.375	3913	4232.4375	4375	4609.6875	4557.875	3218.3125	cultivos
514465	559025	1636	1846	1828	2463	3317.125	3628.4375	3856	4038	4088.75	3023.0625	cultivos
512865	559095	1846	2118	2528	2690.8125	3065.0625	3297.375	3305	3651.9375	4648.6875	3901.125	cultivos
513955	558645	1702	1892	2204	2486	2658	2814.25	2879	3117.1875	4889.875	4305.8125	cultivos
516945	561875	1751	2019	2324	2791.375	3108	3354.4375	3414	3720.875	4894.75	3602.3125	cultivos
513875	558545	1660	1842	2132	2375.875	2541.0625	2705.3125	2793	3038.1875	4773.375	4232.9375	cultivos
517105	561985	1747	2116	2222	2964.25	3644	3935.1875	3986	4275.5	4697.6875	3385.5	cultivos
513475	558525	1718	1914	2256	2580.125	2833.0625	3021	3007	3313.1875	4624.6875	4048.25	cultivos
517105	561935	1716	2042	2202	2903.0625	3541.8125	3796.6875	3885	4155.25	4771.125	3379.5625	cultivos
514285	559445	1516	1630	1866	2045.4375	2188.625	2375	2504	2730.375	4692.25	4283.6875	cultivos
513015	559195	1871	2256	2682	3219.5	3781.8125	4084.875	4236	4524.9375	5176.75	3850.875	cultivos
512865	558105	1827	2052	2392	2685.0625	2865.625	3041.3125	3192	3408.6875	4559.4375	3898.5	cultivos
513835	558355	1512	1636	1864	2038	2179.0625	2359.4375	2466	2631.625	4604.1875	4351.3125	cultivos
513995	559745	1526	1690	1826	2343.1875	2982.375	3291.0625	3514	3778.625	4453.625	3465.9375	cultivos
513735	559985	1691	1894	2212	2513.5	2712.75	2918.625	3003	3245.125	4634.375	3939.3125	cultivos
514165	558025	1517	1608	1826	2013.4375	2150.625	2314.9375	2443	2641.625	4688.5	4409.5	cultivos
513955	559715	1569	1735	1842	2200	2781.625	3008.8125	3070	3366.0625	4316	3554.125	cultivos
513465	558605	1761	1939	2296	2601.9375	2772.9375	2966.3125	3029	3256.9375	4758.125	4130	cultivos
514305	557955	1606	1778	2114	2351.25	2482.4375	2647.6875	2751	2999.75	4909.9375	4326.1875	cultivos
513405	558165	1790	2062	2424	2797.5	2951.875	3145.9375	3159	3501.0625	4860.5625	4141.4375	cultivos
513795	558975	1611	1819	2010	2514.3125	3046.875	3329.625	3540	3834.8125	4866.125	3659.625	cultivos
513655	558605	1746	2001	2344	2600.125	2779.375	2954.75	3094	3301.1875	4766.6875	4129.375	cultivos
512725	558885	1810	2200	2410	3088.875	4060.9375	4345.9375	4387	4668.625	4928.0625	3629.9375	cultivos
512945	558155	1786	2028	2372	2633.5625	2794.8125	2983.375	3094	3309.25	4394.125	3829.375	cultivos
514425	559755	1677	1880	2160	2493.875	2779.375	3018.5	3363	3458.4375	5043.5	4101.875	cultivos
517785	561675	1528	1800	1990	2516.4375	3049	3324.0625	3330	3756.5625	4153.3125	2899.4375	cultivos
517575	561945	1683	1968	2182	2808.75	3372.875	3612.5	3633	4027.75	4855.625	3420.625	cultivos
513965	558495	1650	1875	2178	2443.9375	2585.6875	2761	2860	3058.125	4853.4375	4259.125	cultivos
512725	558955	1838	2226	2484	3070.9375	4008.625	4293.875	4344	4660.0625	4852.5	3572.1875	cultivos
513485	558345	1710	1933	2218	2497.5	2648.625	2818.5	2921	3161.0625	4802.0625	4261	cultivos
512605	559145	1756	2002	2444	2743.4375	2912.5	3094.6875	3168	3461.3125	4973	4216.75	cultivos
513845	559335	1610	1782	2082	2371.8125	2570.125	2806.375	2962	3235.8125	5162.375	4307.5	cultivos
513445	558755	1778	2018	2350	2634.9375	2811.4375	2982.0625	3101	3322.4375	4770.1875	4156	cultivos
514085	559185	1601	1768	2032	2398.9375	2707	2957.8125	3075	3385.5	4961.3125	4008.6875	cultivos
513535	558065	1794	2028	2420	2814.0625	2982.375	3167.4375	3142	3511.0625	4869.5625	4168.625	cultivos
514105	559075	1880	2040	2146	2666.5625	3390.9375	3654.875	3825	4045.8125	4159.5625	3045.9375	cultivos
513775	558345	1513	1648	1878	2097.3125	2256.75	2430.6875	2547	2745.375	4491.0625	4188.75	cultivos
513085	558615	2192	2606	3286	3774.625	4064.3125	4373.125	4416	4820.375	6014.75	4605.75	cultivos
513615	557765	1628	1827	2112	2441.4375	2664.6875	2928.9375	3077	3360	4785	4053.5625	cultivos
513935	557575	1547	1704	1951	2172.3125	2460.5625	2612.8125	2723	2968.6875	4354.25	3924.3125	cultivos
512715	558215	1778	2009	2384	2667.3125	2899.3125	3097.25	3189	3415.5625	4521.75	3779.375	cultivos
512555	558925	1816	2064	2490	2770	2981	3166.75	3217	3508.3125	4819.75	4035.875	cultivos
514125	558955	1656	1836	2056	2472.875	2906.125	3180.875	3312	3611.625	4700.4375	3714.5	cultivos
512665	558395	1852	2218	2626	3183.25	3786.3125	4101.5	4184	4530	5284.4375	3919.875	cultivos
513815	557855	1633	1813	2130	2522.375	2771.25	3001.3125	3134	3458.1875	5117.5	4084.6875	cultivos
514475	559665	1468	1706	1740	2283.5625	2959.1875	3299.125	3605	3702.9375	4294	3327.0625	cultivos
514545	558125	1682	1892	2240	2427.5	2581.5	2750.3125	2960	3084.625	4804.75	4251.6875	cultivos
513135	558805	2212	2644	3364	3825.0625	4112.9375	4392	4541	4831.5625	6019.5625	4607.625	cultivos
513545	558165	1799	2020	2384	2691.375	2836.125	3000.375	3102	3363.8125	4777.25	4141	cultivos
514065	558225	1520	1617	1848	2006.9375	2123.875	2297.5625	2427	2585.9375	4613.0625	4370.5625	cultivos
514305	558705	1677	1868	2154	2397.9375	2574.625	2760.5625	2833	3079.125	4894.75	4314.625	cultivos
512515	558945	1838	2098	2520	2779.1875	3010.9375	3182.6875	3346	3524.5	4752.125	3973.5625	cultivos
512685	559125	1766	1998	2414	2677.25	2853.6875	3022.375	3178	3352.375	4781.4375	4063.1875	cultivos
512885	557985	1762	1982	2374	2693.125	2908.1875	3097.875	3167	3444.4375	4495.125	3823.75	cultivos
513335	558275	1869	2152	2594	2870.5	3051.25	3262.75	3394	3589.125	4827.5	4088.5	cultivos
516905	561815	1625	1902	2064	2628.6875	3243.4375	3508.3125	3554	3864.1875	4573.5	3309.375	cultivos
513875	557585	1594	1737	1968	2210.6875	2474.625	2675.0625	2886	3061.1875	4534.5625	3988.5625	cultivos
514225	559205	1686	1806	2140	2467.9375	2713.375	2949.75	3120	3431.625	5254.875	4243.9375	cultivos
513565	559225	1786	1990	2042	2587.4375	3440.625	3766.5	3855	4153.5	4128.9375	3016.8125	cultivos
513975	558655	1732	1929	2270	2508.125	2670.25	2826.5	2899	3130.0625	4893.75	4304.25	cultivos
512545	558875	1782	2030	2450	2781.4375	2967.5625	3150.5	3230	3490.375	4753.375	3974.625	cultivos
514245	558705	1714	1904	2212	2434.25	2612.6875	2771.5625	2927	3108.625	4912.75	4307.375	cultivos
513665	559085	1768	1955	2070	2516.125	3238.0625	3523.0625	3733	3940.5625	4239.75	3197.875	cultivos
513935	558665	1730	1900	2238	2485.625	2638.625	2796.8125	2919	3129.375	4873.8125	4304.0625	cultivos
513435	557665	1814	2068	2502	2825.75	3000.8125	3204.625	3307	3573.375	4849.0625	4060.8125	cultivos
514135	558975	1709	1882	2068	2508.0625	3046.1875	3297.3125	3381	3746.75	4502.375	3454.5625	cultivos
516935	561865	1734	1968	2256	2762.125	3083.9375	3318.6875	3362	3687.0625	4828	3576.9375	cultivos
514155	558015	1495	1581	1822	1998.4375	2168.125	2314.9375	2455	2647.125	4675.5	4386	cultivos
513555	559995	1688	1888	2218	2503.875	2722.5	2921.375	2965	3221.625	4655.9375	3933.1875	cultivos
514055	558675	1733	1928	2278	2504.125	2644.8125	2823.25	2955	3131.3125	4915.1875	4338.1875	cultivos
517145	561745	1748	1990	2228	2730.625	3280.875	3563.6875	3626	3953.0625	4835.625	3542.3125	cultivos
517135	562055	1761	2032	2240	2901.375	3505.75	3752.1875	3851	4138.0625	4971.3125	3577.6875	cultivos
513545	559835	1706	1897	2218	2445.0625	2694.1875	2911.5	3024	3230.125	4804.5	4017.5	cultivos
513695	557705	1734	1958	2328	2684	2936.6875	3204.125	3487	3731.5	4983.6875	4020.0625	cultivos
513865	558085	1493	1614	1855	2027.8125	2179.25	2343.1875	2456	2658.75	4176.1875	3859.125	cultivos
514535	559425	1556	1676	1901	2141.875	2314.125	2516.75	2593	2896.6875	4571.5	4111.9375	cultivos
513885	558225	1526	1638	1880	2041.5	2180.125	2338.125	2466	2653.8125	4536.5	4309.875	cultivos
513635	558745	1728	1964	2316	2578.875	2746.0625	2893.4375	2992	3200.6875	4732.375	4156.6875	cultivos
514425	559205	1698	1886	2224	2520.375	2759.875	2987.0625	3238	3491.5	5266.4375	4236.0625	cultivos
513865	559075	1906	2064	2224	2653.375	3198.5	3492.4375	3624	3870.4375	4319.0625	3253.4375	cultivos
512885	557805	1814	2042	2486	2787.0625	2950.0625	3151.8125	3208	3506.6875	4533.75	3821.75	cultivos
512875	558025	1774	2026	2426	2715.75	2893.4375	3076.875	3161	3431.875	4511.875	3841.9375	cultivos
512365	559365	1766	2128	2360	3024.625	3664.4375	3950.1875	4073	4342.9375	4819.25	3568.6875	cultivos
512395	559375	1778	2108	2390	2861.25	3463.9375	3715.4375	4038	4056.875	4554.875	3517.5625	cultivos
513585	558505	1782	1985	2374	2695	2930.75	3124.875	3237	3429	4572.75	3972	cultivos
513385	559435	1658	1809	2072	2394.375	2663.125	2903.625	3015	3307.8125	4875.6875	4101.0625	cultivos
513275	557665	1774	2005	2384	2635.6875	2834.375	3035.875	3157	3386.375	4850.0625	4189.375	cultivos
517175	561985	1782	2098	2370	2781.625	3440.8125	3785.4375	4018	4225.5	4752.5625	3367.375	cultivos
514025	559095	1870	2042	2108	2704.125	3523.75	3829.8125	3946	4204.5625	4100.0625	2938.0625	cultivos
517785	561865	1561	1802	1984	2483.5	2917.75	3175.75	3331	3556.8125	4127.875	2890.75	cultivos
514605	559735	1634	1802	2104	2371.5	2680.0625	2912.25	3214	3349.5	4969.8125	4071.5625	cultivos
513535	559085	1670	1870	2036	2507.625	3130.1875	3444	3563	3855.25	4444.875	3360.75	cultivos
513115	559265	1606	1816	1998	2440.75	2930.75	3123	3196	3489.5	4575	3745.0625	cultivos
513495	558675	1772	1991	2360	2634.5625	2832.125	2969.0625	3110	3309.5	4731.1875	4069.9375	cultivos
513955	559385	1473	1601	1819	2033.1875	2176.9375	2342.5	2455	2678.25	4720.5625	4334.5625	cultivos
513445	558325	1747	1984	2302	2582.5625	2773.5625	2939.1875	3045	3272.8125	4803.5	4221.1875	cultivos
514175	559255	1634	1820	2144	2460.9375	2677.1875	2925.75	3100	3386.1875	5226.25	4258	cultivos
513645	559155	1786	1960	2098	2543.3125	3171.875	3459	3564	3853.5625	4248.875	3248.1875	cultivos
513925	559785	1752	1977	2336	2496.4375	2667.3125	2884.3125	3104	3291.125	4625.4375	3963.8125	cultivos
513465	558495	1825	2032	2390	2613.0625	2759	2955.625	3092	3263.1875	4704	4187.6875	cultivos
514225	558075	1488	1611	1803	1999.5625	2134.6875	2284.625	2381	2598.75	4554.4375	4317.6875	cultivos
513195	557865	1857	2070	2472	2713.6875	2882.9375	3086.75	3241	3428.8125	4902.5	4227.125	cultivos
512705	558995	1762	2146	2302	2971.9375	3848.25	4114	4412	4462.875	4747.875	3551.9375	cultivos
513505	558105	1834	2106	2536	2817.6875	2978.1875	3179.5	3289	3556.375	4875.75	4156.8125	cultivos
514045	559295	1618	1786	2112	2398.875	2617.3125	2838	3019	3311.875	5145.25	4257.25	cultivos
513785	558605	1694	1868	2198	2439.9375	2621.6875	2783.9375	2914	3110.25	4778.1875	4241.875	cultivos
516855	561765	1756	2005	2246	2807.375	3337.75	3591.6875	3577	4003.5	4873.5625	3561	cultivos
513445	558435	1722	1930	2252	2472.4375	2629.6875	2804.125	2898	3121.875	4788.375	4280	cultivos
513715	559335	1664	1806	2138	2448	2704.5625	2922.375	3072	3364.8125	5147.625	4206.5625	cultivos
513915	557845	1616	1761	2098	2436.75	2648.8125	2882.6875	3040	3340.125	5010.4375	4075.8125	cultivos
512715	558775	1756	2160	2334	2973.375	3958.875	4280.25	4353	4614.3125	4805.1875	3579.625	cultivos
512685	559325	1776	2164	2492	2942.5625	3462.8125	3682.5	4104	4135	4981.5625	3826.75	cultivos
512715	558255	1758	1977	2326	2662.5	2962.0625	3171.5	3142	3496.5	4636.1875	3826.5	cultivos
513845	559875	1758	2128	2364	2960.6875	3653.9375	3889.0625	4083	4315.75	4872.0625	3619.8125	cultivos
513215	558495	1722	1938	2242	2518.5625	2663.3125	2848.5625	2921	3194.125	4754.125	4199.3125	cultivos
513495	559395	1662	1834	2136	2443	2729.9375	2990.375	3185	3427.75	5094.3125	4149.25	cultivos
513655	558475	1800	2022	2410	2643.1875	2866.25	3039.5	3165	3375.875	4544.9375	3970.5625	cultivos
512965	558085	1797	2046	2418	2813	3167.5	3411.375	3360	3747.8125	4698.4375	3854.375	cultivos
513345	558065	1879	2134	2588	2891.125	3068	3274.25	3295	3612.8125	4888.25	4129.3125	cultivos
514205	559105	1597	1776	1817	2461.0625	3343.125	3662.25	3811	4082.5	4164.25	3063.875	cultivos
513695	559725	1544	1716	1792	2159.6875	2644.75	2877.8125	3007	3180.9375	4358.3125	3667.0625	cultivos
513185	557955	1855	2108	2540	2793.875	2972.625	3155.875	3302	3527.625	4902.9375	4176.3125	cultivos
513515	559055	1610	1826	1914	2551.875	3226.0625	3578.625	3817	4089.1875	4597.5625	3396.0625	cultivos
514015	558175	1503	1598	1782	1952.875	2080.9375	2222.8125	2356	2520.8125	4573.5625	4371.6875	cultivos
513395	558755	1740	1968	2320	2605.3125	2766.25	2919.5625	3014	3278.875	4821.875	4188.75	cultivos
512575	559345	1772	2076	2408	2878.375	3380.0625	3600.25	4012	4082.9375	4828.4375	3751.0625	cultivos
513285	557925	1847	2138	2590	2898.75	3029.875	3246.875	3388	3588.0625	4954.75	4160.25	cultivos
512705	558825	1854	2254	2536	3080.1875	4005.875	4279.25	4301	4656.375	4941.3125	3658.9375	cultivos
517855	561685	1569	1812	2062	2547.8125	2965	3205.1875	3217	3593.1875	4279.875	3009.0625	cultivos
513975	559235	1682	1852	2136	2474.4375	2743.125	2986.625	3201	3466.375	5139.5	4142.5	cultivos
513355	558855	1840	2120	2486	2731.9375	2911.9375	3067.875	3246	3417.25	4907.375	4209.5625	cultivos
512715	559335	1615	1763	2046	2465.25	2834	3083.4375	3032	3396	4799.3125	4006.1875	cultivos
513535	558835	1807	2019	2422	2678.5	2860.25	3047.5	3111	3375.625	4770.0625	4151	cultivos
514665	558215	1524	1642	1836	2018.875	2201.8125	2364	2484	2643.8125	4429.875	4097.5	cultivos
512635	558885	1778	2030	2430	2774.4375	2968.625	3159.875	3186	3511.75	4905.0625	4109.25	cultivos
512655	558515	1808	2192	2644	3109.3125	3748.5	4092.9375	4060	4494.8125	5127.6875	3769.3125	cultivos
514505	559285	1560	1654	1926	2156.375	2340	2512.625	2654	2871.9375	4429.9375	3915.875	cultivos
517935	561875	1504	1728	1848	2485.5	2944.875	3205.375	3167	3583.125	4061	2845.0625	cultivos
514235	558535	1691	1860	2170	2403.75	2563.375	2707.5625	2865	3050.5	4838.625	4276.8125	cultivos
517715	561575	1570	1850	2016	2521.0625	2966.9375	3225.125	3281	3606.1875	4191.1875	2931.1875	cultivos
513655	558195	1730	1942	2328	2546.0625	2701.125	2866.0625	3026	3203.4375	4758	4213.25	cultivos
513785	558515	1697	1884	2186	2441.5625	2608.875	2778.9375	2896	3099.5	4816.9375	4265.75	cultivos
514355	559785	1672	1830	2138	2450.5	2747	2985.6875	3143	3435.0625	4955.625	3994.9375	cultivos
517945	561725	1575	1822	2058	2515.0625	2983.5	3225.6875	3259	3631.4375	4121.9375	2891.9375	cultivos
515945	557815	1728	1997	2358	2776	3270.3125	3545.375	3626	3921.5	4945.5625	3672	cultivos
513845	558255	1513	1622	1850	2029.875	2166.375	2321.75	2494	2643.875	4359.75	4106.9375	cultivos
513795	557585	1672	1900	2210	2595.75	3026.5	3357.9375	3447	3922.75	4962.5	3866.9375	cultivos
517675	561955	1636	1870	2070	2604.5625	3174	3398.4375	3430	3785.125	4471.4375	3234.3125	cultivos
514075	558735	1730	1916	2258	2519.6875	2701	2881.3125	2967	3195.8125	4962.8125	4326.6875	cultivos
513665	559735	1563	1732	1838	2178.875	2643.75	2868.9375	2902	3176.375	4352.375	3638.6875	cultivos
513585	559985	1684	1871	2188	2473.625	2701	2873.6875	2955	3214.625	4683.5	3975.5	cultivos
513425	557785	1861	2126	2586	2924.5	3098.0625	3302.9375	3365	3655.125	4875.75	4092.0625	cultivos
513875	558085	1488	1616	1836	2037.5	2190.1875	2357.1875	2436	2672.5	4205.5625	3875.5	cultivos
513545	558705	1760	1968	2306	2601.625	2770.4375	2968.875	3017	3266.4375	4610.4375	4015.4375	cultivos
515915	557955	1636	1908	2080	2676.5	3288.125	3598.0625	3754	3961.0625	4776.125	3489.6875	cultivos
513485	557975	1886	2128	2546	2869.5625	3038.9375	3222.9375	3308	3559.5625	4785.4375	4074.3125	cultivos
513465	559405	1626	1794	2100	2409.25	2677.9375	2902.6875	3065	3341.1875	5118.8125	4227.625	cultivos
513555	557915	1834	2122	2560	2858.6875	3024	3207.625	3346	3545.8125	4696.5625	4009.5	cultivos
517085	561895	1670	2024	2156	2798.1875	3397.25	3659.625	3867	4028.9375	4617.1875	3262.1875	cultivos
513285	558325	1786	2042	2426	2729.25	2885.3125	3085.875	3128	3419.625	4756.0625	4126.9375	cultivos
514245	558215	1477	1586	1780	1954.25	2084.9375	2245	2352	2534.75	4570.375	4356.8125	cultivos
513435	559115	1662	1846	1900	2495.1875	3414.8125	3747.9375	3849	4199.9375	4183.6875	3012.9375	cultivos
514365	558495	1719	1946	2266	2508.3125	2691.75	2833.875	2949	3146.875	4906.75	4278.3125	cultivos
514385	558925	1736	1880	2016	2509.4375	3119.875	3405.1875	3563	3840.375	4426.9375	3320.8125	cultivos
514025	558865	1703	2012	2170	2798.5	3798.875	4110.5	4219	4476.3125	4640.25	3351.3125	cultivos
513245	557805	1750	1936	2368	2628.8125	2786.5	2977.4375	3100	3315.25	4861.5625	4215.5625	cultivos
515935	557955	1702	1964	2218	2667.0625	3292.0625	3593.6875	3609	3948.0625	4803.125	3490.8125	cultivos
514275	558705	1676	1896	2188	2425.875	2600.125	2775.9375	2895	3106.875	4896.4375	4307.125	cultivos
513965	558375	1454	1574	1745	1914.125	2067.6875	2194.6875	2274	2474.5625	4469.5	4254.75	cultivos
513705	557835	1554	1713	1939	2193.75	2373.4375	2558.3125	2708	2918.9375	4282.0625	3811.625	cultivos
513535	558735	1795	2002	2368	2650.625	2822.625	2994.75	3144	3336	4577.75	3996.5	cultivos
515885	557805	1705	1988	2232	2652.25	3195.3125	3477.5	3600	3877.0625	4730.9375	3544.8125	cultivos
513865	558265	1497	1600	1821	2013.375	2150.8125	2300.25	2405	2610.6875	4475.9375	4263.375	cultivos
516905	561915	1761	2008	2284	2771.6875	3139.125	3376.5625	3480	3743.1875	4903.3125	3608.4375	cultivos
513995	557795	1672	1889	2278	2624.25	2924.625	3154.4375	3376	3661.75	5199.1875	4059.1875	cultivos
513245	558515	1794	2014	2386	2610.75	2768.9375	2941.8125	3088	3268.1875	4793.625	4224.875	cultivos
513945	557845	1616	1754	2068	2346	2556.375	2769.0625	2923	3211.5	4928.5	4080.125	cultivos
513975	557605	1558	1678	1930	2241.5	2446.8125	2647.1875	2779	3034.3125	4709.8125	4051.75	cultivos
513445	557935	1860	2140	2552	2834.3125	2977.875	3187.6875	3342	3538.25	4819.5	4084.625	cultivos
513255	558545	1720	1939	2284	2534.0625	2686.1875	2854.3125	2985	3180.4375	4761.375	4192.125	cultivos
512645	558795	1810	2090	2510	2900.625	3283.3125	3487.5	3377	3835.5	4859.4375	3921.6875	cultivos
513835	559875	1784	2152	2408	2991.5625	3667.8125	3901.6875	4104	4331.25	4904.6875	3650.9375	cultivos
517895	561525	1594	1870	1979	2493.875	3350	3631.0625	3674	4043.9375	4303	3028.75	cultivos
512895	558045	1790	2024	2422	2746.0625	2914.3125	3115.0625	3220	3446.375	4531	3842.375	cultivos
517845	561785	1490	1702	1848	2344.9375	2959.75	3213.5	3357	3608.0625	3883.9375	2707.6875	cultivos
517005	561645	1346	1619	1470	2171.8125	3513	3968.75	4309	4402.125	3574.1875	2378.5	cultivos
513935	559245	1678	1844	2128	2459	2705.25	2959.625	3118	3436.25	5135	4155.8125	cultivos
514305	558475	1676	1891	2228	2466.9375	2623.375	2800	2937	3116.375	4908.5	4275.9375	cultivos
517045	561975	1551	1747	1915	2420.875	2877.5625	3116.4375	3257	3559.3125	4032.875	2815.9375	cultivos
516855	561995	1638	1922	2028	2743.6875	3514.1875	3725.8125	3866	4125.3125	4727.6875	3341.875	cultivos
513575	559305	1651	1830	2120	2496.25	2819.125	3074.4375	3262	3527.5625	5051.9375	4013.25	cultivos
513405	560025	1647	1808	2130	2380.3125	2586.5625	2806.375	2896	3168.75	4724.3125	4073.25	cultivos
513545	558855	1752	1942	2310	2592.375	2773.9375	2970.125	3075	3322.875	4813.75	4185.5625	cultivos
514275	559085	1728	1886	1884	2509.625	3659.0625	3944.625	4064	4342.5	3947.3125	2828.1875	cultivos
513325	557685	1749	1975	2336	2639.125	2799.3125	3016.3125	3076	3330.5625	4889.5	4213.5	cultivos
514005	558075	1547	1664	1920	2093.125	2245.875	2407.875	2572	2741.1875	4533.25	4227.25	cultivos
513485	558555	1764	1966	2338	2625.625	2820.1875	3029.625	3092	3351.75	4703.1875	4060.25	cultivos
513885	559865	1780	2154	2454	2960.75	3645.375	3907.75	4024	4330	4856.3125	3610.125	cultivos
514405	557995	1692	1875	2232	2484.6875	2633.125	2794.6875	2932	3145	4892.375	4256.125	cultivos
513485	558065	1861	2112	2550	2824.6875	3006.1875	3189.625	3315	3528.375	4830.8125	4116.375	cultivos
512535	559365	1723	1944	2248	2666.5625	3059.9375	3260	3353	3588.6875	4501.25	3683.125	cultivos
514665	559135	1631	1878	2018	2442.375	3127.3125	3476.4375	3581	3978.75	4545.5	3505.125	cultivos
514125	558565	1660	1870	2174	2412.3125	2565.875	2736.375	2842	3063.375	4891.3125	4325.8125	cultivos
517515	561525	1626	1918	2042	2666.75	3273.9375	3534.6875	3614	3921.75	4473.0625	3125.6875	cultivos
517515	561785	1660	1964	2184	2830.3125	3351.9375	3595.5625	3687	4026.875	4806.5	3371.375	cultivos
514425	558055	1670	1852	2224	2494.6875	2657.4375	2832.6875	2934	3188.6875	4933.75	4314.625	cultivos
514135	558565	1675	1840	2164	2403.9375	2552.6875	2731.8125	2819	3054.8125	4896.0625	4331.75	cultivos
513935	558885	1684	2036	2106	2743.125	3908.625	4281.75	4420	4623.0625	4528.4375	3273.25	cultivos
514485	559375	1560	1672	1924	2132.3125	2284.3125	2496.625	2618	2853.9375	4519.5625	4095.3125	cultivos
513295	558775	1716	1926	2264	2545.125	2716.375	2881.6875	2954	3191.375	4773.9375	4160.4375	cultivos
513315	558195	1798	2072	2482	2772.3125	2952.8125	3163.25	3242	3497.5625	4705.4375	4017.125	cultivos
513985	558125	1508	1600	1810	2006.75	2138.75	2300	2419	2627.6875	4550.0625	4232.625	cultivos
514525	558155	1661	1850	2194	2439.3125	2581.0625	2755.3125	2881	3097.75	4890.3125	4302.25	cultivos
512845	558325	1916	2184	2586	2953.5625	3173	3374.3125	3417	3715.75	4945.6875	4167.9375	cultivos
513885	558265	1488	1605	1816	1987.6875	2101.75	2267.5625	2389	2578.75	4550.125	4332.1875	cultivos
514575	559415	1556	1692	1937	2143.875	2329.5625	2516.5625	2641	2865.3125	4577.5625	4127.5	cultivos
513615	558665	1712	1932	2202	2505.6875	2691.625	2872.4375	2983	3192.0625	4673.5	4082.9375	cultivos
513495	557795	1881	2132	2598	2888.375	3072.875	3261	3369	3602.1875	4747.375	4023.75	cultivos
514015	559695	1563	1710	1804	2217	2765.8125	2992.4375	3063	3329.1875	4381.4375	3642.5625	cultivos
513955	559365	1494	1630	1824	2063.375	2204.8125	2383.1875	2460	2749.1875	4766.8125	4323.25	cultivos
513575	558175	1816	2044	2456	2724.6875	2871.4375	3077.6875	3173	3405.375	4823.75	4169.625	cultivos
514685	559375	1508	1648	1866	2056.5625	2235.25	2429.75	2559	2746.125	4578.75	4124.0625	cultivos
512905	557835	1912	2168	2606	2882.0625	3114.9375	3345.0625	3415	3654.9375	4630.9375	3837.4375	cultivos
514225	558615	1696	1905	2226	2446.3125	2612.5	2747.75	2896	3067.625	4907.25	4354	cultivos
514155	558445	1650	1814	2126	2343	2502.125	2673.5625	2783	2978.3125	4889.4375	4369.375	cultivos
513905	559575	1646	1816	2150	2410.5	2613.5625	2813	2931	3230.4375	4920.375	4140.5	cultivos
513565	559965	1712	1916	2268	2548.25	2769.25	2970.9375	3009	3329.25	4731.6875	3955.5625	cultivos
516185	562085	1626	1872	2170	2852.1875	3504.875	3895.375	4049	4415.0625	4629.5	3300	cultivos
517585	561965	1670	1964	2150	2784.5625	3319.875	3544.1875	3631	3964.25	4835.6875	3440.5	cultivos
517415	561615	1715	1978	2224	2710.1875	3254.4375	3513.9375	3578	3874.6875	4932.375	3507.6875	cultivos
516935	561995	1660	1932	2148	2647.625	3193.6875	3461.75	3452	3820.5	4481.375	3200.5625	cultivos
513945	558495	1681	1878	2206	2434.4375	2591.9375	2766.9375	2897	3078.1875	4824.6875	4267.5625	cultivos
513565	558605	1764	1968	2360	2614.625	2784.75	2939.5	3060	3274.6875	4705.6875	4075.9375	cultivos
513775	558155	1483	1621	1844	2071.1875	2221	2379.5	2509	2707.4375	4234	3847.875	cultivos
513645	559785	1549	1705	1919	2422.6875	2936.0625	3186.5	3427	3597.125	4667	3686.9375	cultivos
513495	558395	1684	1894	2216	2494.5625	2672.6875	2844.875	2878	3168.125	4799.0625	4261.9375	cultivos
513475	558155	1835	2122	2520	2825.9375	2992.6875	3178.625	3288	3534.125	4846.875	4136	cultivos
514625	559705	1606	1751	2048	2298.6875	2653.9375	2861.8125	2807	3228.625	4668.3125	3938.6875	cultivos
512775	558315	1750	1972	2356	2623.5	2844.8125	3037.0625	3125	3366.75	4574.0625	3826.625	cultivos
513105	558705	2248	2670	3402	3851.6875	4134.375	4382.9375	4577	4853.4375	6022.125	4605.6875	cultivos
517435	561485	1571	1849	1983	2620.625	3290.875	3550.9375	3634	3962.875	4496.75	3118.0625	cultivos
513915	558015	1589	1734	2007	2254	2430.9375	2639	2848	3057.6875	4667.8125	4024.1875	cultivos
517115	561935	1706	2042	2202	2916.25	3549.1875	3814.25	3865	4175.6875	4798.125	3399.75	cultivos
514445	559325	1538	1647	1890	2108.5	2254.875	2433.75	2592	2817.75	4462.25	4000.75	cultivos
512555	559335	1824	2126	2494	3026.3125	3517.0625	3800.3125	3978	4217.5625	4997.125	3738.9375	cultivos
514675	558175	1524	1632	1820	2016.625	2195.0625	2320.8125	2400	2631.6875	4438.4375	4104.3125	cultivos
513435	558405	1734	1974	2306	2574.0625	2711.6875	2921.1875	3035	3223.8125	4849.375	4270.1875	cultivos
513255	558815	1746	1950	2280	2510.8125	2697.5625	2855.25	3004	3156.8125	4719.5625	4112.375	cultivos
514035	558035	1541	1665	1905	2098.3125	2229.625	2408.375	2549	2746.75	4532.25	4230.625	cultivos
513165	557815	1833	2066	2486	2816.4375	2984.9375	3176.4375	3209	3543	4885.375	4178.5	cultivos
513985	559695	1499	1718	1778	2219.875	2707.875	2919.125	3031	3288.75	4378.25	3633.875	cultivos
514495	558045	1714	1902	2282	2487.375	2639.5625	2847.1875	3004	3159.1875	4843	4248	cultivos
513385	558955	1657	2060	2076	2789.875	4097.375	4453.9375	4588	4837.5	4657.75	3326.4375	cultivos
512535	559045	1768	2026	2432	2727.3125	2934.375	3116.0625	3180	3449.75	4867.5	4112.3125	cultivos
514535	559695	1535	1714	1848	2355.25	2862.0625	3135.3125	3429	3530.125	4640.5	3747.4375	cultivos
514395	558535	1752	1973	2274	2481.1875	2644.625	2776.6875	2946	3080	4897.5625	4345.625	cultivos
517055	562015	1536	1778	1904	2396.875	3069.5625	3373.4375	3479	3785.875	3969.75	2755.75	cultivos
512755	558995	1822	2206	2416	2994.5625	3922	4217.875	4313	4557.5	4879.6875	3651.0625	cultivos
513815	558285	1522	1633	1854	2038.875	2177.8125	2365.8125	2481	2660.9375	4346.625	4090.8125	cultivos
517695	561555	1574	1818	2002	2494.1875	3021.4375	3267.5	3375	3651.625	4038.375	2818.5625	cultivos
514625	559165	1739	1936	2224	2629.8125	2971.3125	3235.8125	3435	3777.6875	5408.4375	4193.9375	cultivos
513845	558435	1501	1634	1832	2042.5625	2174.9375	2332.875	2428	2658.75	4576.875	4315.3125	cultivos
513835	558895	1686	2058	2132	2750.25	3939.8125	4299.875	4448	4647.1875	4482.4375	3213.125	cultivos
514035	558645	1727	1924	2280	2503.3125	2635	2808.8125	2953	3128	4884.75	4325.1875	cultivos
514085	559445	1508	1616	1854	2034.8125	2193.6875	2351.125	2481	2714.4375	4659.5	4288.5	cultivos
514635	558235	1520	1648	1809	2041.5	2268.875	2428.5	2511	2732	4512.6875	4123.6875	cultivos
513725	559145	1911	2076	2170	2725.8125	3470.6875	3721.4375	3886	4121.4375	4173.1875	3058.75	cultivos
517675	561515	1546	1806	1930	2480.875	3090.4375	3339.75	3456	3730.75	3981.3125	2724.75	cultivos
516925	561825	1628	1893	2088	2687.875	3125.8125	3356.4375	3439	3729.375	4624.8125	3406.4375	cultivos
515695	557895	1566	1870	1946	2516.3125	3364.75	3662.25	3875	4168.25	4580.625	3303.125	cultivos
515945	557975	1693	1935	2168	2641.125	3242	3570.1875	3636	3948.3125	4764.5625	3468.875	cultivos
514315	558125	1482	1560	1762	1939.375	2052.125	2213.625	2301	2498.625	4522	4180.8125	cultivos
513975	558935	1646	1813	2064	2541.1875	2999.9375	3257.5	3440	3775.125	4886.9375	3743.75	cultivos
512765	559135	1760	2160	2338	3036.75	4027	4353.25	4441	4712.6875	4896.6875	3573.8125	cultivos
513415	558165	1844	2112	2562	2809.5625	2975.5	3172.375	3279	3521.5625	4875.6875	4145.6875	cultivos
513795	559195	1712	1890	1906	2577.3125	3500.25	3787.75	4032	4212.5625	4212.5	3133.6875	cultivos
514045	559585	1634	1797	2122	2323.5625	2501.9375	2713.875	2898	3059.3125	4903.3125	4177.5	cultivos
517585	561785	1650	1924	2084	2703.3125	3239.5	3494.5625	3567	3855.5625	4590.3125	3249.9375	cultivos
517555	561975	1775	2052	2422	2860.0625	3305.375	3603.75	3629	4025.75	5067.625	3674.375	cultivos
513875	558165	1514	1652	1875	2065.5	2191.125	2365.25	2487	2683.9375	4393.625	4096.8125	cultivos
514245	559085	1728	1920	1938	2549.3125	3555.375	3847.1875	3944	4252.5625	4038.8125	2895.5625	cultivos
513345	558605	1732	1935	2268	2548.875	2701.25	2889.5	2947	3240.5625	4776.25	4161.9375	cultivos
513775	558995	1645	1812	2028	2533.5625	3060.6875	3342.9375	3482	3877.4375	4885.125	3666.75	cultivos
512825	559235	1896	2256	2674	3161.25	3795.1875	4065.6875	4208	4458.1875	5239.25	3866.3125	cultivos
513125	559205	1872	2218	2618	3151	3778.9375	4029.125	4168	4473.375	5270.125	3905.1875	cultivos
517565	561865	1693	1974	2158	2766.875	3238.3125	3507.0625	3574	3902.5	4729.4375	3334.8125	cultivos
517165	561955	1732	2058	2262	2822.75	3394.125	3695	3900	4104.0625	4743.375	3348.75	cultivos
514015	559065	1910	2062	2194	2677.125	3275.4375	3518.75	3575	3927.375	4260	3173.6875	cultivos
514435	558855	1638	1830	2064	2442.875	2923.0625	3181.3125	3331	3627.5625	4778.375	3719.25	cultivos
514255	559285	1638	1775	2066	2304.125	2487.4375	2693.625	2930	3135.3125	4998.5	4294.625	cultivos
514825	558255	1596	1763	2050	2305.9375	2573	2773.125	2858	3105.5625	4593.5	3984.625	cultivos
513615	559905	1704	2058	2230	2909.5625	3631.125	3915	3994	4288.125	4835.4375	3629.8125	cultivos
514275	559185	1654	1834	2156	2502.1875	2754.1875	2979.3125	3185	3484.75	5222.0625	4206.5625	cultivos
517625	561895	1733	2006	2256	2751.75	3204.75	3431.5	3518	3796.0625	4764.3125	3475.5	cultivos
514285	559015	1874	2016	2182	2658.5	3239.75	3468.9375	3541	3918.8125	4223.875	3151.875	cultivos
514295	558195	1484	1594	1786	1974.4375	2101.3125	2256.3125	2365	2552.8125	4600.875	4414.625	cultivos
517065	561595	1700	1999	2138	2752.25	3509.75	3810.75	3931	4207.8125	4713.375	3274.75	cultivos
514545	558025	1556	1664	1826	2055.625	2275.8125	2454.75	2535	2753.0625	4297.3125	3933.25	cultivos
517175	562035	1932	2232	2582	2923.9375	3384.6875	3640.4375	3742	3984.5	4915.6875	3614.5	cultivos
512635	558395	1886	2274	2732	3128.125	3758.75	4064.375	4208	4495.6875	5178.125	3874.875	cultivos
514305	558215	1487	1592	1810	1975.1875	2093.375	2238.5625	2358	2540.6875	4597.125	4429.4375	cultivos
513865	557595	1594	1713	2009	2214.0625	2436.9375	2615.9375	2864	2992.875	4630.5625	4084.0625	cultivos
514415	559675	1550	1724	1860	2336.4375	2986.0625	3279.5625	3525	3625.125	4351.9375	3439.75	cultivos
513605	559985	1662	1858	2198	2481.25	2700.75	2892.625	2929	3213.9375	4674.9375	3948.6875	cultivos
512975	558355	1789	2010	2396	2562.75	2710.125	2919.0625	3112	3234.0625	4480.3125	3879.125	cultivos
514445	558245	1668	1860	2208	2485.5625	2642.5	2809.625	2926	3131.0625	4953.625	4289.5625	cultivos
517195	561665	1705	1932	2190	2695.1875	3169.875	3426.0625	3490	3833.9375	4885.875	3478.4375	cultivos
513865	558275	1483	1606	1814	2014.5	2150.25	2304	2414	2614.1875	4497.0625	4279.75	cultivos
514105	558045	1517	1634	1833	2011.9375	2137.4375	2293.9375	2439	2631.4375	4645	4390.3125	cultivos
514045	559765	1654	1858	2166	2403.5	2704.8125	2930.6875	2945	3298.375	4693.9375	3956.625	cultivos
513415	558305	1818	2074	2426	2707.8125	2871.9375	3067.3125	3209	3400.25	4869.8125	4206.6875	cultivos
513705	559515	1540	1650	1875	2064.125	2224.125	2393.125	2497	2719.5	4669	4304.1875	cultivos
514475	558075	1732	1940	2304	2531.875	2687.375	2857.125	3017	3208.5625	4844.5625	4238.8125	cultivos
513355	559055	1536	1744	1780	2367	3267.4375	3620.8125	3845	4127.5625	4332.3125	3117.25	cultivos
514295	558605	1706	1902	2232	2454.3125	2615.375	2790.4375	2864	3072	4856.9375	4325.875	cultivos
514545	558055	1549	1684	1894	2100.125	2308.375	2474	2548	2782.5625	4348.0625	3971.6875	cultivos
514505	558065	1704	1900	2262	2483.625	2661.3125	2851.25	3014	3198	4819.5625	4211.6875	cultivos
513945	558105	1511	1620	1872	2044.9375	2175.5625	2375.625	2506	2661.375	4482.5	4153.4375	cultivos
513755	559805	1686	1868	2202	2389.0625	2671	2873	2896	3191	4713.5	3991.0625	cultivos
513575	559635	1482	1626	1833	1993.8125	2167.4375	2327.5	2453	2666.5	4654.6875	4266.125	cultivos
513945	557885	1566	1714	1998	2266.1875	2486.4375	2684.5	2844	3092	4887.4375	4060.1875	cultivos
513605	558815	1752	2008	2360	2615.625	2766.625	2967.3125	3048	3296.0625	4798.4375	4187.125	cultivos
512955	558255	1715	1938	2342	2594	2739.3125	2948.375	2963	3242	4442.8125	3858.3125	cultivos
512805	558825	1742	1935	2250	2449.25	2604.25	2751.875	2947	3039.625	4577	4064.1875	cultivos
512595	558695	1798	2036	2474	2759.625	2975.9375	3185.9375	3250	3487.625	4742.625	3995.125	cultivos
514325	557935	1664	1841	2202	2405.3125	2561.1875	2725.1875	2885	3073.5	4945.1875	4323.5625	cultivos
513855	559095	1858	2010	2174	2637.9375	3199.4375	3465.9375	3482	3837.625	4313.75	3275	cultivos
513665	557855	1556	1684	1924	2186.5	2375.625	2570.375	2722	2934.0625	4312.625	3836.1875	cultivos
512765	558985	1780	2134	2394	2876.125	3597.8125	3871.4375	4175	4239.625	4809.8125	3744	cultivos
513295	558765	1676	1877	2216	2513.375	2694.8125	2849.4375	2939	3164.25	4766.5625	4149.125	cultivos
514015	559775	1672	1904	2216	2424.625	2726.4375	2927.625	2913	3294	4741.6875	3981.375	cultivos
517035	561735	1666	1964	2204	2680.4375	3163.3125	3397.9375	3536	3826.875	4255.8125	3003.875	cultivos
513795	558905	1684	2060	2102	2766.5625	4013.5625	4367.75	4427	4721.3125	4472.25	3188	cultivos
513675	559825	1677	1845	2172	2437.8125	2705.5	2911.625	2962	3289.5	4799.5	3962	cultivos
513475	558285	1808	2011	2398	2640.5	2788.1875	2981.75	3106	3325.875	4810.5625	4211.75	cultivos
514165	558185	1514	1638	1849	2022.25	2133.5	2300.4375	2438	2610.6875	4636.1875	4414.8125	cultivos
514065	558565	1689	1867	2180	2428.8125	2594.0625	2747.125	2908	3067.3125	4863.75	4298.4375	cultivos
513355	558065	1886	2130	2556	2915.125	3084.625	3300.8125	3331	3631.6875	4900.3125	4135.5	cultivos
513925	558935	1628	1828	2058	2543.0625	3038	3322.625	3514	3827.9375	4872.6875	3703.0625	cultivos
517815	561895	1578	1845	2070	2536.4375	2997.625	3210.25	3364	3610.5625	4195.25	2924.8125	cultivos
514435	559195	1693	1854	2176	2545.75	2766.5	3016.9375	3241	3508.4375	5286.375	4227.625	cultivos
516995	562045	1580	1862	2004	2470.1875	3351.5625	3726.9375	3776	4096.3125	4175.0625	2866	cultivos
514655	559295	1518	1628	1860	2067.625	2248.9375	2438.625	2553	2807.125	4608.9375	4192.8125	cultivos
514255	558825	1676	2013	2100	2685.1875	3708.5625	4025.5625	4257	4446.4375	4600.4375	3314.0625	cultivos
517585	561635	1600	1910	1942	2619.1875	3383.375	3639.0625	3768	4038.4375	4439.1875	3042.875	cultivos
517955	561885	1556	1836	2018	2542.125	3018.8125	3257.75	3324	3684.1875	4119.875	2875	cultivos
513715	557865	1571	1690	1940	2260.25	2424.9375	2645.6875	2675	3005.3125	4476.5625	3930.25	cultivos
517015	562005	1498	1718	1848	2339.125	3066.75	3381	3398	3826.6875	3821.9375	2622.25	cultivos
517755	561735	1498	1734	1888	2298.5625	2763.1875	2982.625	3152	3357.5625	3923.0625	2709.3125	cultivos
517775	561895	1535	1802	1975	2490.625	2935.5625	3177.8125	3224	3574.25	4203.25	2950.625	cultivos
512955	559305	1478	1616	1786	2149.5	2434.4375	2594.3125	2425	2901.75	4593.6875	4061.1875	cultivos
515795	557855	1677	1952	2206	2655.6875	3269.8125	3552.25	3608	3984.125	4820.3125	3552.125	cultivos
514345	558485	1696	1914	2238	2505.4375	2685.8125	2826.5	2913	3166.8125	4913.3125	4276.5	cultivos
513535	559115	1824	2000	2028	2591.4375	3506.5625	3817.75	3959	4251.5625	4020.875	2873.875	cultivos
512805	558735	1746	1963	2294	2428.75	2806.0625	2999.5	3052	3310.75	4423.9375	3806.1875	cultivos
513955	559935	1850	2094	2538	2822.875	3027.25	3253.3125	3322	3571.1875	4635.0625	3857.875	cultivos
514235	559275	1638	1784	2084	2381.125	2580.5625	2815.0625	2995	3232.1875	5132.75	4310.75	cultivos
513945	557635	1544	1686	1926	2201.625	2433.375	2639.5	2720	3015.5625	4629.125	4042.25	cultivos
514495	559715	1654	1861	2168	2362.4375	2754.4375	3021.6875	3027	3387.75	4736.375	3979.1875	cultivos
514895	559275	1526	1648	1880	2092.3125	2278.8125	2506.3125	2632	2828.5	4540.0625	4070.125	cultivos
513505	557785	1828	2086	2510	2854	3055.5	3218.9375	3281	3563	4719.75	4016.0625	cultivos
517215	561995	1641	1937	2196	2707.75	3247.9375	3555.4375	3728	3977.4375	4749.875	3409.25	cultivos
513685	557805	1544	1664	1920	2246.375	2441.3125	2640.6875	2695	3023.4375	4413	3846.6875	cultivos
513965	558195	1468	1600	1786	1968.9375	2097.375	2216.375	2349	2549.4375	4553.5625	4335.5	cultivos
514635	559735	1588	1778	1988	2269.5625	2731.9375	2996.8125	3096	3431.5	4667.8125	3727.0625	cultivos
512845	558385	1940	2230	2646	2964.125	3195.5625	3401.875	3562	3756.3125	4893.25	4133.9375	cultivos
512715	559005	1764	2188	2346	3011.9375	3998.875	4274.8125	4395	4609.3125	4766.5625	3507.0625	cultivos
513665	557615	1689	1899	2156	2626.5625	3007.375	3266.9375	3546	3805.8125	4956.0625	3930.6875	cultivos
513875	559045	1920	2072	2212	2632.75	3228.0625	3509.625	3619	3929.4375	4320.5625	3243.75	cultivos
513385	558255	1821	2058	2450	2800.5	2975.25	3163.5625	3191	3501.75	4830.9375	4131.125	cultivos
513505	557735	1870	2120	2576	2887.875	3081.5	3275.125	3376	3609.5625	4732.3125	4002.8125	cultivos
512975	558295	1676	1901	2188	2554.5	2711.875	2903.5	2853	3224.0625	4461.4375	3849.75	cultivos
513175	558065	1754	2008	2360	2711	2887.125	3062.5625	3088	3421.375	4889.3125	4139.875	cultivos
513425	558955	1722	2106	2192	2820	4120.0625	4493.625	4529	4859.4375	4640.625	3301	cultivos
512985	558295	1754	1928	2306	2608.5	2784.125	2958.5	2991	3288.6875	4499.8125	3869.75	cultivos
513615	559735	1548	1706	1810	2202.5625	2635.75	2855.8125	2935	3180.75	4400.8125	3709.375	cultivos
514425	558145	1653	1814	2138	2434	2601.5625	2756.25	2826	3121.1875	4948.4375	4315.1875	cultivos
513635	559305	1692	1907	2162	2513.5	2831.1875	3084.875	3284	3550	5075.3125	4053.6875	cultivos
513825	558305	1534	1628	1842	2047.6875	2179.625	2360.8125	2497	2673.625	4421.6875	4186.25	cultivos
516155	562045	1908	2190	2872	3244.4375	3637.9375	3965.875	4156	4509.5	5401.625	3947.0625	cultivos
513825	558735	1712	1922	2238	2498.4375	2652.75	2830	2942	3143.9375	4859.8125	4299	cultivos
513905	558615	1714	1874	2224	2457.75	2635.9375	2785.4375	2911	3119.25	4846.625	4318.4375	cultivos
512885	558125	1776	2028	2366	2698.75	2859.375	3040.625	3081	3387.5	4502.3125	3856.1875	cultivos
513475	559625	1505	1636	1854	2079.875	2299.75	2443.25	2515	2782.6875	4658.5625	4264.5	cultivos
513475	558665	1730	1964	2310	2617.0625	2802.9375	2969.75	3081	3306.75	4764.9375	4090	cultivos
513535	557735	1844	2098	2564	2865.8125	3056.5625	3265.1875	3387	3582.3125	4724.8125	4024	cultivos
515975	557845	1703	1969	2244	2674.1875	3203.875	3498.75	3608	3893	4793.75	3512.375	cultivos
514305	558135	1466	1552	1759	1926	2032.25	2184.6875	2310	2478.75	4511.75	4235.9375	cultivos
514385	558555	1691	1892	2188	2446.9375	2621.8125	2769.9375	2846	3073.25	4876.3125	4344.875	cultivos
514035	559075	1897	2066	2148	2687.625	3345.3125	3637.375	3779	4045.0625	4232.5	3103.125	cultivos
516945	561825	1736	2004	2286	2735.0625	3109.9375	3363.0625	3447	3745.5625	4737.9375	3452.625	cultivos
513325	558985	1696	2068	2122	2768.1875	4168.5	4556.1875	4587	4923.125	4573.5	3264.125	cultivos
513185	559075	2164	2592	3208	3665.125	4013	4261.6875	4408	4703.125	5857.75	4510.625	cultivos
513655	559275	1604	1795	2056	2436.375	2813.125	3066.4375	3262	3500.5	4933.25	3889.375	cultivos
517195	561825	1625	1857	2082	2574.3125	3007.5625	3246.5625	3348	3603	4587.875	3314.0625	cultivos
514055	559185	1608	1775	2076	2410	2750.6875	2973.1875	3130	3419.0625	4942.5625	3986.1875	cultivos
513815	559735	1527	1723	1800	2214.25	2825.625	3097.9375	3194	3458	4298.5	3422.6875	cultivos
513605	558625	1752	1978	2294	2571.3125	2740.375	2941.1875	3069	3231.4375	4684.25	4047.875	cultivos
512675	558455	1866	2220	2640	3177	3716.9375	4025.75	4091	4448	5324.875	3998.75	cultivos
513675	559525	1513	1642	1862	2045.375	2246.9375	2401.6875	2506	2726.6875	4672.1875	4264.3125	cultivos
515885	557865	1692	1951	2216	2655.5625	3202.75	3489.375	3537	3871.0625	4793.0625	3570.4375	cultivos
517025	562015	1471	1690	1763	2334.4375	3186	3490.125	3665	3938.625	3837	2639.3125	cultivos
517485	561505	1594	1875	2007	2590.9375	3168.3125	3428.875	3502	3822.6875	4550.125	3159.125	cultivos
513185	558325	1803	1996	2418	2680.0625	2844.3125	3039	3122	3378.875	4674.375	4082.1875	cultivos
514145	558305	1497	1616	1824	1999.125	2105.9375	2262.75	2395	2578.75	4560.0625	4346.6875	cultivos
513535	560005	1680	1915	2246	2494.9375	2720.25	2870.4375	2993	3212.9375	4593.3125	3890.25	cultivos
512755	559285	1714	2070	2316	2980.1875	3521.25	3810.6875	3928	4210.4375	4931.9375	3673.375	cultivos
514225	558645	1724	1907	2214	2450.8125	2595.4375	2763.5	2853	3078.3125	4923.1875	4364.125	cultivos
513155	559045	2078	2470	3082	3457.25	3940.5625	4209.3125	4309	4646.875	5603.3125	4252.5	cultivos
514125	558685	1730	1908	2230	2503.875	2651.125	2828.25	2921	3149.625	4951.5625	4370.5625	cultivos
514325	558535	1717	1928	2294	2482.6875	2629.25	2795.6875	2926	3102.5625	4890.8125	4311	cultivos
512965	557965	1862	2258	2534	3104.3125	3916.1875	4212.25	4465	4589.0625	5059.6875	3805.25	cultivos
517455	561545	1620	1900	2028	2647.875	3226.3125	3496.4375	3546	3863	4590	3181.1875	cultivos
514585	559735	1646	1790	2066	2370.625	2636.5625	2879.875	3134	3307.9375	5003.4375	4097.5625	cultivos
512625	558895	1813	2080	2474	2789	3001.1875	3190.875	3277	3520.0625	4894.25	4105.75	cultivos
514585	559755	1545	1698	1932	2326.625	2631.25	2856.8125	2896	3249.375	4981.8125	4043	cultivos
513915	559075	1932	2106	2220	2688.8125	3273.75	3523	3652	3946.8125	4276.1875	3185	cultivos
513755	558345	1566	1704	1992	2198.375	2350.4375	2529.8125	2676	2866.5625	4545.25	4264.4375	cultivos
513445	558045	1855	2126	2584	2831.4375	2967.1875	3156.6875	3334	3524.25	4812.875	4111.875	cultivos
513785	559255	1620	1798	2050	2424.4375	2768.3125	3027.8125	3192	3478.875	4984.25	3950.125	cultivos
513705	559975	1684	1930	2220	2497.1875	2720.5	2923.9375	3050	3272.0625	4715.1875	4009.3125	cultivos
514245	558575	1763	1940	2290	2465.0625	2619.25	2770.9375	2905	3096.75	4877.5	4315.4375	cultivos
513965	557695	1693	1843	2136	2478.3125	2741.3125	2983.625	3201	3463.5	5114.625	4140.1875	cultivos
512815	559325	1552	1684	1960	2316.0625	2580.5	2766.25	2616	3177.1875	4685.3125	4075.625	cultivos
513335	558125	1897	2162	2660	2923.5625	3110.75	3299.6875	3419	3673.9375	4850.6875	4099.0625	cultivos
513885	557745	1630	1786	2082	2413.5625	2658.9375	2870.6875	3051	3324.0625	4999.375	4087.1875	cultivos
513305	557885	1853	2138	2592	2857.75	3033.4375	3226.5625	3406	3582.5625	4969.75	4190	cultivos
514645	559375	1510	1642	1868	2080.375	2244.375	2461.6875	2568	2801.3125	4584.3125	4148.8125	cultivos
513955	559925	1821	2116	2550	2799.8125	3031.875	3266.5	3405	3566.75	4662.0625	3869.1875	cultivos
513645	557645	1672	1886	2206	2587.875	2878.3125	3126.375	3271	3621	5081.4375	4061.3125	cultivos
512655	558465	1903	2294	2732	3196.5625	3792	4096	4232	4550.5	5310.5625	3986.9375	cultivos
513995	557845	1584	1768	2074	2359.875	2576.5	2775.4375	2894	3209.125	4893.9375	4044.25	cultivos
512775	558845	1616	1790	2104	2214.4375	2401	2555.1875	2730	2879.6875	4569.8125	4051.6875	cultivos
514275	558945	1716	1889	2048	2525.5625	3094.625	3383.875	3575	3836.375	4489.0625	3347.0625	cultivos
517745	561485	1524	1785	1868	2460.3125	3090.9375	3376.875	3373	3751.875	3945	2715.75	cultivos
513305	558855	1777	2004	2376	2620.0625	2793.1875	2987.8125	3121	3309.875	4861.5625	4207.9375	cultivos
516875	561915	1741	2000	2286	2751.0625	3149.0625	3398.3125	3451	3798.875	4916.4375	3623.25	cultivos
514195	558145	1493	1617	1826	1989.4375	2107.125	2256.5	2377	2572.625	4591.625	4379	cultivos
514415	559775	1591	1754	2034	2425.5	2690.3125	2956.6875	3020	3402	5015.75	4063.875	cultivos
516005	557895	1788	2076	2482	2851.8125	3278.375	3582.1875	3724	4008	5134.5	3766.625	cultivos
515955	557895	1700	1956	2222	2624.375	3230.9375	3532.3125	3563	3897.625	4700.4375	3439.0625	cultivos
513835	558375	1542	1653	1872	2045.625	2197.3125	2372.9375	2482	2654.1875	4660.5625	4404.75	cultivos
514605	559405	1543	1683	1896	2133.625	2305.5625	2487.4375	2618	2863.625	4573.6875	4147.125	cultivos
513955	558255	1506	1610	1818	1999.625	2106.5625	2278.1875	2400	2591.3125	4613.3125	4397.625	cultivos
517445	561615	1716	2001	2258	2739.0625	3292.3125	3544.3125	3603	3920.0625	4854.1875	3407.75	cultivos
514545	559695	1547	1773	1908	2361.25	2844.1875	3128.9375	3436	3522.875	4634.5	3738.3125	cultivos
516845	561795	1763	2032	2222	2715.1875	3318.4375	3585.1875	3700	3903.6875	4670.8125	3502.375	cultivos
514455	559745	1646	1854	2132	2477.1875	2735.25	2978	3232	3367.0625	5009.375	4140.375	cultivos
513595	559965	1696	1886	2230	2502.5625	2715.5625	2906	3031	3289.75	4738.3125	3972.125	cultivos
517175	561765	1634	1884	2066	2619	3141.25	3365.625	3369	3779.8125	4624.75	3290.9375	cultivos
514005	558285	1491	1612	1828	1998	2110.9375	2270.6875	2377	2620.75	4655.4375	4444.4375	cultivos
513595	559745	1556	1702	1830	2174.5	2631.75	2859.8125	2891	3139.375	4362.9375	3676.25	cultivos
513395	557965	1784	2026	2388	2656.875	2813.9375	2989.125	3103	3345.8125	4780.125	4136.375	cultivos
512605	558815	1842	2100	2520	2808	3026.75	3213.375	3324	3534.3125	4843.125	4040.9375	cultivos
513795	559735	1520	1694	1752	2194.3125	2824.4375	3092.875	3118	3435.6875	4278.75	3399.5	cultivos
517485	561585	1610	1896	2058	2673.0625	3301.875	3562	3640	3936.3125	4477.5625	3104.125	cultivos
513625	558485	1783	2038	2452	2679.4375	2906.125	3090.5	3191	3423.0625	4550.625	3957.25	cultivos
513515	559515	1491	1639	1836	2040.375	2188.4375	2371.8125	2466	2703.625	4658.25	4287.875	cultivos
514475	558765	1730	2026	2282	2654.125	3280.5625	3545.3125	3728	3913.5	4918	3905.0625	cultivos
512695	558665	1726	2072	2298	2931.8125	3916.4375	4214.875	4312	4577.125	4804.3125	3556.625	cultivos
513645	557875	1557	1672	1912	2165.5	2332.625	2522.4375	2658	2893.4375	4343.0625	3946	cultivos
515765	557905	1644	1914	2164	2616.8125	3313.9375	3624.6875	3719	3989.375	4759.875	3478.1875	cultivos
513345	559005	1728	2072	2166	2836.5625	3992.125	4341.9375	4464	4697.9375	4757.0625	3480.9375	cultivos
514425	558725	1631	1928	2092	2574.8125	3456.25	3737.4375	3969	4102.875	4768.625	3624.5625	cultivos
513755	559405	1510	1624	1832	2051.3125	2201.375	2370.5	2479	2712.4375	4730.3125	4315.375	cultivos
517105	561855	1730	2019	2166	2885.5	3547.75	3770.9375	3812	4177.6875	4807.625	3398.125	cultivos
513685	558885	1668	2046	2050	2745.0625	4050.75	4401.875	4572	4771.625	4601.0625	3299.25	cultivos
513455	558225	1760	1980	2330	2736	2904.75	3089.875	3073	3422.3125	4847.3125	4183.875	cultivos
513225	558485	1750	1917	2278	2544.3125	2707.3125	2882.3125	2963	3223.125	4778.125	4216.1875	cultivos
517245	562015	1558	1790	1939	2452.0625	2922.8125	3175.25	3266	3577.375	4422.8125	3053.5625	cultivos
516875	561965	1678	1948	2136	2737.5625	3201.8125	3455.75	3484	3826.5625	4834.5625	3446.875	cultivos
513555	557975	1886	2168	2620	2858.625	3014.5625	3220.8125	3410	3566	4788.125	4077.5625	cultivos
513135	558845	2256	2678	3398	3850.3125	4148.6875	4398.6875	4576	4884.125	6054.5	4613.5	cultivos
513875	559395	1490	1607	1830	2043.0625	2179.5625	2359.125	2529	2700.125	4695.125	4272.3125	cultivos
512935	559305	1518	1648	1856	2208.6875	2532.5625	2674.125	2554	3043.3125	4635.875	4021.75	cultivos
514215	558185	1467	1580	1798	1957.3125	2079.5	2244.375	2362	2532.3125	4545.5625	4343.625	cultivos
512605	558885	1831	2090	2506	2860.4375	3072.5625	3274.9375	3297	3578.125	4901.5	4103.625	cultivos
514195	559345	1528	1618	1850	2061.25	2206.5	2383.75	2512	2726.125	4699.25	4272.75	cultivos
517115	561995	1880	2180	2418	2877.375	3688.75	3993.25	4120	4361.9375	4637.8125	3310	cultivos
515945	557885	1620	1883	2058	2599.5625	3244.25	3544.75	3610	3912	4628.5	3370.9375	cultivos
517045	561855	1538	1774	1938	2433.75	2920.6875	3196.25	3316	3617.375	4105.4375	2878.0625	cultivos
514535	559135	1636	1795	2072	2359.4375	2637.1875	2863.125	3001	3290.9375	5012.25	4209.6875	cultivos
513985	558335	1493	1602	1794	1975.6875	2108.125	2250.0625	2354	2550.6875	4552.125	4343.3125	cultivos
513455	559465	1510	1611	1844	2039.9375	2220.3125	2388.125	2462	2725.75	4691.25	4255.3125	cultivos
514445	557805	1536	1652	1844	1985.1875	2129.9375	2286.6875	2418	2592.5	4349.3125	4050.8125	cultivos
513835	558075	1506	1606	1836	2007.125	2129.75	2292.875	2479	2623.5625	4225.375	3927.9375	cultivos
513855	559395	1514	1615	1849	2051.625	2174.5	2371.125	2500	2725.9375	4699.125	4276.1875	cultivos
512555	559325	1804	2158	2556	3070.5625	3559.0625	3846.0625	3941	4245.0625	5100.1875	3780.875	cultivos
514345	559225	1648	1838	2186	2463.4375	2678.375	2913.4375	3110	3401.3125	5206.6875	4238.75	cultivos
517195	561965	1628	1922	2130	2740.75	3380.375	3722.5	4000	4160.8125	4722.9375	3396.0625	cultivos
513615	558805	1787	2038	2418	2644.8125	2798.1875	2982.25	3116	3326.6875	4818.0625	4202.9375	cultivos
513325	557805	1860	2116	2554	2859.1875	3032.0625	3228.8125	3337	3582.0625	4873.1875	4143.9375	cultivos
516945	562105	1628	1897	2082	2714	3238.1875	3490.625	3561	3862.0625	4711.375	3297.5	cultivos
513885	558365	1529	1624	1832	2016.625	2134.3125	2301	2435	2595.3125	4679.5625	4443.125	cultivos
513265	558005	1844	2130	2618	2919.5	3097.6875	3289.3125	3395	3648.0625	4932.3125	4119.0625	cultivos
513205	558075	1842	2070	2512	2799.9375	2962.4375	3141.5	3279	3486.1875	4881.875	4127.875	cultivos
513465	559205	1740	1894	2021	2535.1875	3305.3125	3589.0625	3666	3994.25	4166.125	3107.8125	cultivos
513505	559895	1780	2158	2460	3014.0625	3651.375	3887.375	4020	4293	5083.9375	3851.6875	cultivos
513715	558025	1538	1650	1910	2112.125	2248.125	2416.6875	2617	2766	4372.5	3976.625	cultivos
513635	559785	1524	1724	1918	2418.5625	2930.1875	3169	3426	3612.375	4658.5	3678.8125	cultivos
514255	559765	1723	1930	2224	2610.0625	2896.8125	3169.3125	3325	3600.0625	4924.125	4042.375	cultivos
514555	559365	1558	1690	1924	2148.3125	2285.5	2487.875	2608	2841.75	4644	4264.25	cultivos
513625	557715	1706	1946	2310	2696	2970.25	3238.9375	3463	3735.9375	5080.8125	4052.3125	cultivos
517915	561695	1520	1754	1924	2462.1875	2903.25	3165.3125	3178	3553.25	4141.625	2881.8125	cultivos
514205	558485	1651	1824	2124	2364.4375	2527.1875	2653.5625	2794	3002.5	4816.125	4275	cultivos
517795	561485	1568	1822	2004	2510.8125	2939.875	3227.3125	3358	3613	4168.75	2916	cultivos
512755	559075	1819	2204	2500	3109.6875	3982.125	4297.4375	4345	4678.5	4969.9375	3691.1875	cultivos
513395	558185	1843	2096	2524	2796.125	2958.375	3130.375	3304	3484.75	4820.5	4124.1875	cultivos
516835	561965	1713	1979	2170	2767.75	3278.625	3491.25	3582	3898.0625	4959.875	3561.9375	cultivos
517145	561805	1713	2004	2160	2793.875	3444.8125	3695.9375	3872	4117.0625	4786.5625	3456.6875	cultivos
512535	559135	1772	2013	2430	2670.0625	2836.6875	3002.25	3150	3367.6875	4955.1875	4161.625	cultivos
514525	559165	1720	1880	2220	2569.9375	2853.125	3121.3125	3366	3647.5625	5341.9375	4194.25	cultivos
513765	558085	1498	1611	1841	2031.8125	2169.6875	2350.5625	2473	2660.375	4290.0625	3912	cultivos
513215	559065	2140	2544	3186	3381.125	3854.0625	4145.6875	4315	4595.75	5305.1875	4064.4375	cultivos
513795	558025	1564	1704	1970	2133.0625	2277.25	2449.3125	2599	2769.375	4397.875	4073.3125	cultivos
512575	559285	1814	2206	2560	3127.3125	3649.125	3930.75	4037	4366.1875	5182.5	3823.25	cultivos
513535	557805	1858	2080	2520	2791.8125	2978.3125	3160.6875	3304	3510.5625	4690.375	4012	cultivos
513835	558335	1503	1622	1840	2039.125	2157.375	2345.125	2422	2638.1875	4547.625	4310	cultivos
513385	557785	1833	2082	2472	2820.3125	2962.1875	3194.375	3298	3535.0625	4845.125	4104.6875	cultivos
513265	558505	1819	2014	2410	2615.375	2778.375	2956.375	3083	3274.75	4802.625	4254	cultivos
513775	559905	1770	2126	2426	2867.8125	3425.375	3655.625	3899	4102.25	4948.6875	3867.75	cultivos
512595	558215	1794	2146	2506	2983.3125	3794.3125	4128	4196	4576.125	4908.875	3566.25	cultivos
513565	559375	1638	1824	2116	2464.75	2736.4375	2980.125	3061	3421.4375	5098.25	4169	cultivos
515935	557805	1714	1980	2252	2727.3125	3280.625	3558.375	3707	3960.3125	4874.6875	3597.6875	cultivos
513675	558495	1756	2000	2224	2557.375	2823.6875	2988.875	3143	3290.8125	4473.375	3942.625	cultivos
514205	557995	1490	1602	1834	2032.1875	2173.4375	2359.1875	2475	2685.75	4654.625	4332.375	cultivos
513935	557715	1656	1838	2178	2474	2703.1875	2947.8125	3135	3404.25	5073.9375	4129.5	cultivos
514195	558195	1490	1594	1800	1981.875	2101	2270.6875	2373	2580.8125	4557.0625	4357.5625	cultivos
513635	557815	1664	1872	2180	2427.125	2670.625	2899.3125	3336	3395.625	4731.5	3992	cultivos
514075	559415	1493	1626	1844	2041.875	2174.75	2364.3125	2470	2699.75	4721.375	4357.6875	cultivos
512495	559005	1751	1950	2314	2765.375	3255.3125	3483.5625	3356	3826.6875	4831.5625	3861.5	cultivos
516955	561855	1684	1960	2218	2733.8125	3083.4375	3316.625	3368	3705.1875	4811	3499	cultivos
513625	559115	1819	2004	2094	2610.3125	3371.0625	3664.25	3754	4058.3125	4178.5625	3102.5	cultivos
513095	559245	1762	2126	2350	2961.5625	3621	3933.5	4099	4393.625	4824.9375	3582.5625	cultivos
513395	558935	1730	2120	2170	2687.3125	3761.9375	4151.0625	4393	4539.125	4666.25	3482.0625	cultivos
513515	558505	1730	1978	2288	2567.0625	2752.9375	2935.3125	2992	3276.875	4660.25	4078.125	cultivos
513315	558565	1766	1932	2236	2566.4375	2840.5	2993.5625	3132	3318.5625	4648.9375	4078.0625	cultivos
514175	558045	1516	1624	1842	2028	2158.25	2312.3125	2450	2640.6875	4671.0625	4433.4375	cultivos
513305	558065	1922	2190	2666	2902	3058.875	3257.0625	3465	3614.875	4866.9375	4104	cultivos
517745	561865	1572	1836	2050	2532.25	2981.4375	3247.625	3389	3640.25	4190.3125	2921.0625	cultivos
516885	561845	1742	2016	2248	2753.125	3167.25	3390.25	3487	3778.6875	4788.625	3535.3125	cultivos
517955	561855	1533	1764	1936	2500.875	2992.5625	3233	3306	3615.375	4049	2822.3125	cultivos
513725	559995	1724	1900	2242	2490.0625	2862.6875	3101.6875	3078	3435.625	4496.625	3749.875	cultivos
517225	561975	1800	2132	2448	2889.3125	3389.1875	3658.4375	3777	4141.125	4992.125	3608.5625	cultivos
514045	558595	1678	1862	2196	2447.5625	2598.5625	2766.5625	2854	3080.5	4894.6875	4332.5	cultivos
512625	559005	1826	2102	2518	2810.9375	3020.5	3192.1875	3282	3552.8125	4886.9375	4108.375	cultivos
514385	558235	1459	1565	1760	2026.1875	2144.625	2326.8125	2317	2650.5625	4594.875	4188.1875	cultivos
517905	561775	1455	1662	1804	2323.4375	2732.1875	2997	3018	3331.375	3878.4375	2701.625	cultivos
513685	559465	1512	1622	1854	2051.75	2213.8125	2361.25	2491	2685.875	4687	4367.875	cultivos
514155	559725	1525	1708	1920	2350.9375	2993.75	3340.6875	3452	3753.5	4443.375	3425.1875	cultivos
514405	559155	1711	1872	2194	2511.8125	2790.9375	3028	3199	3513.375	5188.625	4167.9375	cultivos
512895	558165	1821	2042	2460	2701.3125	2869.75	3075.8125	3208	3413	4515.5625	3851.375	cultivos
514135	558035	1478	1588	1814	2008.375	2147.75	2300.1875	2418	2616.4375	4670.4375	4407.8125	cultivos
514555	559225	1645	1810	2134	2403.875	2655.875	2853.8125	3099	3323.625	5066.75	4206.0625	cultivos
514345	559455	1536	1639	1900	2145.875	2343.625	2542.25	2571	2921.3125	4638.4375	4048.875	cultivos
513815	557815	1687	1880	2224	2645.9375	2928.375	3203.5625	3358	3690.3125	5230.3125	4085.5	cultivos
512745	558185	1768	2010	2402	2636.3125	2924.625	3112.6875	3209	3426.1875	4420.6875	3706.875	cultivos
515925	557835	1718	2005	2254	2750.375	3325.3125	3627.625	3722	4001.8125	4885.375	3587.6875	cultivos
514005	558085	1533	1645	1875	2061.375	2223.125	2375.625	2533	2681.0625	4531.25	4228.75	cultivos
512565	559005	1808	2096	2526	2828.5	3024.125	3188.9375	3287	3559.3125	4910.6875	4113.875	cultivos
513605	558345	1774	2020	2412	2769.25	2950	3153.3125	3191	3459.625	4902.1875	4171.8125	cultivos
513605	558425	1784	2018	2426	2734.625	2881.875	3074.125	3173	3422.8125	4716.75	4058.9375	cultivos
513275	558705	1738	1951	2284	2575.8125	2777.5	2942.4375	3049	3285.875	4836.5625	4184.9375	cultivos
512885	558175	1742	1962	2342	2660.4375	2817.625	3026.25	3014	3358.5	4508.1875	3847.125	cultivos
513275	558635	1698	1924	2254	2549.1875	2742.625	2909.4375	2998	3267.875	4837.9375	4180.6875	cultivos
513405	557915	1780	2030	2436	2721.5625	2865.875	3048.5625	3109	3422.3125	4803.6875	4150.1875	cultivos
513365	558955	1640	1988	2044	2744.9375	4055.625	4418.125	4523	4798.4375	4652.6875	3340.875	cultivos
517705	561515	1589	1849	1957	2450.125	3070	3287.4375	3517	3642.625	3981.5	2756.4375	cultivos
517385	561605	1694	1969	2206	2700.25	3246.375	3491.5625	3585	3864.5	4934.5	3504	cultivos
513865	558155	1497	1629	1858	2078.1875	2200	2376.875	2488	2698.0625	4277.25	3974.25	cultivos
514165	558105	1498	1609	1822	2011.3125	2144.625	2290.375	2403	2604.75	4634.0625	4402.75	cultivos
513455	559895	1806	2156	2450	2997.25	3651.9375	3917.125	4083	4328.4375	5057.875	3836.9375	cultivos
517095	562065	1730	2028	2164	2698.25	3353.125	3600.625	3722	3997.0625	4548.75	3219.375	cultivos
514115	559685	1542	1746	1728	2198.5625	2878.625	3129.625	3253	3437.5	4271.5625	3462.25	cultivos
517895	561615	1595	1876	2106	2577.5625	3121.25	3437.9375	3437	3845.0625	4205.125	2978.9375	cultivos
513545	558535	1786	2026	2362	2633.8125	2825.875	3036.125	3084	3327.4375	4582.3125	3993.0625	cultivos
514345	558315	1485	1584	1778	1948.375	2068.3125	2226.875	2332	2551.0625	4517.75	4202.9375	cultivos
513455	559035	1582	1792	1928	2463.0625	3294.4375	3608.8125	3819	4142.5	4458.875	3211.5625	cultivos
514795	558275	1595	1758	2010	2263.375	2500.4375	2734.125	2781	3070.1875	4575	3969.5625	cultivos
513925	559075	1930	2112	2232	2706.9375	3301.75	3564	3702	3993.9375	4259.5625	3143.5	cultivos
513775	558805	1706	1888	2204	2423.6875	2622	2781.6875	2922	3110	4881.8125	4326.0625	cultivos
513365	558575	1789	1960	2350	2599.9375	2819.6875	3054.5	3039	3320.75	4663.125	4064	cultivos
514035	559785	1660	1830	2142	2491.5	2719.5	2952.0625	2979	3352.5625	4956.875	4117.875	cultivos
513825	559755	1518	1702	1942	2375.75	2917.4375	3183.1875	3332	3703.8125	4494.0625	3522.5625	cultivos
513805	558895	1701	2054	2114	2726.5625	4044.5625	4389.75	4480	4745.8125	4414.75	3133	cultivos
513415	557875	1850	2104	2548	2813	2965.0625	3175.4375	3331	3532.25	4896.6875	4156.8125	cultivos
515805	557815	1654	1912	2122	2604.125	3237.5	3548.875	3684	3960.9375	4718.375	3491.75	cultivos
513705	559435	1509	1606	1848	2052.5625	2175.125	2368.0625	2491	2702	4673.75	4319.125	cultivos
514325	559135	1608	1789	2064	2453.625	2771.375	2994.25	3115	3475.8125	5051.5	4042.5	cultivos
512695	558765	1760	2126	2320	2998.0625	4034.625	4345.5625	4396	4688.625	4725.125	3436.1875	cultivos
514135	559055	1808	2002	2062	2655.375	3391.6875	3633.125	3841	4043	4170.25	3037.5625	cultivos
514625	559285	1532	1675	1914	2134.5	2294.9375	2506.375	2639	2858.4375	4663.3125	4285.25	cultivos
513285	558315	1809	2042	2464	2700.75	2847.4375	3051.625	3194	3414.375	4706.1875	4096.8125	cultivos
513135	558205	1773	1982	2354	2578.5	2733.125	2938.9375	3050	3293.6875	4560.625	4000.1875	cultivos
514275	559705	1528	1713	1960	2378.75	3015.6875	3311.9375	3354	3807.6875	4462.6875	3442.875	cultivos
514585	559365	1542	1664	1938	2140.0625	2297.125	2483.75	2613	2836.125	4622.0625	4233.6875	cultivos
513905	557955	1579	1745	2062	2330.4375	2535.8125	2757.125	2930	3161.0625	4920.3125	4101.0625	cultivos
516025	557855	1750	2034	2360	2805.1875	3267.875	3546.8125	3674	3995.5625	5046.6875	3692.3125	cultivos
517195	561785	1639	1892	2064	2545.625	3031.6875	3265.375	3381	3642	4546.1875	3228.5625	cultivos
513955	558215	1479	1582	1792	1976.375	2084.25	2223.0625	2352	2540.6875	4544.1875	4324	cultivos
514045	559225	1647	1806	2110	2457.9375	2721.1875	2936.5625	3126	3452	5159.9375	4158.6875	cultivos
513735	559425	1493	1625	1833	2039.625	2179.1875	2374.625	2503	2697	4693.75	4327.125	cultivos
514145	559805	1716	1936	2256	2674.125	3029.9375	3302.5625	3436	3807.4375	5075.5625	3964.375	cultivos
513425	559225	1761	1942	2042	2572.1875	3333.875	3634.8125	3735	4047.875	4172.8125	3093.5	cultivos
513445	557665	1811	2056	2496	2834.25	3009.9375	3219.375	3328	3583.625	4828.1875	4055.9375	cultivos
513675	558515	1722	1946	2312	2611.875	2805.3125	2992.25	3061	3308.375	4666.875	4062.125	cultivos
517575	561995	1726	2030	2326	2831.3125	3352.75	3625.375	3676	4027.3125	5050.875	3613.125	cultivos
513115	557725	1802	2054	2454	2794	2960.25	3167.8125	3237	3513.5	4905.8125	4124.5625	cultivos
514555	557985	1580	1670	1872	2067.6875	2253.5	2430.625	2541	2728.25	4335.5	4015	cultivos
514705	559205	1688	1841	2188	2420.625	2629.3125	2879.0625	3098	3318.5625	5010.1875	4208.625	cultivos
516985	561895	1670	1928	2198	2639.125	3052.125	3313.625	3445	3706.5625	4546	3248.25	cultivos
512945	558275	1742	1974	2342	2619.75	2769.25	2987.1875	3076	3303.3125	4504.25	3882.0625	cultivos
512825	558195	1894	2184	2566	2864.875	3111	3301.375	3470	3647.8125	4844.875	4129.625	cultivos
517005	561655	1395	1624	1528	2235.8125	3557.5625	4022.9375	4285	4446.75	3641.875	2453.375	cultivos
514355	558525	1681	1894	2230	2485.6875	2645.0625	2782.375	2837	3128.4375	4893	4318.125	cultivos
514635	557995	1664	1871	2184	2438.3125	2601.125	2792.9375	2908	3143.8125	4807.375	4203.0625	cultivos
513345	559315	1637	1808	1950	2330.5625	2960.875	3280	3377	3703.875	4319	3491.5625	cultivos
512665	558295	1843	2182	2632	3155.9375	3762.75	4055.0625	4167	4509.5625	5257.5625	3904.875	cultivos
514095	559715	1484	1696	1840	2312.75	2950.9375	3202.1875	3456	3679.75	4387.125	3420.5	cultivos
514225	559095	1720	1874	1941	2504.6875	3434.5	3703.875	3814	4135.9375	4128.5625	3009.3125	cultivos
513165	558375	1682	1879	2214	2535.4375	2770.5	2938.75	2900	3276.9375	4609	4006.25	cultivos
513885	559045	1966	2108	2232	2658.25	3278.6875	3522.375	3668	3958.3125	4305.6875	3214.25	cultivos
513495	559845	1684	1914	2210	2452.875	2699.75	2930.8125	3016	3276.625	4845.0625	4027.0625	cultivos
513335	557905	1828	2098	2532	2774.5625	2922.6875	3137.25	3292	3490.5625	4873.5625	4134.75	cultivos
517955	561725	1584	1830	2012	2469.5	2951.1875	3181.5625	3302	3579.75	4046.4375	2826.1875	cultivos
513865	558065	1498	1623	1843	2024	2169.0625	2341.3125	2459	2669.8125	4211.875	3884.25	cultivos
513435	558125	1888	2186	2678	2939.875	3115.5	3340.875	3468	3665.75	4976	4174.6875	cultivos
514205	558915	1652	1826	2086	2501.625	2899.5	3166.5625	3303	3642.375	4905.6875	3821.0625	cultivos
513855	558675	1697	1906	2206	2493.0625	2653.6875	2803.0625	2879	3137.0625	4855.25	4298.125	cultivos
513665	559315	1679	1833	2138	2498.4375	2732.25	2977.875	3113	3431.8125	5130.875	4155.3125	cultivos
513715	558725	1748	1940	2312	2510.75	2696.375	2843.8125	2974	3165.125	4722.6875	4183	cultivos
512985	559205	1826	2160	2502	3108.25	3709.25	3987.5625	4053	4410.9375	5091.5625	3791.75	cultivos
514625	558085	1560	1658	1848	2069.8125	2271.0625	2431.625	2511	2731.6875	4302.3125	3960	cultivos
514365	558155	1640	1822	2138	2316.8125	2497.375	2652.5625	2840	2971.0625	4783.9375	4210.8125	cultivos
513265	558685	1745	1946	2262	2554.125	2763.25	2940.4375	3014	3276.5	4848.75	4189.125	cultivos
514875	559275	1549	1650	1889	2085.875	2297	2499.5	2654	2848.875	4562.6875	4110.6875	cultivos
514625	558155	1513	1646	1788	2021.625	2228.0625	2403.5	2507	2690.625	4382.5625	4040.375	cultivos
512995	558145	1651	1852	2182	2514.375	2812.75	3041.6875	3063	3408.375	4559.875	3765.3125	cultivos
513985	559145	1772	1948	2013	2566.1875	3475.0625	3754.625	3886	4180	4102.5	3019	cultivos
514195	558505	1638	1836	2104	2364.5	2514.125	2693.0625	2783	2999.875	4824.5	4284.6875	cultivos
514315	559205	1648	1820	2158	2496.25	2716.8125	2983.125	3091	3447.125	5262.1875	4242.5	cultivos
513505	558565	1761	1984	2334	2609.6875	2795.75	2965.5625	3057	3286.0625	4733.4375	4113.3125	cultivos
513085	558645	2202	2656	3318	3809.5	4093.1875	4376.5	4540	4872.6875	6014.5625	4569.75	cultivos
514325	559335	1484	1610	1819	2035.5625	2191.0625	2356.5625	2508	2732.625	4645.375	4256.9375	cultivos
513795	558175	1506	1645	1883	2087.3125	2260.375	2403.875	2538	2711.875	4109.8125	3780.5	cultivos
513285	558035	1838	2078	2504	2835.3125	2988.4375	3159.875	3256	3549.3125	4850.1875	4090.625	cultivos
512715	558965	1832	2208	2414	3026.9375	4027.625	4325.375	4400	4717.0625	4798.5	3496.6875	cultivos
513425	558295	1778	2016	2406	2656.8125	2830.4375	3017.8125	3119	3341.75	4842.3125	4214.1875	cultivos
514305	559415	1489	1618	1828	2028.3125	2180.125	2343.0625	2456	2665.8125	4707.4375	4362.5625	cultivos
517465	561705	1678	1998	2150	2753.1875	3415.25	3690.6875	3663	4083.4375	4993.25	3485.5	cultivos
513315	557805	1850	2130	2548	2848.5625	3027.1875	3214.4375	3376	3549.1875	4890.5625	4163.3125	cultivos
513135	558095	1778	1988	2378	2682.125	2844.5625	3041.6875	3067	3375.8125	4782.6875	4116	cultivos
513915	559315	1632	1770	2082	2392.125	2605.3125	2814.6875	2986	3265.4375	5146.875	4273.125	cultivos
514315	558695	1683	1880	2202	2423.3125	2606.6875	2781	2928	3116.1875	4912.125	4329.375	cultivos
517105	561895	1705	2036	2188	2878.5625	3492.1875	3767.0625	3810	4137.375	4765.8125	3378.1875	cultivos
513975	559815	1700	1954	2266	2691.375	3134.875	3450.1875	3651	3877.3125	4981.4375	3845.25	cultivos
513465	558645	1714	1960	2302	2575	2748.375	2955.25	3042	3282.0625	4749.625	4104.125	cultivos
513725	559345	1658	1814	2124	2421.5	2657.0625	2867.875	3032	3305.8125	5171.625	4272.5625	cultivos
517645	561825	1660	1930	2116	2670.8125	3141.0625	3402.4375	3463	3765.375	4610.3125	3336.0625	cultivos
513365	558725	1775	2000	2368	2631.0625	2801.0625	2992.0625	3077	3309.125	4815.4375	4117.375	cultivos
517395	561535	1684	1973	2216	2702.5	3199.5625	3444.875	3496	3822.5	4878.75	3457.9375	cultivos
513955	557835	1602	1770	2078	2408.5625	2602	2839.25	2958	3292.625	4969.625	4093.25	cultivos
514155	559075	1830	2001	2102	2670.25	3408.4375	3648.125	3775	4082	4163.75	3016.9375	cultivos
514645	558005	1698	1879	2226	2448.3125	2632.625	2814.4375	2941	3171.3125	4837.875	4218.5625	cultivos
514015	557825	1626	1768	2080	2387.8125	2615.9375	2834.25	2976	3273.875	4926.9375	4045.125	cultivos
512535	558925	1789	2048	2494	2792.125	2988.3125	3192.75	3260	3558.875	4794.75	4009.9375	cultivos
516175	562135	1908	2174	2888	3378.0625	3667.75	3959.875	4127	4525.3125	5733.5	4214.75	cultivos
512735	558855	1774	2196	2386	2993.625	3962.375	4217.5625	4428	4572.1875	4884.125	3700.6875	cultivos
513735	559775	1534	1705	1920	2423.375	2952.625	3232.5	3470	3688.25	4621.25	3621.1875	cultivos
514285	559415	1505	1604	1822	2023.875	2181.6875	2351	2452	2667.75	4718.875	4379.125	cultivos
517015	561745	1550	1796	2020	2574.25	3068.1875	3308.3125	3325	3733.625	4089.25	2885.1875	cultivos
512585	559155	1828	2134	2600	2814.5625	2940.125	3143	3324	3470.5625	5023.125	4244.75	cultivos
513955	558475	1682	1878	2216	2434	2601.125	2740.875	2914	3121.75	4848.1875	4301.5	cultivos
517025	561635	1444	1714	1576	2304.9375	3426.625	3862.9375	4119	4306.375	3826.1875	2589.3125	cultivos
513435	557825	1880	2120	2568	2865.4375	3033.75	3221.9375	3350	3594	4825.125	4076.4375	cultivos
514285	559465	1514	1664	1886	2131.8125	2345.5	2529.6875	2576	2867.5	4745.4375	4149.5	cultivos
513245	558695	1679	1882	2212	2459.1875	2655.5625	2842.125	2962	3165.1875	4766.8125	4127.625	cultivos
513815	559435	1496	1616	1840	2036.8125	2203.875	2362.6875	2497	2704.75	4716.0625	4337.25	cultivos
514065	558655	1690	1875	2206	2451.4375	2583.25	2759.625	2862	3070.5625	4887.5	4332.1875	cultivos
513835	558845	1678	1971	2050	2543.5	3649.625	4023.1875	4208	4375.5	4493.9375	3340.125	cultivos
514475	559295	1543	1646	1900	2121.25	2274.375	2461.875	2645	2847.9375	4427.3125	3923.5	cultivos
513715	559595	1586	1763	2048	2255.25	2433.1875	2614.9375	2751	3009.875	4797.25	4189.375	cultivos
513665	557755	1590	1752	2084	2506.8125	2768	2985.125	2976	3461.8125	4822.1875	3964.0625	cultivos
513425	559095	1590	1780	1884	2465.8125	3271.8125	3603.9375	3728	4090.4375	4424	3219	cultivos
513205	557925	1838	2084	2510	2860.3125	3011.1875	3208.3125	3261	3548.375	4967.25	4213.375	cultivos
514375	558885	1618	1821	1990	2469.5	2973.75	3244.1875	3467	3727.25	4794.6875	3691.25	cultivos
514545	559255	1546	1681	1938	2219.75	2388.4375	2575.6875	2634	2957.25	4669.375	4063.9375	cultivos
513895	559815	1661	1856	2124	2530.875	2854.25	3079.25	3171	3481.625	4843.0625	3909.625	cultivos
513595	557945	1839	2090	2500	2748.125	2914.5625	3122.8125	3272	3455.3125	4742.25	4062.3125	cultivos
513445	559075	1592	1794	1894	2470.4375	3242.4375	3598.9375	3771	4098.4375	4484.1875	3277.6875	cultivos
517215	561845	1622	1842	2032	2552.4375	3020.8125	3267.75	3303	3667	4553.6875	3237.1875	cultivos
513235	557805	1740	1915	2302	2583.9375	2761.5	2944.8125	2990	3280.75	4847.6875	4223.1875	cultivos
517795	561635	1574	1828	1943	2552.375	3094.3125	3341.125	3445	3730.5	4073.4375	2843.375	cultivos
512605	558745	1858	2138	2584	2841.5	3058.75	3258.9375	3408	3562.9375	4795.625	3997.6875	cultivos
517395	561505	1706	1980	2162	2685.625	3280.75	3542.6875	3630	3912.75	4821.375	3412.5625	cultivos
513585	558435	1774	1976	2366	2674.5625	2823	3031.75	3114	3340.125	4698.1875	4060.875	cultivos
515945	557805	1710	1957	2290	2762.4375	3261.875	3539.625	3611	3920.4375	4934.0625	3677.5625	cultivos
514315	558915	1647	1824	1987	2478	3035.5	3304	3513	3799.625	4717.125	3569.9375	cultivos
512775	558495	1672	1896	2210	2471.5	2732.9375	2938.4375	2977	3197.3125	4404.9375	3737.375	cultivos
513975	559755	1564	1760	1861	2362.1875	2915.375	3213.4375	3512	3675.5625	4520.25	3629.375	cultivos
512925	559275	1730	2078	2328	2935.5	3507.5	3784.0625	4033	4180.5	4863	3625.4375	cultivos
513905	558625	1695	1894	2242	2477.75	2641.3125	2791.8125	2918	3121.75	4854.375	4321.8125	cultivos
513895	558685	1691	1883	2216	2454.375	2617.5	2774.875	2881	3104	4854.25	4323.875	cultivos
514535	557995	1526	1650	1818	2053.5625	2235.6875	2413.3125	2485	2714.6875	4318.625	3987.375	cultivos
512575	559365	1652	1832	2144	2514.6875	2836.125	3023.3125	2929	3355.125	4477.9375	3777.9375	cultivos
512795	558895	1777	2016	2344	2461.3125	2635.75	2809.9375	3148	3143.625	4565.1875	3978.375	cultivos
514305	558455	1706	1885	2214	2473.375	2649.625	2790.375	2932	3131.625	4919.375	4296.25	cultivos
513295	557725	1790	2002	2432	2661.9375	2832.4375	3018.375	3204	3385.0625	4924.875	4225.875	cultivos
514255	558475	1632	1836	2134	2380.375	2546.0625	2719.75	2759	3030.375	4834.3125	4277.6875	cultivos
513115	557825	1907	2206	2678	2985.625	3199.1875	3389.8125	3517	3769.875	4985.875	4128.4375	cultivos
513175	559005	2106	2546	3124	3645	4019.25	4281.75	4423	4734.4375	5832.375	4472.25	cultivos
514035	559935	1735	1943	2294	2621.625	2896.125	3051.375	3095	3411.125	4646.5	3870.75	cultivos
517755	561585	1612	1853	2148	2499.8125	2870.1875	3116.125	3135	3517.5	4210.75	2985.625	cultivos
514625	559225	1620	1726	2042	2258.125	2470.8125	2689.6875	2810	3056.375	4903.6875	4188.1875	cultivos
513965	558155	1476	1578	1787	1991.875	2118.5625	2268.625	2389	2599.6875	4532.1875	4256.5625	cultivos
512865	558335	1919	2204	2604	2867.4375	3111.4375	3316.625	3477	3649.5625	4867.9375	4119	cultivos
513635	559155	1730	1921	2080	2532.4375	3160.625	3443	3556	3844.1875	4248.125	3249.0625	cultivos
516935	562085	1667	1916	2076	2758.375	3336.25	3625.5625	3723	4027.125	4737.125	3293.3125	cultivos
513205	557845	1778	2010	2366	2669.9375	2844.8125	3034.625	3092	3350.625	4853.875	4226.0625	cultivos
513675	557895	1538	1660	1908	2152.3125	2317.625	2525.1875	2648	2893	4394.625	3952.6875	cultivos
517635	561975	1698	1952	2148	2727.3125	3261.0625	3522.75	3593	3921.625	4738.1875	3384.4375	cultivos
514045	558345	1488	1606	1822	1981.9375	2111.5	2255.75	2354	2572.25	4484.3125	4243.5625	cultivos
514135	558085	1478	1588	1810	1994.4375	2117.5625	2272.3125	2419	2588.375	4661.0625	4373.5625	cultivos
517675	561995	1696	1962	2136	2713.5625	3284.6875	3562	3624	3943.625	4654.6875	3315.6875	cultivos
514555	558035	1543	1658	1858	2064.0625	2308.1875	2485.625	2612	2794.1875	4285	3903.1875	cultivos
512685	558505	1879	2254	2724	3190.4375	3697.1875	3993.25	4033	4444.375	5312.1875	3988.25	cultivos
514265	558945	1730	1881	2054	2522.6875	3075.125	3346.3125	3533	3819.625	4534.8125	3406.1875	cultivos
513585	559895	1766	2126	2390	3001.25	3686.1875	3942.9375	4037	4369.625	4966.4375	3725.625	cultivos
514235	559805	1674	1865	2188	2574.625	2867.0625	3153.1875	3315	3611	5070.6875	4033.75	cultivos
513445	558035	1842	2078	2522	2824.3125	2964.0625	3156.0625	3276	3514.25	4801.125	4102.625	cultivos
514045	559955	1741	1968	2324	2639.8125	2921.375	3147	3149	3471.3125	4532.625	3744.0625	cultivos
513285	558305	1789	2019	2426	2678.0625	2824.6875	3028.4375	3125	3393.5	4674.0625	4070.125	cultivos
514125	559105	1763	1958	1999	2578.6875	3425.5625	3696.25	3827	4106.0625	4103.125	3000.625	cultivos
513665	558625	1746	1929	2264	2547.6875	2708.375	2918.875	3012	3239.6875	4763.5625	4141.5	cultivos
513465	559105	1642	1836	1954	2491.875	3238.875	3555.875	3648	4015	4331.75	3187.125	cultivos
517725	561675	1598	1863	2026	2599.5	3191.1875	3421.1875	3534	3825.125	4194.9375	2917.8125	cultivos
513585	558775	1786	2026	2404	2605	2781	2955.25	3143	3276.125	4750.125	4196.125	cultivos
513675	557995	1502	1648	1896	2106.9375	2254.25	2417.875	2548	2756.625	4404.6875	4026.875	cultivos
513255	558835	1676	1862	2198	2475.75	2703.0625	2877.5	2921	3164.8125	4691.0625	4084.75	cultivos
514745	558275	1524	1631	1814	2045.625	2318.25	2492.8125	2490	2799.1875	4395.5	3901.25	cultivos
512655	558295	1816	2176	2552	3148.8125	3815.75	4091.1875	4216	4565.6875	5200.6875	3824.625	cultivos
513335	559065	1500	1724	1786	2348.5625	3243.4375	3582.0625	3778	4084.8125	4309.0625	3151	cultivos
512655	558385	1796	2172	2558	3154.625	3780.4375	4117	4180	4548.1875	5247.9375	3866.375	cultivos
513475	558495	1824	2024	2400	2627.375	2771.1875	2975.25	3071	3281.6875	4704	4177.4375	cultivos
516845	562155	1628	1881	2024	2545.125	3081.875	3330.3125	3396	3715.625	4554.8125	3183.8125	cultivos
513795	559435	1520	1622	1855	2062.6875	2211.5	2374.625	2505	2702.9375	4720.25	4356.875	cultivos
514485	558185	1636	1814	2136	2404.25	2548.375	2727.125	2771	3076.25	4908.9375	4292.4375	cultivos
513625	559975	1688	1894	2230	2503.5	2728.3125	2908.875	2989	3217.3125	4688.25	3943.8125	cultivos
514305	559425	1486	1616	1849	2030.9375	2188.375	2353.1875	2463	2696.9375	4699.8125	4329.1875	cultivos
513805	558805	1678	1886	2146	2433.0625	2622.5625	2789.375	2826	3089.5625	4891.5625	4297.9375	cultivos
514015	557695	1674	1835	2180	2470.375	2751	3029.3125	3236	3522.0625	5035.75	4067.4375	cultivos
514465	557855	1530	1638	1824	1979.25	2167.5	2310	2408	2577.75	4298.8125	3985.6875	cultivos
513895	558195	1506	1652	1870	2056.125	2173.3125	2330.5	2468	2657.0625	4546.125	4284.8125	cultivos
516945	562095	1682	1920	2114	2741.5	3265.5625	3545.375	3624	3899.6875	4712.625	3285.5	cultivos
513415	558075	1889	2180	2652	2906.8125	3071.875	3267.5625	3430	3624.3125	4888.4375	4146.125	cultivos
513715	557915	1600	1778	2102	2434	2659.125	2891	3060	3341.75	4916.4375	4028	cultivos
512625	559325	1808	2142	2548	3040.5	3549.5	3799.25	3953	4300.8125	4958	3715.5625	cultivos
516115	562125	1918	2236	2956	3386.6875	3689.0625	3974	4147	4502.8125	5937.3125	4368.625	cultivos
517005	561925	1511	1742	1911	2443.5625	2894.625	3160.5	3226	3594.75	4144.9375	2895.75	cultivos
514415	559255	1650	1813	2178	2375.125	2570.5625	2779.8125	3070	3236.1875	5007.8125	4215.25	cultivos
514055	558245	1516	1620	1844	2025.25	2156.5625	2298.625	2444	2612.875	4607.8125	4367.5625	cultivos
513575	558585	1771	1978	2330	2603.3125	2777.5	2949.375	3024	3263.4375	4721.6875	4094.9375	cultivos
513805	559415	1512	1608	1849	2041.4375	2185.25	2344.9375	2492	2682.5625	4703	4309.125	cultivos
513455	559405	1655	1787	2114	2407.25	2654.8125	2879.5625	3051	3313.5625	5133.9375	4239.875	cultivos
513365	559385	1634	1828	2108	2424.1875	2726.4375	2937.0625	3070	3354.9375	4727.0625	3924.8125	cultivos
514005	559845	1738	2094	2334	2942.625	3658.9375	3939.375	4032	4286.8125	4966.625	3691.125	cultivos
513695	558915	1762	2144	2256	2864.875	4009.9375	4354.1875	4488	4732.4375	4682.4375	3369.8125	cultivos
513575	558795	1728	1954	2288	2586.6875	2752.25	2918.125	2991	3269.3125	4765.1875	4177.1875	cultivos
513815	558115	1496	1608	1810	2006.875	2132.625	2293.875	2406	2614.5	4251.0625	3933.5625	cultivos
513525	559095	1692	1876	2018	2521.625	3184.875	3510.9375	3513	3919.8125	4362.3125	3271.3125	cultivos
513885	558785	1720	1901	2242	2503.125	2695.6875	2863.3125	2958	3189.3125	4891.4375	4247.875	cultivos
514575	558195	1680	1857	2174	2413	2567.625	2743.4375	2870	3068.875	4868.625	4322	cultivos
513925	559315	1626	1782	2096	2383.875	2598.9375	2803.0625	3008	3260.8125	5142.125	4270.375	cultivos
516155	562085	1924	2258	2918	3408.125	3655.8125	4007.5	4201	4528.125	5766.125	4239.5625	cultivos
513755	558425	1515	1633	1867	2053.3125	2207.5625	2386.9375	2519	2699.5625	4451.1875	4125.5	cultivos
513405	560015	1626	1810	2094	2362.4375	2556.1875	2763.125	2827	3083.75	4775.4375	4163.25	cultivos
513475	557975	1892	2126	2572	2872.1875	3058.3125	3233.3125	3327	3579.1875	4790.3125	4071.9375	cultivos
513455	559395	1641	1792	2126	2435.25	2686.4375	2917.6875	3061	3354.1875	5153.3125	4203.625	cultivos
513535	558005	1874	2150	2642	2830.75	3008.5	3197.6875	3361	3558.9375	4788.6875	4099.0625	cultivos
513475	559135	1874	2001	2100	2660.6875	3450.0625	3730.3125	3841	4135.25	4095.0625	2967.1875	cultivos
513895	558295	1505	1596	1808	1994.125	2122.4375	2277	2393	2580.875	4622.625	4385.8125	cultivos
513615	558065	1808	2058	2446	2712.1875	2876.5	3042.8125	3177	3407.1875	4785.6875	4150.375	cultivos
513515	558165	1820	2082	2472	2734.125	2904.375	3085.125	3250	3410.6875	4785.6875	4132	cultivos
513845	559265	1680	1865	2140	2483.125	2769.125	3007.875	3217	3475.125	5112.25	4131.4375	cultivos
513735	558695	1727	1938	2276	2511.8125	2660	2840	2957	3169.9375	4762.5	4220.8125	cultivos
516165	562055	1848	2126	2734	3091.5625	3543.0625	3887.6875	4100	4440.625	5100.9375	3669	cultivos
515995	557855	1692	1961	2236	2703	3203.75	3494.6875	3540	3890.375	4936.625	3626.6875	cultivos
514335	557845	1606	1766	2056	2226	2386.625	2571.0625	2730	2892.6875	4755.5	4256.1875	cultivos
514235	558345	1465	1585	1787	1961.25	2079.5625	2220	2359	2544.125	4454.5	4137.6875	cultivos
517045	561865	1516	1761	1964	2424.75	2916.0625	3186.25	3293	3608.625	4120.8125	2880.1875	cultivos
512765	559345	1536	1631	1882	2116.3125	2301.5	2443.25	2520	2847.875	4664.4375	4229.1875	cultivos
517955	561715	1601	1849	2048	2489.5	2981.0625	3216.1875	3280	3612.25	4077.8125	2858.0625	cultivos
513055	559255	1766	2132	2376	2902.8125	3543.8125	3861.6875	4083	4260.5625	4787.4375	3568.5625	cultivos
517175	561585	1526	1772	1831	2584.5	3558.375	3934.8125	3944	4310.0625	4196.3125	3106.5625	cultivos
513785	557855	1647	1822	2132	2489.5	2735.75	2958.4375	3096	3416.375	5083.9375	4100	cultivos
514585	559265	1566	1691	1948	2137.8125	2294.0625	2494.6875	2647	2867.4375	4577.375	4153	cultivos
514625	558145	1542	1634	1846	2043.8125	2248	2426.375	2513	2717.875	4353.875	4025.8125	cultivos
512785	558095	1872	2146	2550	2899.8125	3109.25	3315.1875	3408	3678.6875	4904.375	4169.0625	cultivos
513595	558505	1798	2028	2372	2682.9375	2930.375	3123.1875	3257	3433.1875	4541.5625	3955	cultivos
513545	558455	1806	2044	2446	2678.1875	2811.4375	3017.875	3170	3355.5625	4757.0625	4128.25	cultivos
514345	558015	1654	1834	2166	2418.1875	2537.6875	2729.5	2846	3059.25	4953.625	4337.375	cultivos
514065	558185	1494	1594	1791	1962.875	2088.125	2239.875	2324	2544.9375	4579.625	4378.125	cultivos
513465	557755	1932	2232	2704	2995.375	3165.75	3373.4375	3530	3755.625	4818.4375	4052	cultivos
516965	561735	1648	1932	2104	2644.5625	3201.5	3418.3125	3555	3819.4375	4355.625	3053.125	cultivos
512645	558955	1772	1986	2394	2753.9375	2975.9375	3150.125	3129	3517.4375	4792.6875	4038.8125	cultivos
513405	558535	1741	1976	2314	2622.8125	2841.1875	3005.75	3027	3368.5	4724.5625	4125.0625	cultivos
512655	559235	1879	2288	2716	3276.4375	3790.6875	4024.875	4135	4506.75	5365.1875	4004.8125	cultivos
513995	558725	1751	1922	2268	2541.625	2721.0625	2859.9375	2970	3197.1875	4942.9375	4316.25	cultivos
513365	559145	1704	1878	1926	2460.125	3409.5625	3747.125	3833	4132.75	4014.625	2900.9375	cultivos
514365	558235	1462	1561	1748	1895.5625	1998.8125	2161.0625	2300	2459.75	4529.25	4253.0625	cultivos
513925	557895	1562	1698	1984	2275.1875	2500.4375	2693.5	2817	3091.5	4889.3125	4058.875	cultivos
517705	561985	1644	1913	2034	2609.625	3194.8125	3447.5625	3587	3836.125	4329.875	3086.5625	cultivos
517445	561535	1618	1880	2036	2656.3125	3186.8125	3480.375	3558	3834	4631	3225.5	cultivos
513875	557905	1610	1772	2078	2375.5	2585.125	2814.25	2949	3258.25	4968.8125	4062.4375	cultivos
516855	562085	1680	1968	2134	2644.5625	3389.75	3729.5625	3886	4115.0625	4684.3125	3273.8125	cultivos
512655	559075	1840	2076	2472	2796.625	2997.875	3186.0625	3247	3549.5625	4883.625	4130.8125	cultivos
517475	561665	1658	1942	2124	2711.5625	3358.5625	3642.375	3705	3996.0625	4661.3125	3238.125	cultivos
516865	562085	1636	1888	2058	2619.6875	3405.75	3696.1875	3665	4095.6875	4652.4375	3239.4375	cultivos
513695	558705	1714	1924	2280	2544.5625	2710.3125	2889.125	2981	3173.125	4728.8125	4146.9375	cultivos
517365	561555	1676	1941	2176	2676.75	3149.9375	3413.1875	3436	3792.3125	4933.6875	3489.0625	cultivos
512725	558175	1775	1990	2398	2715.4375	2926.5625	3126.875	3215	3455.1875	4492.25	3766.8125	cultivos
512815	558955	1672	1881	2182	2402.0625	2592	2761.625	2867	3067.875	4440.6875	3929.1875	cultivos
514005	559805	1746	1962	2246	2704.875	3067.1875	3354.25	3604	3799.5	5064.25	3975	cultivos
513965	558125	1472	1618	1828	2013.375	2142.1875	2306.75	2447	2623.625	4526.8125	4191.9375	cultivos
512845	559295	1786	2104	2438	2885.125	3426.5	3697.375	4068	4094.0625	4867	3695.375	cultivos
516885	562125	1558	1780	1888	2570.125	3206.9375	3483.1875	3464	3922.75	4572.875	3171.4375	cultivos
513385	557705	1754	1957	2380	2651.8125	2828.8125	3032.6875	3138	3376.625	4831.125	4131.4375	cultivos
512885	558095	1780	2026	2434	2702.875	2868	3048.875	3148	3440.75	4531	3859.1875	cultivos
513255	558305	1772	1976	2336	2649.9375	2817.1875	2980.625	3038	3321.875	4645.9375	4065.625	cultivos
513855	559035	1738	1949	2070	2563.25	3200.4375	3472.375	3662	3871.1875	4433.4375	3317.8125	cultivos
514125	558605	1710	1914	2242	2452.6875	2597.625	2788.9375	2876	3088	4913.625	4354.75	cultivos
512755	558715	1560	1691	1946	2131.375	2295.1875	2452.375	2623	2788.8125	4492.9375	4062.5	cultivos
513555	559525	1516	1628	1850	2030.9375	2203	2369.25	2497	2681.8125	4706.1875	4332.125	cultivos
513875	558275	1516	1610	1816	2002.6875	2131.3125	2286.4375	2403	2597.6875	4530.1875	4319.9375	cultivos
517055	561805	1549	1780	1965	2548.375	3101.9375	3325.25	3381	3773	4254.8125	2977.5	cultivos
513605	557645	1658	1840	2166	2461.25	2714	2953.6875	3164	3374.1875	4862.1875	4078.375	cultivos
513795	557795	1590	1802	2092	2347.0625	2593.9375	2811.125	3032	3223.0625	4776.6875	4038.5	cultivos
512595	558225	1780	2166	2554	2973.4375	3824.9375	4136	4257	4590.875	4860.625	3516.75	cultivos
513875	558375	1510	1618	1842	2001.0625	2123.125	2291.875	2411	2578.25	4678.0625	4441.25	cultivos
517935	561625	1408	1696	1601	2358.875	3656.375	4180.75	4332	4634.8125	4198.3125	2914.125	cultivos
513845	559415	1488	1606	1826	2036.0625	2192.5625	2385.6875	2502	2718.3125	4698.375	4292	cultivos
514085	559215	1658	1814	2132	2466.0625	2718.5625	2962.6875	3178	3436.5	5138.875	4132.6875	cultivos
514075	558525	1662	1849	2146	2395.8125	2560.75	2731.1875	2859	3022.4375	4849.625	4293.0625	cultivos
513325	558215	1850	2032	2476	2722.125	2907.5	3107.9375	3277	3461.625	4706.25	4028	cultivos
517695	561605	1600	1831	2054	2542.9375	3007.625	3236.875	3307	3646.25	4236.875	2969.9375	cultivos
513445	558515	1782	1990	2360	2542.25	2708.875	2893.25	3023	3212.1875	4675.875	4147.8125	cultivos
513925	559475	1496	1625	1848	2053.5	2200.9375	2369.25	2494	2707.5625	4681.375	4329.125	cultivos
513275	558855	1770	2000	2338	2552.1875	2730.9375	2875.875	3037	3228.3125	4763.125	4141.5625	cultivos
517455	561625	1722	1964	2212	2753.125	3305.375	3545.8125	3601	3909.5625	4849.1875	3408.6875	cultivos
517645	561545	1449	1728	1719	2387.5625	3010.1875	3278.5	3372	3657	3906.0625	2664.125	cultivos
514295	559255	1636	1773	2086	2400	2590.625	2797.9375	2999	3271.5	5134.875	4262.9375	cultivos
516885	561905	1766	2036	2300	2777.9375	3161.3125	3403.125	3491	3795.0625	4936.9375	3665.4375	cultivos
515815	557935	1652	1934	2168	2595.3125	3303.1875	3588.5625	3655	4015.5625	4712.5	3450	cultivos
514255	559325	1526	1628	1853	2059.75	2219.0625	2384.8125	2523	2709.5	4662.875	4238.25	cultivos
513935	558945	1648	1856	2072	2543	2998.25	3312.25	3454	3807.625	4928.25	3757.75	cultivos
513815	558745	1676	1930	2222	2497.4375	2664.25	2803	2931	3133.4375	4854.8125	4297	cultivos
513275	558605	1691	1924	2240	2535.75	2722.8125	2925.375	2981	3279.625	4784	4135.625	cultivos
513975	558325	1498	1606	1806	1974.375	2104	2265.4375	2366	2559.625	4601.5625	4379.75	cultivos
513745	558695	1739	1942	2284	2503.4375	2664.5	2842.5	2965	3153.3125	4806.5	4261.9375	cultivos
514235	559265	1634	1785	2122	2411.9375	2619.4375	2860.625	3049	3290.25	5181.625	4307.125	cultivos
517105	561795	1706	2038	2208	2904.6875	3510.1875	3778.8125	3854	4161.25	4855	3455.25	cultivos
517885	561575	1606	1884	2134	2618.9375	3197.6875	3510.125	3431	3876.25	4222.3125	3015.375	cultivos
514325	558245	1458	1576	1760	1928.25	2050.6875	2189.9375	2309	2508.875	4591.4375	4393.1875	cultivos
513615	557785	1572	1742	2008	2338	2536.8125	2774.375	2807	3137.1875	4647.4375	4065.875	cultivos
513795	559785	1639	1832	2058	2417	2818.0625	3058.6875	3280	3444.6875	4637.5	3804	cultivos
512515	558805	1786	2022	2406	2736.125	2956.625	3142.6875	3226	3494.5	4714.1875	4010.125	cultivos
513545	557675	1736	1941	2340	2631.875	2816.625	3024.125	3139	3338.5	4595.5	3967.9375	cultivos
515855	557855	1609	1874	2116	2570.3125	3281.375	3564.9375	3624	3953.625	4651.0625	3428.125	cultivos
513535	558695	1741	1961	2326	2587.125	2771.4375	2955.875	3063	3260.9375	4641.9375	4013.9375	cultivos
517885	561455	1483	1666	1695	2304.5	3479.8125	3842.8125	3786	4217.125	3695.125	2746.5625	cultivos
514415	558845	1628	1810	2042	2468.3125	2960.0625	3219.75	3404	3687.8125	4807.375	3705.4375	cultivos
513095	558715	2244	2674	3386	3887.5625	4142.875	4410.375	4572	4874.4375	5984.0625	4555.5	cultivos
512985	558395	1697	1916	2232	2458.4375	2655.3125	2839.5	2918	3154.5	4428.5	3845	cultivos
512695	558105	1756	1996	2340	2650.5625	2877.25	3086	3210	3419.6875	4500.8125	3821.5625	cultivos
513535	558665	1775	2000	2320	2617	2796	2953.6875	3070	3300.3125	4707.8125	4053.375	cultivos
512665	558675	1756	2170	2300	3012.5625	4046.5	4317.1875	4428	4669.6875	4842.9375	3506.25	cultivos
513475	559415	1651	1788	2070	2366.9375	2637	2859.9375	2980	3277.1875	5063.25	4240.8125	cultivos
515965	557935	1692	1964	2208	2694.125	3265.875	3532.5	3643	3955	4872.75	3554.6875	cultivos
513655	559525	1514	1618	1849	2042.8125	2215.8125	2383.125	2478	2768.5625	4659.8125	4265.125	cultivos
514215	558945	1713	1908	2100	2565.875	3071.125	3344.1875	3568	3820.9375	4673	3560.5625	cultivos
514245	558915	1660	1844	2048	2500.0625	2919.0625	3207.6875	3352	3670	4874.375	3765.3125	cultivos
514005	559085	1880	2014	2098	2676.125	3486.5	3742.3125	3884	4150.6875	4098.9375	2947.25	cultivos
513805	559815	1666	1874	2166	2495.5	2679.1875	2912.5	3032	3311.9375	4858.8125	4064.0625	cultivos
513505	557985	1852	2130	2582	2877.375	3059.5625	3245.875	3376	3592.625	4838.6875	4113.375	cultivos
512995	558115	1750	2004	2350	2725.125	3189.0625	3398.125	3326	3714.9375	4836.4375	3883.25	cultivos
516855	562135	1619	1879	2038	2539.3125	3064.375	3301.25	3352	3675.3125	4531.3125	3166.1875	cultivos
512665	559295	1830	2180	2532	3142.6875	3682.6875	3971.5625	4073	4421	5006.3125	3680.9375	cultivos
513945	558355	1473	1581	1802	1953.75	2092.5	2223.25	2343	2523.75	4577	4353	cultivos
514295	558895	1643	1808	2052	2498.0625	2959.875	3243.0625	3406	3753	4896.5625	3718.375	cultivos
513605	559995	1664	1885	2242	2489.1875	2707.75	2924	2974	3258.5625	4623.375	3891.5	cultivos
513375	558585	1711	1928	2250	2570.9375	2740.5625	2946.5625	2962	3257.1875	4768.0625	4145.75	cultivos
516085	562085	1910	2208	2856	3382.8125	3655.1875	3943.125	4107	4473.1875	5879.375	4280.125	cultivos
513205	558085	1906	2178	2644	2863.3125	2999.3125	3198.5	3403	3553.0625	4889.625	4142.125	cultivos
514385	558965	1662	1847	1874	2458	3367.75	3648	3844	4046.9375	4027.125	2929.75	cultivos
512695	558365	1869	2230	2678	3153.125	3623.4375	3895.1875	3950	4342.4375	5275.3125	4041.9375	cultivos
512595	559365	1630	1776	2076	2430.875	2673.875	2902.25	2790	3226.625	4452.5625	3840.4375	cultivos
512725	559305	1734	2106	2406	2947.875	3542.125	3760.5	3890	4193.75	4855.9375	3647.875	cultivos
513285	558275	1796	2048	2422	2703.375	2872.875	3068.1875	3150	3424.25	4671.8125	4026.625	cultivos
513565	558465	1736	1966	2344	2683.6875	2870.0625	3043.0625	3071	3387.5625	4724.5	4075.5625	cultivos
513505	557945	1835	2074	2518	2834	2983.3125	3171.75	3300	3521.25	4678.125	3994.5	cultivos
513155	559235	1766	2120	2282	2972.9375	3697.3125	4019.9375	4276	4445.625	4866	3618.375	cultivos
512765	558415	1758	1969	2354	2576.625	2774.3125	2973.75	3083	3324.1875	4567.0625	3877.6875	cultivos
512865	559105	1862	2118	2524	2713.9375	3049.1875	3254.125	3287	3593.8125	4692.0625	3938.875	cultivos
513085	559295	1532	1648	1856	2122.625	2317.4375	2586.5625	2526	2870.6875	4422.9375	3936.875	cultivos
516855	561975	1672	1956	2062	2728.875	3346.375	3575.5	3701	3964.8125	4796.1875	3393.9375	cultivos
513855	558155	1492	1638	1860	2085.5625	2205	2390.625	2497	2702.1875	4218.75	3898.25	cultivos
511165	562005	1871	2240	2638	3075.6875	3485.6875	3743.125	3854	4162.375	5329	3918.3125	suelo_desnudo
510815	558715	1776	2034	2360	2900.4375	3380.5	3661.0625	3700	4046.6875	5079	3879.5	suelo_desnudo
518035	552845	1542	1792	1854	2583.875	3449.4375	3813.9375	3808	4145.8125	3895.4375	2945.25	suelo_desnudo
517495	558395	1714	2040	2230	2769.6875	3511.8125	3878.6875	3894	4256.75	4998.5	3614.6875	suelo_desnudo
515775	558755	1626	1879	2046	2565	3100	3332.5625	3492	3748	4749.3125	3477.5	suelo_desnudo
514175	554395	1748	2024	2356	2848.0625	3247.6875	3557.875	3656	3979.5	5530.25	4041.875	suelo_desnudo
514625	554465	1866	2202	2550	2873.125	3547.9375	3868.4375	3821	4302.875	4995	3628.1875	suelo_desnudo
514605	554365	1447	1623	1621	2497	3446.6875	3842.625	3895	4211.75	4441	3119.375	suelo_desnudo
510715	560945	1614	1948	2064	2575.75	3423.8125	3772.1875	3883	4128.25	4265.1875	3081.875	suelo_desnudo
513355	554465	1736	2016	2204	2805.75	3311.875	3569	3819	3922.125	4884.75	3717.25	suelo_desnudo
514305	553465	1717	1954	2140	2598.3125	3244.8125	3587.125	3579	3923.375	4667.4375	3345.5625	suelo_desnudo
510895	559795	1678	1932	2136	2752.375	3446.5625	3735.375	3777	4158.5625	4788.4375	3325.25	suelo_desnudo
515645	559285	2050	2322	2804	3180.125	3432.6875	3662.3125	3761	4064.625	5361.25	4263	suelo_desnudo
511025	561855	1863	2172	2566	2975.4375	3458.125	3747.375	3894	4189.1875	4899.3125	3520.8125	suelo_desnudo
509745	559205	1778	2130	2322	2802.3125	3341.8125	3586.3125	3514	3865.3125	5030.75	3801.25	suelo_desnudo
517685	556355	1724	1938	2198	2612.6875	3188.3125	3509.4375	3520	3923	4683.875	3302.9375	suelo_desnudo
515915	558535	1792	2030	2338	2787.5	3296.125	3549.1875	3667	3979.25	5092.5625	3796.625	suelo_desnudo
514495	554605	1900	2214	2556	2980.5	3549.75	3880.5	4105	4337	5340.375	3930.6875	suelo_desnudo
510875	562125	1628	1828	2132	2516.1875	3057.5625	3331.375	3415	3761	4364.4375	3081.1875	suelo_desnudo
510585	562165	1646	1874	2186	2546.9375	2942.0625	3214.3125	3374	3677	4746.8125	3391.9375	suelo_desnudo
518045	552865	1683	2058	2138	2995.375	3509.5	3805.5625	3994	4160.9375	4432.6875	3470.5625	suelo_desnudo
511235	558975	2094	2492	2880	3340.375	3678.625	3948.625	3943	4241.1875	5181.6875	4153.375	suelo_desnudo
510665	562165	1838	2140	2648	2935.5625	3325.75	3609.125	3780	4053.5625	5101.8125	3644.125	suelo_desnudo
510755	560695	1506	1762	1922	2489.25	3205.875	3546.1875	3679	3998.0625	4459.125	3050.375	suelo_desnudo
514685	554295	1712	1974	2330	2531.5625	3383.5625	3722.5625	3619	4177.6875	4588	3167.875	suelo_desnudo
513365	554485	1714	1970	2154	2758.3125	3218.375	3400.75	3338	3691.0625	4561.125	3576.5625	suelo_desnudo
514665	554455	1618	1941	2012	2690.3125	3476.4375	3755.875	3944	4209.3125	4589.75	3272.3125	suelo_desnudo
510815	560545	1583	1808	1828	2428.6875	3532	3966.5	4147	4369.4375	4271.75	2885.4375	suelo_desnudo
511375	558695	1788	2074	2318	2762.375	3302.25	3610	3728	3967	5086.625	3764.5625	suelo_desnudo
517035	558505	1886	2136	2554	2938	3401.125	3687.375	3679	4116.1875	5065.5	3794.6875	suelo_desnudo
518215	552675	1988	2238	2490	2903.875	3407.75	3645.1875	3466	3933.4375	3878.5625	3066.8125	suelo_desnudo
514535	554445	1714	1984	2198	2721.0625	3426.0625	3704.625	3769	4124.25	4774.6875	3368.375	suelo_desnudo
516925	559265	1714	2012	2228	2739.3125	3340.5625	3658.3125	3765	4077.875	4836.125	3466.875	suelo_desnudo
511675	560415	1862	2150	2560	3101.4375	3532.5625	3798.625	3944	4234.75	5376.75	3986.125	suelo_desnudo
515595	559075	1684	1973	2168	2701.9375	3252.75	3523.5	3547	3828.5625	4516.9375	3301.9375	suelo_desnudo
514375	554025	1724	1949	2222	2625.75	3053.375	3299.3125	3408	3679.125	4999.1875	3561.8125	suelo_desnudo
514565	554565	1978	2278	2730	3081.5625	3680.875	3997.3125	4219	4472.25	5335.375	3873	suelo_desnudo
517705	556505	1758	2028	2380	2813.125	3113.5625	3382.3125	3536	3822.625	5144	3751.75	suelo_desnudo
510595	558955	1708	2038	2224	2816.6875	3435.25	3698.25	3753	4009.9375	4546.125	3397.4375	suelo_desnudo
510885	558925	1774	2026	2316	2769.6875	3335.3125	3631.625	3700	4009.1875	4836.0625	3509.875	suelo_desnudo
513385	554765	1983	2254	2694	2783.8125	3298.25	3572.625	3811	4003.1875	4733	3543.3125	suelo_desnudo
510825	558715	1706	1911	2236	2800.3125	3291.5	3543.6875	3584	3954.5625	4980.5	3757	suelo_desnudo
511885	560485	2116	2438	3060	3421.5	3702.375	3988.1875	4209	4448	5770.375	4323.9375	suelo_desnudo
510835	560745	1616	1822	2018	2427.875	3156.875	3489.375	3648	3896.375	4384.625	3040.75	suelo_desnudo
510905	558955	1751	2010	2200	2728.25	3378.8125	3659.25	3763	4028.25	4814.125	3401.9375	suelo_desnudo
517335	558675	2014	2264	2718	3034.25	3451	3701.5625	3832	4088.3125	5161.375	3966.6875	suelo_desnudo
515775	558715	1670	1921	2086	2637.25	3327.375	3635	3701	4016.1875	4796.5625	3459.1875	suelo_desnudo
514795	554335	1496	1791	1824	2369.4375	3225.25	3582.8125	3570	3964.8125	4165.875	2947.1875	suelo_desnudo
514275	554075	1768	2028	2328	2720.9375	3298.375	3589.625	3654	4003.0625	4995.75	3590.5625	suelo_desnudo
517135	558475	1999	2292	2762	3070.4375	3441.9375	3702.5625	3868	4134.3125	5194.5	3986.9375	suelo_desnudo
515715	558905	1713	1921	2182	2677.125	3039.0625	3266.5625	3319	3617.25	4871.875	3698.5625	suelo_desnudo
514015	553215	1768	2084	2278	2742.1875	3540	3854.5625	3941	4241.5625	4818.6875	3489.9375	suelo_desnudo
510825	556965	1783	2020	2356	2856.8125	3279.3125	3533.0625	3669	3946.9375	4938.125	3594.625	suelo_desnudo
510995	559035	1970	2304	2684	3098.875	3612.9375	3906.9375	3988	4314.4375	5084.3125	3783.375	suelo_desnudo
511655	560485	1748	2026	2242	2798.375	3594.6875	3944.6875	4065	4373.75	5041.625	3583.25	suelo_desnudo
514435	554045	1794	2022	2294	2664.25	3052.8125	3300.875	3495	3696.8125	5116.5	3652.5625	suelo_desnudo
514045	554205	1714	1962	2128	2703.75	3407.0625	3699.6875	3821	4070.9375	4982.3125	3625.25	suelo_desnudo
510825	559625	1658	1942	2182	2754	3298.3125	3608.875	3701	4047.375	4910.75	3496.6875	suelo_desnudo
511005	559035	2028	2384	2678	3130.125	3659.3125	3924.8125	4107	4275.8125	5010.4375	3740.125	suelo_desnudo
514435	554365	1578	1740	1940	2339.5625	3140.6875	3474.4375	3412	3946.5625	4338.1875	2993.4375	suelo_desnudo
517255	558605	1592	1805	1968	2534.9375	3279.25	3565.875	3618	3992.3125	4521.8125	3260.3125	suelo_desnudo
511165	559055	2156	2610	3092	3624.125	3828.1875	3985.4375	3980	4196.875	4964.9375	4263.125	suelo_desnudo
510955	558965	1798	2120	2346	2875.9375	3437.6875	3701.875	3801	4060	4870.625	3566.375	suelo_desnudo
518075	552835	2050	2312	2638	2905.5	3382.5625	3605.4375	3613	3874.3125	4010.875	3206.875	suelo_desnudo
513355	554875	1734	1984	2280	2867.375	3313.375	3558.875	3667	3923.625	4552.1875	3394.375	suelo_desnudo
514605	554325	1634	1826	1992	2450.875	3405.25	3747.6875	3670	4152.8125	4411.75	3043.3125	suelo_desnudo
510785	558605	1785	2068	2384	2862.75	3384.375	3633.4375	3674	4023.25	4728.9375	3549.6875	suelo_desnudo
510755	560955	1646	1891	2012	2596.0625	3439.9375	3791.6875	3884	4175.125	4462.8125	3212.8125	suelo_desnudo
516835	558365	1897	2274	2664	3113.75	3641.3125	3931.5	4129	4305.375	4632.1875	3476.5625	suelo_desnudo
517195	558985	2070	2372	2910	3251.5	3614.25	3912.875	4066	4338.3125	5402.375	4155.875	suelo_desnudo
509395	555805	2005	2324	2692	3139.5625	3759.1875	4023.0625	4168	4369.3125	5071.75	3634	suelo_desnudo
511295	558685	1835	2082	2376	2796.75	3249.5	3518.875	3687	3912.75	5168.8125	3859	suelo_desnudo
510865	558995	1723	1976	2192	2709.4375	3334	3618.5	3736	3998.75	4713.875	3349.8125	suelo_desnudo
518235	552395	1788	2198	2266	2948.6875	3583.5	3820.125	3730	4090.5625	4024.3125	3155.125	suelo_desnudo
517435	558605	1790	2042	2346	2772.8125	3195.625	3431.625	3435	3837.1875	4936.8125	3716.4375	suelo_desnudo
514875	554355	1452	1710	1658	2527.4375	3545.6875	3890.9375	4037	4302.8125	4487	3126.8125	suelo_desnudo
514585	554625	1956	2272	2604	2955.5625	3490.125	3763.4375	3734	4154.25	5067.875	3780.25	suelo_desnudo
511635	560075	1880	2160	2496	3057.375	3475.0625	3734.875	3796	4169.375	5271.0625	4118	suelo_desnudo
517965	556395	1797	2042	2388	2764.3125	3198.0625	3478.4375	3644	3931.1875	5058.9375	3639.25	suelo_desnudo
515525	559095	1800	2080	2418	2819.0625	3375.5	3666.8125	3708	4062.75	4892.1875	3647.1875	suelo_desnudo
510865	560595	1734	2010	2356	2745.5625	3495.6875	3792.75	3829	4188.9375	4488.1875	3277.9375	suelo_desnudo
516145	558405	2066	2372	2820	3131.6875	3500.1875	3723.0625	3919	4182.5625	5525.75	4334.0625	suelo_desnudo
514305	553865	1965	2218	2624	3050.625	3526.5625	3880.5625	4011	4299.375	5485.8125	4029.4375	suelo_desnudo
511255	562145	1679	1916	2272	2755.75	3143.6875	3491	3493	3932.5	5121.9375	3712.5625	suelo_desnudo
510495	558735	1990	2494	2880	2958.375	3563.5625	3775.75	3835	4037.3125	4567.6875	3493.9375	suelo_desnudo
510265	562135	1486	1812	1886	2763.625	3696.5	4119.25	4290	4577.0625	4632.5	3194.5	suelo_desnudo
510145	562155	1710	1975	2152	2583.875	3410.25	3746.875	3866	4130.375	4596.75	3277.875	suelo_desnudo
518215	552825	2106	2450	2732	3191.625	3496.25	3718.1875	3567	3957.625	4266.5625	3517.0625	suelo_desnudo
509895	562125	1706	1915	2152	2721.9375	3314.875	3569.5	3734	4005.0625	4971.1875	3645.25	suelo_desnudo
511225	558965	1870	2186	2560	3164.75	3603.0625	3880.8125	3931	4196.625	5118.3125	3982.6875	suelo_desnudo
518145	552525	2148	2510	2970	3225.4375	3844.3125	4169.875	4308	4595.4375	4820.8125	3694.1875	suelo_desnudo
515555	559215	1966	2264	2766	3087.5	3445.625	3721.25	3782	4119.1875	5292.5625	4127.25	suelo_desnudo
511265	559145	1826	2154	2450	3082.5	3649.0625	3885.25	3774	4154.125	4771.625	3827.8125	suelo_desnudo
513225	554715	1961	2252	2708	3046.9375	3353.875	3633.25	3850	4024	5122.8125	3865.5	suelo_desnudo
514105	554035	1318	1546	1420	2119.5	3340.25	3761.75	3886	4181.0625	3740.5	2586.875	suelo_desnudo
517705	556405	1764	2010	2320	2632.4375	3138.4375	3469.875	3584	3877.375	4623.625	3309.4375	suelo_desnudo
509645	558655	1940	2238	2522	2969.125	3375.625	3624.6875	3677	3944.125	5215.1875	4011.625	suelo_desnudo
514325	554605	1866	2104	2406	2665	3248.625	3591.3125	3532	3970.1875	4555.75	3458	suelo_desnudo
514565	554305	1644	1902	1994	2421.9375	3291.375	3645.6875	3830	4069.875	4299.875	2964.875	suelo_desnudo
518225	552615	2282	2616	2958	3343.5	3616.1875	3788.0625	3770	3992.6875	4293	3660.5625	suelo_desnudo
514405	554045	1734	1921	2238	2639.9375	3042.875	3313.6875	3394	3672.1875	5063.3125	3608	suelo_desnudo
510205	562085	1641	1865	2012	2519.75	3212.1875	3524.9375	3530	3900.25	4337.875	3121.1875	suelo_desnudo
511595	560325	1908	2164	2602	3153.625	3535.625	3819.25	3796	4205.4375	5573.625	4256.25	suelo_desnudo
518115	552675	2212	2554	2894	3158.9375	3596.8125	3818.25	3850	4069.5625	4163.875	3474.8125	suelo_desnudo
517365	559095	1785	2146	2474	3160.5	3543.25	3802.3125	3776	4231	5329.3125	3960.375	suelo_desnudo
514305	553585	1619	1886	2038	2607.875	3252.3125	3623.125	3866	4008.9375	4610.125	3275.1875	suelo_desnudo
510635	558925	1694	1998	2138	2686.625	3374.75	3656.5625	3700	3983.875	4476.4375	3289.3125	suelo_desnudo
510835	556975	1810	2082	2426	2892.1875	3299.375	3581.25	3723	3982.1875	4974.9375	3636.5	suelo_desnudo
510225	562105	1666	1932	2144	2677.125	3302.25	3612.5625	3864	3958	4286.6875	3162.75	suelo_desnudo
510735	558775	1677	1912	2144	2632.6875	3315.625	3588.6875	3666	3975.4375	4277.875	3152.1875	suelo_desnudo
517285	558575	1626	1880	2001	2460.6875	3373.75	3795.1875	3482	4039.75	4232.875	3039.625	suelo_desnudo
514825	554425	1896	2228	2618	2930.5	3565.4375	3909.3125	4092	4354.3125	4968.125	3698.9375	suelo_desnudo
513345	554565	1830	2048	2394	2705.625	3273.6875	3527.125	3656	3900.375	4772.375	3511.75	suelo_desnudo
510805	558555	1456	1766	1668	2518.25	3492.125	3876.625	4229	4311.8125	4260.375	2958	suelo_desnudo
510965	559615	1809	2130	2422	2917.4375	3361.375	3669.8125	3713	4077.9375	5284.3125	3817.75	suelo_desnudo
510865	560545	1629	1910	1987	2515.875	3536.875	3896.0625	4005	4219.8125	4054.75	2882.4375	suelo_desnudo
510785	558595	1894	2228	2622	2896.75	3435.125	3695.3125	3810	4115.25	4748.8125	3544.0625	suelo_desnudo
510765	558805	2023	2412	2798	3115.5	3535.9375	3761.1875	3981	4136.875	5052.4375	3942.6875	suelo_desnudo
511635	560565	1746	2015	2334	2826.125	3423.1875	3760.75	3965	4257.8125	5265.4375	3772.5	suelo_desnudo
510005	561915	1764	2038	2252	2783.875	3424.0625	3739.1875	3810	4142.4375	5097.4375	3692	suelo_desnudo
516805	556585	1647	1960	2170	2778.5	3211.625	3487.25	3678	3961.375	4799.3125	3356.625	suelo_desnudo
514075	553365	1985	2292	2660	3118.3125	3757.0625	4031.8125	4201	4461.6875	5302.4375	3971.6875	suelo_desnudo
510835	558525	2074	2386	2846	2939.625	3520.3125	3822	4038	4227	4743.5625	3516.1875	suelo_desnudo
514425	554405	1745	2002	2316	2630	3242.5625	3520.5625	3663	3980.125	4860.875	3475.625	suelo_desnudo
514115	553385	1802	2080	2324	2885.9375	3643.875	3977.0625	4074	4419.0625	5113.3125	3613.125	suelo_desnudo
515765	558535	1959	2244	2616	2975.375	3411.625	3654.75	3742	4053.3125	5278.75	4039.3125	suelo_desnudo
517185	558575	1772	2040	2334	2566.25	3316.5	3628.6875	3890	4072.25	4638.5625	3315.125	suelo_desnudo
517205	558555	1620	1827	1921	2530.9375	3321.8125	3622.25	3658	4022.875	4563.5625	3267.5	suelo_desnudo
510855	559635	1744	1984	2302	2758.3125	3274.3125	3539.4375	3591	3975.1875	4967.0625	3561.875	suelo_desnudo
511575	560445	1888	2146	2500	2860.625	3456.9375	3775.625	3893	4250.0625	5219.875	3803.8125	suelo_desnudo
510745	560795	1504	1810	1790	2475.6875	3577.0625	3950.375	4159	4360.375	4214.8125	2858.9375	suelo_desnudo
517465	558505	1755	2019	2230	2834.1875	3425.625	3721	3852	4147.125	5092.8125	3660.0625	suelo_desnudo
517215	558605	1706	1948	2130	2617.75	3334.5	3692.875	3797	4169	4744.0625	3462.6875	suelo_desnudo
514555	554415	1582	1831	1975	2580.125	3446.75	3728.1875	3718	4174.25	4553.6875	3164.9375	suelo_desnudo
516715	556665	1604	1896	2084	2554.75	3131.25	3439.5625	3543	3886.9375	4429.25	3037.5625	suelo_desnudo
509945	562095	1908	2206	2524	2965.8125	3439.625	3678.6875	3752	4095.6875	5233.875	3922.8125	suelo_desnudo
511015	558915	1806	2128	2394	2824.4375	3412.1875	3709.8125	3714	4084	4908	3634.8125	suelo_desnudo
510815	558545	1724	2072	2246	2692.8125	3482.8125	3840.375	4120	4260.625	4499.5	3203.1875	suelo_desnudo
511435	558885	1456	1686	1660	2404.6875	3241.5625	3603.0625	3550	3990.625	4349.3125	3094.9375	suelo_desnudo
514285	553595	1811	2072	2360	2749.25	3335.3125	3643.75	3728	4012.5	4722.75	3436.1875	suelo_desnudo
509465	558605	1808	2166	2310	2845.0625	3646.125	3982.6875	4130	4393.0625	4891.75	3521.3125	suelo_desnudo
516035	558445	1866	2110	2398	2739.4375	3358.75	3669.1875	3823	4031.1875	4913.625	3687.25	suelo_desnudo
510845	558905	1770	2064	2374	2747.9375	3228.25	3498.25	3619	3893.4375	4972.25	3722.375	suelo_desnudo
511125	562025	1695	1983	2322	2858.5	3281.5	3575.5	3620	4032.6875	5023.5625	3660.125	suelo_desnudo
510925	562145	1479	1808	1861	2610.6875	3329.5625	3672.25	3988	4092.4375	4506.9375	3250.6875	suelo_desnudo
513375	554425	1735	2040	2268	2758.25	3363.4375	3568.5	3734	3979.4375	4790.25	3625.6875	suelo_desnudo
518035	556405	1814	2090	2492	2823	3209.6875	3475.875	3546	3896.875	5143.3125	3729.75	suelo_desnudo
517605	556375	1781	2018	2348	2837.6875	3211.5625	3491.9375	3554	3967.75	5008.0625	3656.75	suelo_desnudo
511345	558905	1896	2216	2584	3146.8125	3591.0625	3866.9375	3850	4247.8125	5520.9375	4204.875	suelo_desnudo
510645	562155	1468	1737	1700	2645.625	3207.3125	3510.6875	3602	3931.9375	4602.25	3307.125	suelo_desnudo
515945	558435	1670	1938	2088	2592.1875	3290.3125	3618.125	3494	4048.75	4737.625	3491	suelo_desnudo
511075	558995	1950	2268	2656	3111.4375	3684.75	3959.5	3997	4323.875	5114.0625	3841.25	suelo_desnudo
515875	558435	1976	2234	2650	3016.875	3354.875	3600.125	3696	3974.9375	5536.5625	4287.1875	suelo_desnudo
514455	554385	1602	1902	2010	2542.5	3214.625	3539.125	3764	3971.6875	4648.75	3294.25	suelo_desnudo
510895	562155	1686	1979	2248	2615.5625	3342.0625	3667.1875	4009	4131.5	4586.125	3373.5625	suelo_desnudo
515565	559045	1758	2028	2282	2685.3125	3220.4375	3440.6875	3509	3862.875	4681.5	3437.875	suelo_desnudo
517945	556465	1775	2038	2360	2859.6875	3248.625	3545.375	3603	3989.8125	5192.6875	3760.4375	suelo_desnudo
516995	558545	2046	2340	2858	3059.6875	3451.75	3738.3125	3841	4154.25	5074.8125	3841.375	suelo_desnudo
511635	560505	1692	1988	2188	2876.5	3610.625	3964.3125	4128	4366.9375	5153.1875	3742.8125	suelo_desnudo
517105	559165	1974	2288	2664	3334.6875	3807.375	4095.375	4220	4542.8125	5470.5625	4130.6875	suelo_desnudo
517285	559085	2004	2352	2796	3372.5	3737.875	4008.625	4081	4433.5	5641.9375	4226.8125	suelo_desnudo
514315	554055	1708	1924	2218	2649.375	3194.3125	3451.875	3522	3851.375	4974.4375	3543.0625	suelo_desnudo
511185	558945	1914	2242	2578	3151.0625	3587.125	3849.5	3872	4185.5	5247.6875	4112.625	suelo_desnudo
515715	559035	1933	2178	2558	2900.625	3264	3500.6875	3604	3889.5	5107.8125	3884.875	suelo_desnudo
518015	556425	1672	1918	2210	2705.75	3126.25	3398.875	3450	3821.125	5012.25	3578.1875	suelo_desnudo
514775	554535	1422	1670	1577	2338.375	3366	3774.9375	3730	4183.6875	4044.25	2823.4375	suelo_desnudo
516375	556265	1816	2090	2486	2848.8125	3094.5	3331.1875	3428	3766.3125	5280.3125	3936.1875	suelo_desnudo
514465	554745	1346	1542	1468	2112.4375	3206.5625	3664.625	3215	4022.9375	3692.75	2579.625	suelo_desnudo
517185	558445	1428	1715	1638	2460.0625	3305.8125	3679.8125	3819	3974.1875	4014	2954	suelo_desnudo
517345	558725	1978	2282	2692	3207.8125	3542.9375	3786.0625	3766	4198.375	5314.5625	4173.6875	suelo_desnudo
517335	558965	2050	2380	2838	3015.3125	3508.1875	3789.25	3964	4201.5	5116.375	3801.125	suelo_desnudo
510065	562035	1704	1944	2192	2701.6875	3361.8125	3727.3125	3754	4155.5	4923.375	3606.6875	suelo_desnudo
517535	558395	1657	1962	2064	2717.125	3492.3125	3822.3125	3939	4246.375	4976.4375	3513.4375	suelo_desnudo
515585	559225	1678	2014	2206	2791.0625	3477.25	3793.6875	3964	4201.0625	4867.6875	3675.1875	suelo_desnudo
509825	559245	1714	2058	2308	2796.5	3253.125	3467.625	3401	3740.6875	5111.1875	3949.5625	suelo_desnudo
511245	559185	2238	2752	3192	3387.875	3744.3125	3984.125	3941	4214.6875	5019.5625	4166.75	suelo_desnudo
514385	554045	1675	1902	2196	2627.25	3021.5	3280.9375	3336	3664.4375	4985.8125	3545.9375	suelo_desnudo
515585	558815	1750	2015	2328	2738.9375	3113	3368.1875	3441	3705.9375	5081.625	3866.6875	suelo_desnudo
509705	559225	1844	2172	2368	3046.875	3833.9375	4186	4176	4583.625	5197.125	3704	suelo_desnudo
514625	554615	1975	2274	2646	2877.5625	3400.5	3638.9375	3778	3963.875	4643.1875	3542.875	suelo_desnudo
511245	562015	1802	2100	2476	2676.5	3226.0625	3549.5	3692	3990.25	4606.375	3395.6875	suelo_desnudo
514835	554425	2070	2370	2804	2971.125	3543.6875	3874.75	3965	4307.4375	4921.25	3686.875	suelo_desnudo
509725	559255	1808	2128	2334	2896.5625	3787.125	4163.3125	4427	4641.4375	5108.75	3543.0625	suelo_desnudo
516035	558405	1749	2054	2326	2872.0625	3375.75	3677.875	4013	4105.9375	5191.3125	3981.9375	suelo_desnudo
510545	558935	1857	2158	2570	3057.125	3522.125	3776.75	3866	4152.625	5166.0625	3963.6875	suelo_desnudo
516865	558435	2070	2468	2906	3324.375	3744.9375	3979.0625	4052	4325.375	4696.375	3695.6875	suelo_desnudo
517905	556475	1706	1966	2218	2789.875	3284.8125	3564.9375	3591	4005.3125	5042	3595.375	suelo_desnudo
517255	558735	1796	2100	2466	2893.375	3585	3880.5625	4005	4391.5625	4907.4375	3603.1875	suelo_desnudo
517065	558545	1836	2142	2426	3032.1875	3471.5625	3771.8125	3777	4216.5625	5201.75	3900.3125	suelo_desnudo
510715	561065	1575	1836	1991	2475.0625	3309.8125	3650.0625	3797	4097.4375	4356.0625	3034.25	suelo_desnudo
516725	556645	1631	1893	2066	2647.1875	3130.5625	3402.9375	3558	3885.9375	4531.0625	3143.5625	suelo_desnudo
514695	554425	1780	2024	2188	2575.8125	3196.5625	3451.8125	3511	3745.5625	4095.4375	2985.25	suelo_desnudo
517235	558975	1610	1879	2002	2706.9375	3483.1875	3797.5625	3998	4198.8125	4628.5625	3433.8125	suelo_desnudo
510885	556975	1800	2048	2378	2849	3264.9375	3578.1875	3677	3969.8125	4940	3588.375	suelo_desnudo
515805	558655	1932	2200	2598	3012	3375.625	3624.75	3685	4030.625	5446.4375	4208.75	suelo_desnudo
517335	558655	2054	2370	2820	3020	3416.5	3663	3796	4041.4375	5131.875	4011.5625	suelo_desnudo
511335	561915	1961	2266	2772	3087.5625	3407.875	3638.75	3709	4025.1875	4970.9375	3799	suelo_desnudo
514505	554395	1578	1813	1914	2603.5	3390	3698.5	3818	4128.8125	4713.1875	3311.625	suelo_desnudo
515625	558875	1826	2076	2478	2715.3125	3186.75	3425.625	3505	3800.875	4988.5625	3720	suelo_desnudo
510665	561205	1654	1938	2252	2763.9375	3322.6875	3633.125	3766	4093.5625	4926	3523.9375	suelo_desnudo
517295	558905	1734	2082	2318	2845.9375	3396.875	3688.3125	3811	4149.875	4649.1875	3476.5625	suelo_desnudo
518165	552745	1812	2016	2254	2877.8125	3428.875	3684.125	3705	3956.125	4063.5625	3176.0625	suelo_desnudo
509465	555865	1706	1974	2166	2814.875	3558	3805.4375	3895	4235.9375	4791.5	3361.5	suelo_desnudo
517015	558405	2000	2246	2706	3021.5	3562.875	3873	3932	4229.625	4771.3125	3657.4375	suelo_desnudo
510675	558885	1857	2202	2452	2932.6875	3502.5625	3750.0625	3729	4078.8125	4667.4375	3497.4375	suelo_desnudo
518295	552385	1724	2038	2174	2774.875	3531.875	3845.3125	3902	4190.875	4073.0625	3154.625	suelo_desnudo
515535	559035	1744	1929	2178	2722.1875	3337.25	3637.875	3727	3998.875	4797	3554.4375	suelo_desnudo
515695	558975	2050	2256	2736	2849	3174.0625	3458.8125	3712	3851.75	5109.0625	3932.125	suelo_desnudo
515815	558705	1947	2212	2668	2979.5	3427.375	3674.125	3787	4095.4375	5421.5625	4134.4375	suelo_desnudo
517315	558905	1982	2340	2838	3077.625	3461.3125	3749.375	3942	4178.75	5142.9375	3846.125	suelo_desnudo
511455	560345	2108	2412	2888	3301.1875	3612.25	3893.9375	4000	4315.4375	5434.625	4288.4375	suelo_desnudo
509495	558715	1728	1980	2200	2795.125	3584.5625	3955.75	4046	4441.3125	5139.4375	3632.625	suelo_desnudo
510765	560895	1616	1969	2062	2614.375	3451.9375	3773.6875	3833	4125.125	4358.3125	3103.8125	suelo_desnudo
513065	554805	1704	1955	2204	2686.6875	3130.0625	3419.1875	3477	3810.4375	4625.0625	3416.4375	suelo_desnudo
518215	552515	2022	2352	2618	3239.75	3653.3125	3902.0625	3918	4160.3125	4376.9375	3549.1875	suelo_desnudo
514045	553385	1850	2082	2350	2975.5	3760.375	4106.875	4169	4538.5625	5073.1875	3753.125	suelo_desnudo
515635	558835	1798	2002	2318	2721.5625	3092.0625	3341.1875	3403	3701.4375	4953.1875	3802.9375	suelo_desnudo
517505	558465	1665	1977	2078	2737.8125	3476.9375	3811.5	3951	4247.6875	4950.8125	3465.1875	suelo_desnudo
510865	556955	1814	2058	2454	2864.4375	3293	3591.75	3658	3977.4375	4936.4375	3661.375	suelo_desnudo
514305	553505	1576	1818	1908	2183	2736.8125	2996.125	2434	3242.5625	3326.1875	2444.625	suelo_desnudo
511315	559165	2068	2396	2794	3117.5	3488.1875	3729.625	3876	4062.125	5121.1875	3991.8125	suelo_desnudo
518115	552885	2024	2340	2822	3131.0625	3594.375	3873.8125	4070	4287.75	4889.625	3818.3125	suelo_desnudo
511195	561885	1814	2180	2584	2671.125	3373.4375	3675.1875	3689	4009.125	4441.5625	3223.5	suelo_desnudo
510225	562095	1794	2122	2342	2781.375	3323.75	3587.1875	3669	3943.5	4295.0625	3214.25	suelo_desnudo
515875	558645	1902	2188	2546	2959.9375	3351.3125	3578.5	3722	3999.4375	5369	4100.875	suelo_desnudo
511615	560555	1788	2028	2362	2834.1875	3388.5625	3688.625	3815	4159.125	5256.3125	3807.8125	suelo_desnudo
515965	558535	1622	1926	2080	2693.4375	3307.9375	3573.6875	3647	4046.3125	4983.8125	3613.8125	suelo_desnudo
516165	558535	1611	1939	2038	2677.6875	3462.875	3832.75	3819	4233.125	4886.0625	3597.25	suelo_desnudo
513305	554925	1858	2144	2470	2864.125	3400.25	3663.375	3841	4088.25	4850.5625	3571.625	suelo_desnudo
509345	558765	1783	2042	2288	2696.125	3374.5625	3648.0625	3691	4059.1875	4988.5	3623	suelo_desnudo
514525	554645	1604	1832	1966	2611.0625	3462.625	3833.8125	4164	4315.8125	4737.25	3369.1875	suelo_desnudo
511325	562015	1604	1874	2014	2682.1875	3211.5625	3519.75	3699	3944.375	4773.375	3478.9375	suelo_desnudo
513165	554835	1776	2068	2394	2827.125	3199.1875	3444.75	3636	3857.0625	5050.75	3743.75	suelo_desnudo
513245	554595	1976	2258	2596	2988.625	3472.5625	3694.25	3828	4071.8125	4926.8125	3739.1875	suelo_desnudo
510165	562135	1380	1595	1510	2381	3418	3829.8125	3648	4166.5625	4203.3125	2878.0625	suelo_desnudo
513025	554695	1878	2152	2558	2935.4375	3233.9375	3449.875	3540	3819.625	5199.3125	3990.1875	suelo_desnudo
514075	554045	1313	1487	1433	2057.4375	3305.3125	3797.875	3810	4208.125	3760.0625	2578.8125	suelo_desnudo
514475	554265	1646	1915	2072	2524.6875	3255.1875	3598.8125	3632	3992.125	4531	3207.625	suelo_desnudo
511005	561885	1493	1832	1916	2725.625	3298.625	3608.125	3674	3985.6875	4564.3125	3345.8125	suelo_desnudo
511315	558815	1780	2098	2324	2782.5625	3414.4375	3743.1875	3834	4139	4973.875	3528	suelo_desnudo
514505	554325	1744	2026	2268	2681.75	3362.625	3653.625	3752	4086.75	4689.125	3319.375	suelo_desnudo
516895	558495	1870	2154	2444	2962.5	3535	3846.9375	3908	4240.625	4904.125	3638.75	suelo_desnudo
516735	556595	1634	1964	2180	2695.3125	3214.875	3483.4375	3665	3940.625	4608	3158.375	suelo_desnudo
510805	559795	1677	1925	2172	2707.6875	3272.0625	3597	3685	4021.5625	4768.6875	3327.875	suelo_desnudo
514565	554525	1836	2170	2398	2888	3616.6875	3943.25	4175	4352.375	4822.0625	3501.25	suelo_desnudo
511065	561925	1768	2054	2500	2899.6875	3315.875	3577.75	3743	4034.8125	4937.8125	3596.75	suelo_desnudo
513315	554505	1560	1738	1874	2565.0625	3234.0625	3527.3125	3657	3892.5	4500.875	3285.75	suelo_desnudo
510005	561995	1930	2240	2512	2906.5	3632.9375	3919.4375	4089	4346.8125	5010.375	3646.9375	suelo_desnudo
514105	553385	1796	2070	2350	2934.25	3705.9375	4058.25	4156	4492.25	5137.6875	3635	suelo_desnudo
517085	559065	1880	2182	2598	3076	3595.0625	3903.3125	3957	4338.5	5333.5	3951.125	suelo_desnudo
514445	554565	1730	2088	2384	2572.8125	3343.625	3722.125	3988	4157.25	4626.5	3302.25	suelo_desnudo
513315	554625	1910	2170	2628	3060.25	3426.25	3677.125	3787	4096	5454.5625	4088	suelo_desnudo
511105	558975	1884	2188	2456	3023.875	3562.3125	3842.5625	3933	4215.5625	5011.875	3771.125	suelo_desnudo
518065	556375	1541	1875	1919	2678.625	3412.375	3765.5625	4268	4225.75	4832.25	3423.5625	suelo_desnudo
517305	558485	1624	1870	1980	2546.5	3278.0625	3588.375	3576	3973.125	4453.9375	3187.375	suelo_desnudo
514535	554665	1814	2104	2484	2672.1875	3378.4375	3742.5	3946	4204.1875	4860.6875	3447.5625	suelo_desnudo
518245	552545	2438	2762	3066	3377.5625	3600.8125	3771	3688	3961.75	4275.125	3701.25	suelo_desnudo
511645	560495	1694	1975	2142	2790	3596.125	3950.3125	4087	4380.4375	5052.1875	3611.3125	suelo_desnudo
515825	558495	1806	2106	2432	2974.6875	3416.375	3701.625	3746	4062.9375	5299.5625	4034	suelo_desnudo
510855	559765	1785	2082	2428	2851.8125	3380	3661	3833	4073.4375	5001.6875	3548.9375	suelo_desnudo
517695	556525	1728	1974	2348	2740.125	3094.5625	3339.5625	3491	3789.75	5031.375	3624.1875	suelo_desnudo
515635	558935	1810	2062	2450	2784.4375	3015.0625	3217.6875	3351	3602.4375	5133.0625	3963.25	suelo_desnudo
515705	558995	1856	2164	2446	2978.3125	3236.6875	3458.375	3641	3858.75	5235	4061.1875	suelo_desnudo
513255	554495	1738	2020	2274	2702.0625	3282.5625	3565	3719	3965.5625	4913.8125	3545.4375	suelo_desnudo
517395	558705	2130	2392	2842	3228.625	3534.6875	3795.375	3894	4252.4375	5464.9375	4185.1875	suelo_desnudo
511335	561985	1694	1996	2202	2790.875	3299.5625	3580.4375	3574	3972.5625	4854.875	3514.6875	suelo_desnudo
510875	557055	1816	2044	2420	2874.5625	3244.8125	3479.8125	3568	3889.3125	4982.6875	3693.0625	suelo_desnudo
513285	554955	1680	1971	2208	2789.25	3290.5625	3543.0625	3644	3921.5	4779.8125	3533	suelo_desnudo
510805	560565	1546	1844	1860	2442.8125	3551.625	3931.875	4088	4321.0625	4211.1875	2891.375	suelo_desnudo
510195	562175	1762	2098	2356	2978.4375	3558.3125	3864.9375	3766	4246.1875	4916	3594.25	suelo_desnudo
515525	558955	1675	1864	2134	2629.875	3151.625	3419.9375	3518	3808.3125	4694.5625	3450.375	suelo_desnudo
517335	559205	1886	2126	2456	3082.375	3405.6875	3618.5625	3729	4027.0625	4786.8125	3713	suelo_desnudo
510965	562155	1628	1888	2160	2705.6875	3099.75	3372.9375	3475	3849.625	4918.625	3498.875	suelo_desnudo
510735	559785	1814	2084	2382	2873.9375	3409.4375	3704.4375	3846	4112.25	4995.9375	3605	suelo_desnudo
516965	559165	1696	1946	2190	2719	3300	3608.25	3790	3997.375	4974.9375	3622.625	suelo_desnudo
510855	558945	1692	1958	2206	2600.0625	3230.0625	3521.375	3637	3942.5625	4770.625	3395.125	suelo_desnudo
515555	559065	1741	1998	2284	2707.0625	3276.9375	3514.8125	3641	3983.25	4782.8125	3514.3125	suelo_desnudo
514065	554195	1656	1920	2078	2618.875	3359.3125	3650.5625	3808	3992.625	4708.1875	3421.8125	suelo_desnudo
517265	558895	1420	1614	1580	2504.6875	3219.5	3540	3531	3919.5	4071	2932.8125	suelo_desnudo
514245	554105	1578	1768	1912	2365.6875	3405.8125	3799.3125	3834	4231.3125	4355.25	2987.25	suelo_desnudo
513295	554925	2014	2406	2734	2949.375	3433.25	3705.625	3912	4092.75	4867.1875	3604.375	suelo_desnudo
517345	558835	2036	2384	2750	3478.0625	3760.5625	4032.9375	4041	4405	5584.5	4318.125	suelo_desnudo
511645	560635	1822	2064	2406	2891.6875	3433.75	3721.625	3798	4183.5	5339.8125	3840.3125	suelo_desnudo
513215	554605	1974	2316	2624	2971.75	3396.8125	3653.25	3809	4007.875	4978.3125	3791.4375	suelo_desnudo
510925	559665	1780	2036	2378	2930.0625	3358.5	3625.3125	3669	4023	5209.9375	3773.875	suelo_desnudo
511605	560295	2086	2358	2850	3286.0625	3619.4375	3885.3125	3958	4300.0625	5646.4375	4398.5	suelo_desnudo
512975	554685	1472	1818	1788	2633.1875	3305.9375	3602.0625	3910	3990.25	4549.625	3342.8125	suelo_desnudo
513075	554735	1642	1864	2150	2754.25	3141.875	3431.875	3557	3820.9375	4921.3125	3670.875	suelo_desnudo
510915	559685	1866	2114	2510	2911.1875	3357.8125	3642.25	3755	4029.0625	5246.9375	3781.3125	suelo_desnudo
510145	562145	1728	2016	2172	2600.9375	3443.375	3754.875	3922	4165	4661.5	3302.75	suelo_desnudo
510835	559585	1661	1906	2146	2679.625	3237	3547.1875	3600	3994.5	4831.125	3358.3125	suelo_desnudo
514335	554625	2096	2356	2808	3010.1875	3557.6875	3784.375	4016	4205.25	5173.125	4091.8125	suelo_desnudo
514335	554635	2066	2372	2898	3089.0625	3607.5	3798.375	4044	4232.4375	5333.0625	4241.5	suelo_desnudo
511515	560435	1798	2056	2332	2916.8125	3477.3125	3802.5625	3867	4217.625	5301.5625	3908	suelo_desnudo
510205	562075	1602	1844	1982	2543.25	3209.5625	3568.8125	3445	3958.25	4405.625	3150.5625	suelo_desnudo
514225	553925	1922	2218	2626	2926.625	3538.3125	3823.9375	4000	4259.875	5148.5	3746	suelo_desnudo
510945	558965	1800	2086	2366	2850.1875	3412.1875	3694.1875	3831	4085.4375	4877.625	3560.75	suelo_desnudo
518095	552965	1871	2172	2462	3056.125	3598.6875	3902.25	3885	4286.5	4990.375	3788.625	suelo_desnudo
511015	558985	1794	2084	2324	2903.25	3560.75	3858.4375	3889	4244.75	4826.8125	3582.75	suelo_desnudo
510955	560525	1622	1905	2056	2572.6875	3627.25	3998.375	4221	4344.5625	4378.25	3074.5625	suelo_desnudo
516155	558425	1976	2282	2712	3004.8125	3446.375	3704.125	3878	4162.5	5367.8125	4124.9375	suelo_desnudo
509665	558625	1880	2140	2480	2712.9375	3209	3459	3735	3866.125	4808.0625	3666.25	suelo_desnudo
518155	552465	2030	2368	2556	3170.25	3579.1875	3696.4375	3480	3892	4086.1875	3344.4375	suelo_desnudo
514265	553655	1713	1992	2124	2628.9375	3325.5	3618.125	3518	4005.125	4480.125	3241.125	suelo_desnudo
514555	554285	1510	1693	1788	2372.5	3229.125	3537.1875	3402	3937.75	4201	2890.5	suelo_desnudo
517755	556335	1696	1918	2154	2662.3125	3133.6875	3411.9375	3546	3853.75	4821.3125	3422.3125	suelo_desnudo
510575	558755	1886	2184	2594	3062.875	3469	3737.75	3857	4112.75	5359.6875	4144.8125	suelo_desnudo
515525	559225	1872	2202	2644	2999.5	3336.125	3577.8125	3856	4021.1875	5142	3881.25	suelo_desnudo
518095	556395	1802	2084	2400	2754.875	3161.25	3471.375	3641	3905	5063.9375	3666.125	suelo_desnudo
511685	560535	2024	2338	2744	3284.9375	3765.625	4064.5625	4247	4556.4375	5617.75	4152.125	suelo_desnudo
510765	558845	2062	2650	3136	3261.125	3618.6875	3869.6875	3998	4162.1875	5226.125	4057	suelo_desnudo
517345	559165	1974	2306	2742	3358.1875	3637.8125	3872.5625	3994	4290.25	5274.3125	4027.25	suelo_desnudo
514185	553535	1652	1908	2044	2551.375	3458.4375	3843.3125	3842	4302.75	4495.3125	3186.375	suelo_desnudo
515905	558455	1902	2152	2532	2984.4375	3355.375	3597.6875	3648	3993.125	5561.1875	4209.625	suelo_desnudo
517175	558765	1730	2018	2202	2893.9375	3381.9375	3657.3125	3593	3992.0625	4830.8125	3692.9375	suelo_desnudo
514535	554495	1818	2124	2330	2830.25	3591.1875	3902.75	4079	4305.125	4796.75	3435.0625	suelo_desnudo
514405	554675	1807	2068	2438	2975.9375	3498.1875	3795	3813	4201.5	5374.5	3985.3125	suelo_desnudo
514365	554025	1692	1928	2226	2638.625	3063.9375	3315.125	3416	3700.375	4990.8125	3558.625	suelo_desnudo
511105	559005	1820	2120	2366	2929.5625	3549	3806.375	3829	4122.1875	4792.6875	3633.6875	suelo_desnudo
510755	556935	1804	2064	2390	2891.0625	3274.125	3554.1875	3589	3954.875	5010.8125	3730.8125	suelo_desnudo
515915	558555	1813	2032	2326	2741.75	3279.25	3527.8125	3583	3946.8125	5069.875	3771.75	suelo_desnudo
510755	560815	1497	1782	1776	2458.8125	3523	3905.5625	4018	4329.625	4223.75	2886.8125	suelo_desnudo
510735	560975	1582	1840	1977	2504	3361	3700.9375	3717	4121	4389.75	3112.4375	suelo_desnudo
516105	558435	1880	2178	2532	3029.125	3410.125	3669.5625	3810	4080.8125	5429.875	4232.3125	suelo_desnudo
515745	558615	1944	2228	2678	2996.1875	3278.1875	3527.4375	3696	3950.1875	5652.25	4420.0625	suelo_desnudo
516915	558405	2152	2462	2850	3296.75	3630.1875	3856	3885	4157.8125	4785.375	3714.6875	suelo_desnudo
511555	560455	1744	1993	2210	2842.5	3507.9375	3842.0625	3908	4301.25	5218.8125	3805.0625	suelo_desnudo
517025	559205	1962	2264	2664	3157.6875	3608.5	3898.875	3953	4322.5625	5420.8125	4035.1875	suelo_desnudo
514625	554355	1886	2196	2560	2763.5625	3530.875	3867.0625	4024	4312.875	4781.9375	3428.625	suelo_desnudo
509755	559285	1775	2122	2392	2918.125	3462.25	3726.1875	3727	4055.375	5183.5	3940	suelo_desnudo
514305	553825	1799	2062	2426	2806.3125	3416.4375	3670.5	3727	4091.625	4929.5625	3694.25	suelo_desnudo
511445	558735	1825	2046	2290	2762.375	3282.5	3560.0625	3587	3899.125	5106.9375	3785.5	suelo_desnudo
517215	558475	1585	1777	1788	2444.8125	3246.875	3593.875	3723	3985.6875	4220.625	3080.8125	suelo_desnudo
514485	554655	1872	2158	2514	2825.875	3468.8125	3817.25	3994	4249.5	4995.5625	3587.125	suelo_desnudo
511235	559145	2194	2664	3144	3297.1875	3642.5	3856.75	3894	4073.875	4806.3125	4017.9375	suelo_desnudo
511805	560415	1834	2116	2482	3085.375	3447.25	3731.125	3691	4118.9375	5352.4375	4083.3125	suelo_desnudo
513355	554475	1775	2072	2350	2795.3125	3274.375	3506.75	3636	3852.5625	4809.625	3691.0625	suelo_desnudo
509545	558725	1548	1803	1882	2580.3125	3423.3125	3783.0625	3688	4207.5625	4752.5	3271.5	suelo_desnudo
517085	558425	1369	1579	1530	2159.8125	3160.3125	3596.5625	3567	3876.4375	3788.6875	2632	suelo_desnudo
513195	554805	2052	2376	2912	3166.625	3429.5	3644.0625	3824	4054.75	5409.75	4171.125	suelo_desnudo
518185	552515	2036	2334	2590	2908.125	3543.375	3799.9375	3684	4035.0625	3961.875	3148	suelo_desnudo
514185	553465	1662	1916	2142	2647.75	3330.1875	3587.6875	3609	4021.8125	4656.6875	3286.625	suelo_desnudo
515635	559005	1800	2046	2376	2778.9375	3102	3330.4375	3407	3711.0625	5017.6875	3786.3125	suelo_desnudo
518285	552975	1940	2332	2562	3190.3125	3898.5625	4186.9375	4308	4563.5	4713.9375	3537.1875	suelo_desnudo
510825	557005	1797	2074	2462	2837.5	3213.625	3490	3656	3908.75	4890.25	3545.875	suelo_desnudo
517265	558635	1780	2072	2360	2641.125	3264.375	3555.8125	3674	4007.9375	4670.5	3463.875	suelo_desnudo
510275	562165	1768	2114	2394	2981.625	3777.5625	4137.3125	4151	4562.1875	4778.0625	3316	suelo_desnudo
511675	560145	1964	2216	2648	3084.5	3532.625	3804.4375	3877	4226.8125	5319.3125	4117.1875	suelo_desnudo
515925	558725	2024	2312	2644	3067.8125	3528.5625	3801.8125	3932	4218.0625	5365.0625	4083.3125	suelo_desnudo
514385	554385	1708	1984	2326	2693	3306	3633.0625	3784	4125.1875	5001.8125	3508.25	suelo_desnudo
511585	560575	1844	2166	2466	2914.0625	3474.625	3803.125	3972	4224.375	5279.75	3831.0625	suelo_desnudo
511165	562125	1674	1916	2210	2694.6875	3105.75	3393.5625	3487	3837.0625	4782.25	3410.375	suelo_desnudo
514495	554475	1708	1976	2186	2676.375	3398	3714.5	3884	4160.25	4876.4375	3426.4375	suelo_desnudo
509465	558675	1711	2014	2166	2887.6875	3708.5	4084.375	4169	4603.1875	5381.625	3714.4375	suelo_desnudo
518165	552455	2174	2616	2894	3379.25	3667.1875	3884.4375	3893	4077	4325.1875	3497.9375	suelo_desnudo
513255	554575	1844	2106	2400	2911.125	3413.875	3669.125	3877	4072.5	4916.0625	3677.5625	suelo_desnudo
514415	554705	1894	2088	2532	2656.3125	3201.6875	3477.8125	3618	3865.625	4718.375	3475.9375	suelo_desnudo
515605	558875	1816	2080	2488	2798.6875	3146.375	3375.875	3467	3756.3125	5147.75	3879.8125	suelo_desnudo
516805	556645	1632	1922	2130	2717.125	3244.9375	3525.3125	3634	3971	4665.4375	3190.0625	suelo_desnudo
510865	559605	1732	2004	2326	2797.9375	3254	3562.75	3640	3944.8125	5026.5	3582.75	suelo_desnudo
510745	559835	1764	2068	2364	2948.4375	3519.3125	3793.125	3930	4222.3125	5035.4375	3668.875	suelo_desnudo
509685	558685	1864	2218	2566	2975.0625	3332.25	3565.8125	3657	3874.875	5315.625	4177.1875	suelo_desnudo
518215	552735	1838	2164	2394	2906.75	3546.5	3817.375	3917	4124.4375	4198.0625	3229	suelo_desnudo
510715	558905	1554	1830	1850	2491.875	3253.6875	3542.6875	3805	3898.875	4207.875	3072.25	suelo_desnudo
509435	558725	1450	1768	1610	2531	3368.6875	3708.4375	3733	4027	4770.3125	3409.0625	suelo_desnudo
513415	554745	1745	1968	2270	2816.25	3389.625	3699.125	3730	4008.25	4622.0625	3489.125	suelo_desnudo
517235	558765	2086	2394	2886	3248.8125	3627.4375	3890.25	3949	4293.375	5309.75	4136.3125	suelo_desnudo
515595	559175	1844	2142	2522	2981.4375	3246.875	3479.0625	3497	3874.8125	5354	4208.8125	suelo_desnudo
515985	558545	1762	2054	2280	2727.875	3314.9375	3562.9375	3800	4064.25	5157.3125	3753.3125	suelo_desnudo
511185	562045	1680	1914	2252	2760.8125	3181.5625	3469.25	3573	3885.1875	4917.3125	3527.8125	suelo_desnudo
518165	552645	2076	2368	2626	2935.9375	3546.875	3803.25	3767	4103.125	4086.5625	3202.375	suelo_desnudo
516365	556245	1827	2066	2478	2836	3055.625	3317.1875	3407	3700.9375	5294.25	3949.1875	suelo_desnudo
513315	554555	1776	2078	2338	2752.375	3261.4375	3542.5	3663	3887.8125	4775.125	3554.125	suelo_desnudo
510095	562095	1808	2126	2374	3121.625	3659.3125	3945.875	4176	4332.0625	5332.125	3959.25	suelo_desnudo
518255	552935	1947	2278	2544	3147.8125	3763.9375	4022	3954	4410.3125	4574.75	3476.9375	suelo_desnudo
513265	554565	1915	2224	2560	2955.8125	3380	3632.8125	3784	4037.8125	4965.375	3759.5	suelo_desnudo
509865	559275	1664	1911	2096	2704.5625	3299.1875	3597.375	3676	3986.3125	5164.9375	3797.5	suelo_desnudo
517545	558385	1660	1949	2056	2715.1875	3475.625	3776.5625	3849	4216.0625	4926.125	3468.0625	suelo_desnudo
510995	558935	1728	1978	2224	2846.125	3368.5625	3627.375	3712	4035.875	4936.25	3607.875	suelo_desnudo
511355	558805	1725	2009	2166	2703.6875	3455.25	3764.9375	3820	4119	4809.125	3358.8125	suelo_desnudo
517525	558465	1641	1950	2060	2728	3443.25	3758.8125	3866	4184.125	4940.625	3492.75	suelo_desnudo
511025	559675	1904	2210	2534	2915.5	3392.75	3687.25	3879	4078	5179.3125	3755.6875	suelo_desnudo
516985	559185	1834	2152	2506	3036.1875	3446.4375	3742.125	3823	4175.625	5324.8125	3951.3125	suelo_desnudo
510655	561045	1596	1838	2018	2545.25	3214.25	3495.875	3589	3911.9375	4604.6875	3298	suelo_desnudo
514715	554435	1589	1808	1919	2475.625	3165.875	3438.6875	3504	3819.75	4136.375	2905.9375	suelo_desnudo
513295	554555	1944	2252	2594	2861.25	3343.9375	3645.6875	3691	4003.375	4881.5625	3621	suelo_desnudo
517185	558815	1686	1982	2156	2900.25	3509.375	3825.5625	3871	4240.0625	4814.375	3488.875	suelo_desnudo
511895	560485	2004	2348	2884	3356.75	3675.4375	3961.25	4064	4420.625	5623.5625	4226.125	suelo_desnudo
509565	558695	1791	2066	2306	2811.5	3494.875	3837.125	4030	4328.75	5125.375	3559.25	suelo_desnudo
517335	558885	1896	2198	2694	3084.4375	3391.0625	3689.625	3765	4137.6875	5326.6875	3945.3125	suelo_desnudo
514705	554625	2118	2388	2754	3140.375	3730.1875	4005.8125	4188	4365.9375	4927.5625	3690.5	suelo_desnudo
511035	559075	1753	2028	2220	2778.8125	3348.3125	3613.3125	3673	3998.875	4565.5	3385.75	suelo_desnudo
514065	553375	2048	2362	2832	3171.6875	3818.1875	4106.0625	4153	4528.25	5283	3970.125	suelo_desnudo
518015	552775	2078	2394	2850	3169.875	3593.0625	3841.875	3940	4189	4731.75	3778.9375	suelo_desnudo
518295	552855	1922	2290	2524	3178.5	3831.875	4125.375	4204	4536	4734.6875	3527.6875	suelo_desnudo
511365	558935	2021	2312	2672	3113	3509.5	3750.6875	3817	4116.3125	5166.75	3985.1875	suelo_desnudo
515715	558695	1674	1880	2080	2550.625	3148.625	3415.6875	3483	3791.75	4583.125	3298.9375	suelo_desnudo
515915	558525	1778	2042	2322	2782.4375	3306.3125	3569	3643	3995.875	5085	3775.4375	suelo_desnudo
515595	558905	1768	2026	2338	2763.6875	3171.75	3395.4375	3576	3793.9375	5087.1875	3804.5625	suelo_desnudo
511065	559055	1794	2086	2286	2787.125	3514	3805.5	3946	4220.8125	4717.4375	3422.6875	suelo_desnudo
511655	560335	1960	2190	2634	3153.625	3500.5	3746.4375	3770	4166.375	5431.5	4193.1875	suelo_desnudo
512985	554685	1682	1894	2200	2712.5625	3315.8125	3660.1875	3733	4054.75	4711.375	3476.4375	suelo_desnudo
511715	560135	1784	2090	2342	2890.6875	3488.9375	3801.5625	3958	4194.9375	5043.8125	3797.1875	suelo_desnudo
515645	559155	1832	2140	2490	2932	3319.25	3516.1875	3796	3935.125	5157.5	3926.1875	suelo_desnudo
515765	558865	1808	2036	2368	2808.9375	3087.5	3322.3125	3376	3657.625	5146.125	3970.6875	suelo_desnudo
514855	554485	1504	1723	1783	2421	3311.8125	3695.4375	3727	4040.6875	4175.75	3044.3125	suelo_desnudo
516695	556605	1718	1983	2362	2719.9375	3092.5625	3349.5625	3428	3793.9375	4729.5	3332.5	suelo_desnudo
511095	558795	1614	1877	1975	2516.875	3382.8125	3733.625	3792	4103.6875	4422.875	3050	suelo_desnudo
510185	562155	1735	2014	2336	2627.6875	3617.875	4086.0625	4199	4547.5	4223.125	3007.125	suelo_desnudo
517265	558575	1390	1648	1472	2345.875	3586.375	4009.4375	4449	4566.875	4128.375	2892.6875	suelo_desnudo
511375	558675	1764	2024	2230	2730.625	3237.6875	3507.125	3581	3873.5625	5039	3749.1875	suelo_desnudo
517345	558755	1954	2256	2618	3005.9375	3419.25	3678	3668	4085.625	5150.8125	3896.375	suelo_desnudo
510685	560945	1602	1898	2016	2518.625	3399	3754.0625	3842	4079.25	4200.125	2987.1875	suelo_desnudo
510965	559635	1866	2126	2482	2915.125	3341.875	3657.9375	3745	4030.9375	5243.875	3810.5	suelo_desnudo
514385	554675	1978	2276	2726	3081.375	3527.625	3844.375	3815	4239.25	5389.625	4120.25	suelo_desnudo
510765	556975	1836	2106	2478	2871.75	3318.8125	3555.1875	3625	3978.75	4958.5625	3618.625	suelo_desnudo
514475	554525	1733	2068	2374	2731.5	3412.125	3710.1875	3723	4149.75	4919.75	3489.75	suelo_desnudo
510825	558545	1836	2102	2488	2927.9375	3584.4375	3902.625	4000	4315.875	4784.5	3518.5625	suelo_desnudo
517225	559085	1479	1804	1800	2665.5625	3437.4375	3804.5	3874	4185.75	4400.4375	3203.875	suelo_desnudo
517045	559095	1758	2048	2318	2933.8125	3476	3807.5	3833	4259.5625	5220.375	3828.875	suelo_desnudo
517275	558755	1948	2258	2710	3126.9375	3660.8125	3958.625	3896	4409.125	5345.75	3940	suelo_desnudo
510755	562155	1684	1896	2256	2672.875	3327.0625	3619.4375	3600	4073.1875	4643.4375	3357.9375	suelo_desnudo
515775	558815	1680	1918	2160	2638.9375	3010.125	3221.0625	3398	3630	4952.4375	3702.375	suelo_desnudo
513355	554575	1602	1883	1891	2637.5625	3274.8125	3570.25	3908	3952.6875	4721.625	3408.75	suelo_desnudo
510295	562175	1844	2198	2584	3141	3835	4192.1875	4216	4618.5625	4910.5625	3437.8125	suelo_desnudo
511355	562005	1778	2050	2406	2819.875	3218.5	3474.875	3564	3895.75	4968.1875	3655.875	suelo_desnudo
510895	556945	1814	2078	2402	2901.25	3385.9375	3662.625	3810	4075.6875	4968.375	3771.3125	suelo_desnudo
515955	558545	1711	1968	2222	2735.9375	3311.9375	3593.6875	3684	4033.3125	5058.3125	3687.3125	suelo_desnudo
517235	559075	1884	2156	2500	2798.375	3517.8125	3849.1875	4054	4259.75	4647.625	3408	suelo_desnudo
516055	558315	1812	2102	2456	2784.8125	3303.4375	3629.125	3725	4099.8125	5332.125	4022.8125	suelo_desnudo
517675	556475	1718	1988	2324	2951.6875	3349.8125	3623.4375	3692	4052.125	4930.625	3718.1875	suelo_desnudo
514795	554465	1794	2070	2310	2835.75	3498.75	3852.8125	4054	4275.5625	5161.5	3671	suelo_desnudo
510795	556905	1908	2170	2572	2883.0625	3239.3125	3506.1875	3685	3893.875	4923.9375	3673.125	suelo_desnudo
511065	559095	1648	1911	2064	2778.5625	3459.375	3741.875	3866	4142.875	4596.9375	3354.3125	suelo_desnudo
514315	553835	1840	2142	2436	2666.1875	3213.125	3442.125	3889	3815.125	4620.1875	3459.3125	suelo_desnudo
514765	554475	1772	2066	2338	2826.4375	3477.25	3782.6875	4020	4200.25	5014.6875	3583.4375	suelo_desnudo
511065	562045	1552	1872	1982	2633.125	3492.1875	3931.75	4327	4383.75	4427.4375	3125.1875	suelo_desnudo
510705	561055	1601	1880	2016	2629.375	3386.6875	3712.6875	3842	4132.375	4575.6875	3249.1875	suelo_desnudo
518095	552685	2206	2498	2722	3059.4375	3530.6875	3750.3125	3517	3991.125	4032.375	3273.375	suelo_desnudo
515895	558685	1820	2086	2366	2928.1875	3413.1875	3654.3125	3719	4088.25	5277	3963.9375	suelo_desnudo
514355	553915	1807	2094	2466	2994.1875	3403.4375	3680.25	3762	4104.4375	5353.875	3917.375	suelo_desnudo
510865	559575	1852	2128	2518	2939.3125	3403.25	3684.25	3779	4123.3125	5281.6875	3806.0625	suelo_desnudo
511425	558875	1670	1925	2080	2598.125	3319.375	3610.5625	3662	4006.8125	4768.4375	3468.125	suelo_desnudo
511025	562025	1860	2160	2682	2694.5	3016.75	3260.4375	3790	3565.0625	4455.1875	3337.4375	suelo_desnudo
513345	554885	1758	2082	2362	2816.3125	3346.25	3627.25	3815	3969.25	4524.625	3350.25	suelo_desnudo
514215	553485	1670	1934	2120	2658.125	3220.625	3445.875	3504	3864.6875	4581.0625	3322.875	suelo_desnudo
517545	558395	1660	1954	2102	2727.375	3487.4375	3791.9375	3924	4223.625	4953.8125	3494.3125	suelo_desnudo
514465	554705	1802	2040	2352	2781.625	3407.1875	3667.875	3932	4083.5625	4772.4375	3507.5625	suelo_desnudo
515555	559135	1628	1932	2132	2809.375	3437.875	3733.5625	3698	4144.375	4753.875	3440.3125	suelo_desnudo
509535	558715	1698	1995	2130	2717.3125	3525.8125	3893.0625	4032	4342.0625	5018	3473	suelo_desnudo
510655	561075	1583	1872	2006	2566.0625	3282.8125	3633.4375	3757	4037.6875	4593.6875	3221	suelo_desnudo
518025	556375	1736	2016	2308	2790.25	3218.3125	3464	3570	3937	5139.5625	3717.375	suelo_desnudo
511125	561945	1933	2204	2664	3135.0625	3498.0625	3771.5	3828	4190.5625	5124.625	3896.0625	suelo_desnudo
513335	554815	1803	2076	2478	2964.125	3234.375	3472.125	3457	3833.875	4996.875	3853.125	suelo_desnudo
510645	558955	1899	2344	2648	2895.125	3434.6875	3727.5625	3858	4082.1875	4658.625	3512.0625	suelo_desnudo
518285	553055	2300	2642	2774	3225.5	3791	4082.6875	3977	4379.125	4619	3460.875	suelo_desnudo
514185	554415	1870	2126	2546	2921.375	3300.3125	3578.4375	3788	4049.5	5535.4375	4139	suelo_desnudo
509285	558665	1667	1922	2048	2446.0625	3325.625	3700.9375	3498	4007.0625	4298.0625	3178.4375	suelo_desnudo
514075	554155	1782	2090	2362	2591	3464.125	3789.0625	4083	4230.25	4354.4375	3279.75	suelo_desnudo
515875	558415	1924	2198	2590	2937.8125	3281.75	3543.625	3591	3938.4375	5311.4375	4129.5625	suelo_desnudo
511445	558725	1822	2056	2292	2709.0625	3269.625	3537.125	3566	3874.8125	5041.625	3695.125	suelo_desnudo
509745	558695	1908	2174	2474	2897.5	3385.5625	3675.4375	3732	4016.125	5152.0625	3857.25	suelo_desnudo
518235	552955	1838	2136	2322	3006.8125	3762.5625	4073.625	4116	4491.125	4592.6875	3358.8125	suelo_desnudo
517435	558835	2009	2364	2750	3203.75	3531.625	3759.0625	3781	4186.5	5479.625	4241	suelo_desnudo
514025	554135	1433	1611	1730	2240.6875	3472.1875	3928.75	4088	4341.875	3959	2771.3125	suelo_desnudo
516375	556215	1891	2122	2568	2914.375	3151.125	3405.4375	3469	3794.25	5308.4375	4009.4375	suelo_desnudo
512965	554835	1652	1922	2160	2488.5625	3047.1875	3352.6875	3502	3732.625	4312.3125	3090.125	suelo_desnudo
513355	554865	1794	2070	2362	2909.9375	3331.75	3564.875	3640	3930.4375	4579.4375	3443.625	suelo_desnudo
511105	561885	1784	2064	2462	2810.375	3350.5	3642.125	3806	4067.6875	4600.25	3327.125	suelo_desnudo
516945	558445	2100	2404	2860	3230.0625	3505.625	3702.4375	3665	4060	4800.6875	3798.1875	suelo_desnudo
511725	560475	1935	2236	2642	3089.25	3528.5	3829	3916	4232.8125	5411.4375	4011.625	suelo_desnudo
514775	554475	1772	2036	2332	2852.375	3496.4375	3800.625	3893	4225.25	5095.75	3603.0625	suelo_desnudo
511335	558835	1740	2000	2178	2748	3426.1875	3721.125	3780	4106.375	5026.5625	3532.8125	suelo_desnudo
511025	561875	1804	2172	2522	2946.375	3410	3675.1875	3730	4087	4838.0625	3524.125	suelo_desnudo
516345	556195	1812	2072	2528	2906.5	3147.625	3376.0625	3449	3762.4375	5309.25	3986.3125	suelo_desnudo
516075	558345	1422	1712	1672	2577.5	3677.9375	4160.375	4306	4646.75	4802	3486.3125	suelo_desnudo
515535	558895	1580	1838	1911	2505.375	3247.1875	3528.3125	3532	3872.75	4346.25	3090.0625	suelo_desnudo
511495	560395	1796	2014	2310	2855.875	3489.125	3828.625	3854	4211.6875	5100.25	3716.25	suelo_desnudo
516975	558525	2180	2482	3056	3372.3125	3564.25	3808.9375	3929	4168.0625	5177.8125	4257.8125	suelo_desnudo
510905	560555	1601	1898	2056	2650	3578.5625	3914.5	3918	4212.125	4316.6875	3128.1875	suelo_desnudo
517895	556455	1727	1984	2262	2747.1875	3293.3125	3584.3125	3647	4021.5	4980.6875	3554.375	suelo_desnudo
517385	558845	1902	2236	2650	3185.5625	3480	3748.5625	3730	4108.0625	5375.8125	4108.5625	suelo_desnudo
516695	556645	1646	1920	2130	2675.3125	3171.4375	3394.3125	3542	3876.9375	4604	3186.3125	suelo_desnudo
517175	558735	1971	2294	2688	3164.125	3600.75	3875.75	3965	4267.875	5179.75	3942.5	suelo_desnudo
511645	560075	1868	2128	2456	3042.625	3477.1875	3742.625	3810	4172.625	5279.1875	4119.5	suelo_desnudo
510665	558935	1683	2004	2248	2879.375	3464	3727.75	3850	4033.75	4591.4375	3430.1875	suelo_desnudo
511175	558805	1736	2009	2184	2699.5625	3387.3125	3648.9375	3743	4086.875	4938.25	3485.625	suelo_desnudo
510755	560795	1498	1839	1804	2480.25	3588.8125	3951.875	4167	4343.375	4195.25	2843.8125	suelo_desnudo
513405	554715	1900	2256	2654	2942.75	3363.125	3596.5	3705	3967.375	4968.3125	3785.9375	suelo_desnudo
516985	559115	1648	1966	2106	2660.375	3382.5625	3730.0625	4002	4184.875	4764.625	3387.375	suelo_desnudo
514095	553995	1498	1646	1695	2354.125	3370.625	3754.5625	4340	4221.125	4145.4375	2880.9375	suelo_desnudo
517275	559005	1952	2298	2786	3280.4375	3608.9375	3900.125	3928	4313.5	5476.8125	4126.75	suelo_desnudo
516345	556225	1786	2058	2452	2818	3073.75	3300.125	3357	3694	5264.4375	3931.375	suelo_desnudo
514405	554605	1828	2090	2384	2937.75	3471.3125	3769.125	3905	4178.1875	5276.75	3874.3125	suelo_desnudo
517285	558845	1980	2342	2918	3171.5625	3548.8125	3866.6875	3953	4327.5625	5206.5	3847	suelo_desnudo
513015	554755	1621	1902	2010	2436.25	3199.375	3523.75	3813	3870.0625	4193.5625	3087.0625	suelo_desnudo
511845	560455	1999	2320	2728	3210.4375	3607.0625	3888.0625	3990	4325.375	5513	4124.9375	suelo_desnudo
517235	558915	2048	2434	2870	3009.75	3622	3964.5	4055	4411.5	4800.375	3656.0625	suelo_desnudo
510925	560605	1558	1826	1892	2562.6875	3464.25	3813.4375	3949	4188.0625	4324.1875	3101.0625	suelo_desnudo
514605	554575	1949	2306	2590	3132.9375	3668.0625	3958.9375	4108	4355.625	5103.0625	3800.3125	suelo_desnudo
517765	556465	1742	1988	2310	2674.125	3118.875	3376.75	3480	3818.625	4851.9375	3448.6875	suelo_desnudo
516075	558585	1977	2250	2744	3171.4375	3449.3125	3699.0625	3729	4145.1875	5657.875	4446.6875	suelo_desnudo
513005	554685	1927	2206	2626	2946.5	3301.4375	3571.3125	3645	3952.9375	5105	3868.5625	suelo_desnudo
510035	562125	1928	2190	2644	3135.5	3527.625	3845.4375	3812	4263.125	5431	4078.5	suelo_desnudo
517085	559055	1725	2062	2268	2971	3624.1875	3938.9375	3986	4360.5	5204.5	3815.375	suelo_desnudo
517305	559085	1979	2332	2832	3399.8125	3745.75	3989.5	4063	4490.8125	5716.9375	4275.5625	suelo_desnudo
511185	558935	1916	2248	2530	3183.6875	3604.875	3874	3839	4190.5	5317.5625	4168.875	suelo_desnudo
514605	554335	1527	1796	1860	2513.875	3428.5	3755.0625	3588	4171.4375	4522.75	3127.8125	suelo_desnudo
517365	559185	1990	2310	2700	2969.625	3372.5	3633.25	3753	3997.3125	4660.9375	3591.4375	suelo_desnudo
510795	559795	1690	1936	2210	2713.5625	3265.1875	3578	3687	4024.6875	4828.5625	3403.125	suelo_desnudo
518145	552455	2182	2500	2784	3121.875	3543.5	3696.375	3702	3892.9375	4037.625	3275.5	suelo_desnudo
511275	558805	2007	2352	2794	2970.875	3519.375	3817	4021	4161.0625	5103.125	3808.625	suelo_desnudo
510665	562125	1674	1922	2272	2707.875	3155.375	3439.125	3612	3938.9375	4835.375	3474.1875	suelo_desnudo
511005	559075	1899	2236	2548	3067.0625	3597.8125	3871.9375	3946	4191.625	4656.6875	3520.5	suelo_desnudo
514675	554605	2070	2418	2694	3260.375	3763.8125	3982.1875	3896	4296.6875	4742.5	3704.625	suelo_desnudo
510835	557005	1834	2098	2484	2855.4375	3225.5	3506.4375	3650	3920.6875	4940.4375	3586.25	suelo_desnudo
517095	559085	2040	2304	2794	3271.5	3610	3890.125	3922	4333.5625	5514	4204.9375	suelo_desnudo
517785	556315	1670	1902	2138	2669.9375	3114.5	3390.6875	3493	3868.625	4689.9375	3367.125	suelo_desnudo
511045	559005	1858	2198	2502	3050.4375	3651.3125	3946.9375	3978	4280.25	5012.9375	3690.625	suelo_desnudo
515555	559125	1730	2070	2276	2796.8125	3429.5	3753.4375	3790	4134.9375	4736.4375	3436.625	suelo_desnudo
514445	554585	1514	1846	1888	2632.25	3446.5625	3755.5625	3886	4218.4375	4841.9375	3414.0625	suelo_desnudo
510525	558865	1831	2252	2576	3187.0625	3577.1875	3829.875	3843	4176.8125	5149.5	4001.1875	suelo_desnudo
513245	554825	1796	2058	2356	2858.625	3278.8125	3503.1875	3590	3891.8125	5117.9375	3826.875	suelo_desnudo
511135	559165	1978	2288	2710	3063.8125	3494.4375	3738.9375	3842	4107.5625	5355.0625	4099.6875	suelo_desnudo
518205	552805	2024	2384	2670	3104.8125	3531.0625	3768.625	3827	4041.4375	4201.9375	3420.5	suelo_desnudo
511135	558805	1724	2008	2116	2690.8125	3556.25	3886.4375	3938	4263.125	4799.875	3349.1875	suelo_desnudo
510835	559785	1722	1947	2214	2706.0625	3354.75	3666.5	3813	4087.5625	4731.0625	3276.1875	suelo_desnudo
513985	553095	1792	2026	2326	2740.5	3448.75	3895.5625	3780	4326.75	4813.3125	3383.125	suelo_desnudo
510795	558555	1431	1705	1570	2401.75	3468.375	3866.875	4006	4288.4375	4054.625	2796	suelo_desnudo
518275	552435	2054	2354	2744	2969.875	3540.25	3786.75	3809	4111.375	4145.6875	3205.875	suelo_desnudo
510855	559605	1710	1964	2260	2768.3125	3239.5	3543.75	3600	3947.9375	4934.5	3496.75	suelo_desnudo
517285	559025	2046	2346	2864	3231.25	3628.0625	3938.5625	4028	4364.1875	5434.25	4104.375	suelo_desnudo
511025	561935	1828	2106	2496	2953.375	3313.75	3591	3607	3959.6875	4839.25	3630.5	suelo_desnudo
514605	554345	1590	1824	1986	2556.125	3451	3758.1875	3750	4179.3125	4619.75	3204.9375	suelo_desnudo
511125	559065	1999	2368	2752	3310	3652.75	3887.375	3908	4163.5625	4902.9375	3900.9375	suelo_desnudo
517415	558745	2102	2312	2852	3424.125	3690.8125	3878.625	3848	4288.3125	5582.6875	4376	suelo_desnudo
509385	558725	1724	1992	2182	2756.3125	3436	3736	3767	4092.875	5157	3764.75	suelo_desnudo
518205	552705	1673	1934	2058	2851.4375	3431.0625	3700.375	3647	4003.3125	4026.8125	3127.375	suelo_desnudo
514695	554455	1422	1750	1620	2335.125	3332.375	3672.5625	4089	4101.25	4068.3125	2821.375	suelo_desnudo
515725	558585	1842	2100	2522	2888.625	3143.75	3381.125	3436	3801.375	5383.9375	4229.375	suelo_desnudo
510645	561175	1644	1900	2126	2721.1875	3318.5625	3639.625	3800	4113.25	4808.5625	3399.125	suelo_desnudo
510895	562135	1436	1670	1732	2387.875	3157.875	3486.8125	3670	3911.5	4226.75	2988.8125	suelo_desnudo
517495	558805	1898	2174	2604	2943.0625	3313.125	3600.375	3629	4059.625	5363.375	4012.3125	suelo_desnudo
511085	561985	1916	2224	2692	2857.6875	3455.8125	3766.1875	3902	4193.375	4947.3125	3590.5	suelo_desnudo
510085	562055	1786	2116	2412	2890.25	3651.0625	4049.4375	4289	4436.375	4976.3125	3676.3125	suelo_desnudo
517905	556435	1706	1968	2252	2756.625	3267.375	3540.5	3592	3979.5625	4972.5	3548.625	suelo_desnudo
510965	559835	1782	2100	2288	2824.9375	3527.75	3841.875	4010	4252.75	5019.6875	3509.9375	suelo_desnudo
515825	558875	2056	2288	2744	3066	3298.125	3492.5625	3670	3879.25	5409.9375	4244.5625	suelo_desnudo
514095	554215	1611	1848	1944	2449.1875	3331.3125	3661.4375	3862	3964.3125	4391.5625	3119.375	suelo_desnudo
517735	556305	1661	1902	2162	2604.375	3071.8125	3375.75	3479	3799.625	4779	3342.1875	suelo_desnudo
517935	556405	1660	1910	2152	2633.875	3102.5625	3399.75	3518	3833.75	4871.6875	3458.875	suelo_desnudo
517445	558525	1856	2120	2566	2804.25	3277.375	3579.4375	3674	4008.5	4989.125	3639.9375	suelo_desnudo
510735	558885	1538	1795	1921	2600.9375	3213.125	3483	3458	3775.625	4323.0625	3170.3125	suelo_desnudo
514135	553415	1856	2176	2474	2896	3620.5	3974.625	4020	4399.3125	5010.125	3631.8125	suelo_desnudo
516055	558505	1848	2102	2530	2936	3303.125	3567.4375	3621	3981.8125	5297.875	3999.9375	suelo_desnudo
518175	552435	2272	2694	3106	3511.3125	3872.625	4128.25	4211	4402.5	4588	3744.25	suelo_desnudo
517815	556375	1616	1872	1950	2577.875	3205.5	3502	3646	3942.125	4553.125	3225.0625	suelo_desnudo
511115	558915	1877	2166	2534	2956.4375	3325.6875	3575.125	3631	3961.4375	5207.125	3940.0625	suelo_desnudo
514775	554585	1638	1825	1992	2581.125	3325.8125	3691.9375	3602	4107.875	4349.25	3099.5	suelo_desnudo
518265	552375	1966	2290	2600	3148.25	3742.4375	4037.875	4027	4362.8125	4490.3125	3480.3125	suelo_desnudo
514295	554005	1715	1934	2192	2638.125	3257.1875	3568.5	3552	3950.9375	4827.1875	3498.625	suelo_desnudo
518075	552685	2076	2444	2670	3130.3125	3667.0625	3920.625	3999	4217.8125	4137.5	3297.4375	suelo_desnudo
513325	554625	1944	2262	2740	3128.25	3490.75	3742.875	3954	4139.5	5517.6875	4134.5	suelo_desnudo
510565	558925	1772	2090	2438	2872.1875	3455.375	3767.4375	3839	4200.25	5156.5625	3859.0625	suelo_desnudo
518285	552715	2076	2440	2862	3233.0625	3589.125	3797.6875	3875	4066.1875	4298.0625	3551.5625	suelo_desnudo
517245	559135	1993	2300	2730	3213.25	3584.0625	3841.375	3917	4265.25	5099.875	3813.4375	suelo_desnudo
510545	558755	1814	2116	2438	2876.3125	3346.0625	3618	3768	4000.25	5060.8125	3905.8125	suelo_desnudo
513305	554445	1838	2050	2368	2793.875	3283.6875	3555.375	3589	3954.375	4907.8125	3656.875	suelo_desnudo
514435	554545	1790	1998	2284	2585.25	3316.125	3648.25	3643	4105.4375	4518.375	3251.1875	suelo_desnudo
510785	560805	1505	1802	1775	2408.125	3548.375	3946.625	3954	4376.875	4101.8125	2778.75	suelo_desnudo
518305	552475	1557	1874	1813	2677	3605.1875	3892.375	3910	4266	3912.5625	2912.9375	suelo_desnudo
517375	558925	2198	2648	3100	3051.3125	3512.5625	3857.5625	4053	4253.875	5282.25	4003.5625	suelo_desnudo
514125	554335	1811	2018	2388	2714.3125	3168.9375	3423.75	3568	3896.25	5141.8125	3818.8125	suelo_desnudo
509735	559215	1756	2082	2258	2850.375	3520.1875	3792.125	3829	4097.3125	5016.1875	3676.9375	suelo_desnudo
510495	558875	2050	2438	2924	3299.4375	3726.9375	3930.9375	3984	4212.625	5021.75	3940.5625	suelo_desnudo
518305	552415	1818	2108	2266	2718.875	3520.0625	3834.875	3862	4146.1875	3930.0625	3041.9375	suelo_desnudo
518295	552635	1846	2184	2306	2959.625	3660.875	3982.75	4062	4312.0625	4313.75	3346.4375	suelo_desnudo
517105	559085	2090	2386	2922	3344.5	3646	3909.875	3973	4356.1875	5594	4310.8125	suelo_desnudo
517885	556475	1824	2096	2406	2872.0625	3321.875	3613.25	3764	4067.8125	5158.75	3712.8125	suelo_desnudo
517985	556385	1776	2030	2368	2831.0625	3231.5625	3514.25	3651	3979.9375	5176.25	3741.3125	suelo_desnudo
509245	555765	2080	2396	2784	3248.125	3811.4375	4102.5625	4271	4523.75	5510.6875	4098.375	suelo_desnudo
517415	558785	1728	2036	2322	2943.125	3365.4375	3652.625	3553	4049.75	5025.9375	3758.3125	suelo_desnudo
509785	559195	1764	2122	2426	2818.5	3245.625	3454.375	3471	3672.375	5137.5625	4014.5625	suelo_desnudo
515545	559145	1738	2074	2396	2876.875	3421.25	3677.5625	3665	4109.875	4827.9375	3501.125	suelo_desnudo
517155	558445	1568	1846	1876	2528.5	3161.25	3433.8125	3464	3828.3125	4049.625	3122.5625	suelo_desnudo
515705	558695	1656	1880	2054	2555.875	3129.9375	3389.6875	3501	3762.3125	4604.375	3318.9375	suelo_desnudo
514215	554045	1521	1858	1804	2461	3605.9375	3973.875	4176	4367.25	4445.75	3104.4375	suelo_desnudo
511275	558695	1745	1991	2242	2729.875	3229.3125	3516.5625	3574	3888.5	5054.25	3681.25	suelo_desnudo
510885	559765	1796	2090	2374	2858	3392.9375	3689.875	3789	4094.25	4984.8125	3516.6875	suelo_desnudo
514085	554135	1261	1431	1335	2022.25	3464.9375	4039.8125	4233	4360.9375	3654.875	2503.8125	suelo_desnudo
510905	557035	1841	2128	2504	2939.4375	3332.8125	3592.125	3710	4031.25	5079.625	3734.4375	suelo_desnudo
511145	558975	1940	2288	2614	3171.4375	3674.875	3907.75	3935	4221.5	5045.1875	3958.6875	suelo_desnudo
516895	558435	2166	2480	2830	3270.0625	3610.3125	3790.4375	3730	4093.125	4600.625	3640.3125	suelo_desnudo
514075	553445	1862	2168	2378	2877.75	3860.375	4257.0625	4312	4698.75	5025.25	3594.75	suelo_desnudo
517595	558395	1701	1963	2120	2691.875	3273.9375	3606.875	3728	4030.5	4900.5	3513.25	suelo_desnudo
515915	558485	1784	2066	2386	2817.375	3273.8125	3528.375	3578	3961.9375	5294.1875	3945.9375	suelo_desnudo
510775	559595	1686	1954	2186	2628.1875	3131.125	3439.0625	3506	3831.375	4850.9375	3455.6875	suelo_desnudo
516055	558515	1808	2046	2406	2940.1875	3278.75	3530.4375	3574	3971	5342	4037.875	suelo_desnudo
510875	556925	1850	2122	2416	2874.75	3392.25	3658.25	3767	4076.3125	4857.8125	3700.3125	suelo_desnudo
511645	560205	2032	2302	2736	3225.5	3653.9375	3923.3125	4021	4336.6875	5411.9375	4130.5	suelo_desnudo
509435	558695	1792	2110	2318	2827.625	3599.875	3928.1875	4112	4404.4375	5213.75	3658.0625	suelo_desnudo
510565	562175	1602	1872	2042	2602.0625	3043.5	3316.125	3437	3781.125	4775.4375	3413.8125	suelo_desnudo
517395	558855	1912	2232	2708	3251.4375	3539.5625	3809.3125	3827	4188.875	5460.875	4236.4375	suelo_desnudo
510495	558765	1799	2150	2444	2874.5625	3482.1875	3782.6875	3906	4133.875	4671.375	3482.5	suelo_desnudo
515835	558845	1892	2158	2540	2944.4375	3224	3432.4375	3496	3833.8125	5332.875	4149.125	suelo_desnudo
517215	558635	1760	2042	2284	2715.8125	3421	3763.75	3932	4185.375	4895.875	3529.5625	suelo_desnudo
510895	560675	1628	1912	2074	2515.4375	3328.5	3692.4375	3726	4075.375	4561.3125	3178.4375	suelo_desnudo
509905	559195	1807	2176	2326	2863.25	3457.1875	3732.25	3854	4053.1875	5315.9375	4034.9375	suelo_desnudo
510755	560675	1506	1749	1904	2459.125	3145	3429.0625	3424	3925.0625	4512.25	3119.625	suelo_desnudo
515615	559195	2104	2372	2900	3206.625	3464.3125	3704.9375	3807	4089.8125	5465.8125	4318.625	suelo_desnudo
515795	558665	1886	2158	2572	3049.5	3329.625	3564.75	3639	3977.625	5530.9375	4292.25	suelo_desnudo
510725	559575	1744	2078	2346	2854.1875	3364.3125	3611.0625	3795	4048.75	4934.1875	3564.9375	suelo_desnudo
509315	555765	1844	2194	2412	3037.5625	3678.3125	4047.625	4131	4453.1875	5349.375	3879.1875	suelo_desnudo
510615	558925	1811	2138	2368	2837.4375	3439.625	3717.875	3854	4090.375	4822.9375	3631	suelo_desnudo
509665	558635	1838	2110	2408	2773.4375	3287.625	3527.3125	3667	3949	4908.4375	3735.4375	suelo_desnudo
517235	558705	1982	2330	2844	3096.4375	3519.5	3789.1875	3963	4266.8125	5313.9375	3940.5	suelo_desnudo
511805	560515	1944	2208	2614	3084.1875	3662	3961.4375	4046	4406	5363.1875	3948.1875	suelo_desnudo
515695	558815	1727	1968	2178	2615.5625	3012.875	3205.8125	3299	3583.5	4715.6875	3647.75	suelo_desnudo
511195	562135	1606	1834	2006	2537.1875	3058	3349.5	3271	3769.5	4359.5	3174.5625	suelo_desnudo
514255	553645	1664	1937	2062	2532.9375	3302.125	3603.875	3769	4004.9375	4316.3125	3100.6875	suelo_desnudo
510735	560995	1556	1864	1993	2525.4375	3299.5625	3655.0625	3712	4040	4453.875	3165.9375	suelo_desnudo
515945	558485	1768	2104	2280	2818.125	3367.375	3647.8125	3788	4071.625	5135	3753.1875	suelo_desnudo
514255	553555	1770	2082	2290	2668.0625	3220.75	3483.8125	3534	3870.8125	4521.375	3283.1875	suelo_desnudo
514555	554665	1531	1760	1891	2540.8125	3302.375	3621.625	3734	4035.5625	4609.9375	3275.8125	suelo_desnudo
517595	556375	1778	2032	2366	2845.5625	3217.1875	3510.8125	3544	3958.75	4997.1875	3640.75	suelo_desnudo
510765	557055	1730	1986	2328	2763.5	3214.25	3469.25	3536	3892.375	4805.3125	3479.9375	suelo_desnudo
515805	558515	1865	2134	2478	2983	3362.1875	3589.125	3778	4029.4375	5375.0625	4138.9375	suelo_desnudo
514295	553995	1741	1954	2272	2672.375	3171.5625	3449.5	3443	3850.3125	4856.5625	3545.375	suelo_desnudo
513305	554595	1930	2194	2538	2848.6875	3298.5	3540.9375	3720	3915.125	4976.875	3729.6875	suelo_desnudo
509475	558595	1714	2044	2116	2578	3415.9375	3770.4375	3755	4149.875	4374.625	3158.3125	suelo_desnudo
515705	558925	1726	1938	2250	2644.4375	2988	3218.3125	3260	3586.4375	4837.5	3691.375	suelo_desnudo
510755	560615	1539	1812	1814	2410.625	3502.8125	3911.1875	3807	4257.25	4062.3125	2837.1875	suelo_desnudo
513275	554925	1683	1978	2180	2835.8125	3296.375	3584.625	3628	3964.3125	4739.9375	3518.5625	suelo_desnudo
515725	559085	1938	2186	2616	2908.25	3375.5625	3653.6875	3824	4049.5	5039.4375	3781.5625	suelo_desnudo
514445	554495	1705	1942	2214	2641.1875	3439	3808.8125	3795	4249.5	4771.0625	3355.625	suelo_desnudo
511315	558735	1868	2108	2406	2798.25	3259.375	3541.125	3619	3914.6875	5170.75	3836.5	suelo_desnudo
516805	556745	1560	1822	1955	2548.125	3162.6875	3509.5	3596	3920.25	4338.0625	2933.25	suelo_desnudo
517625	556375	1725	1983	2296	2809	3176.6875	3433.75	3536	3883.5625	5009.375	3627.4375	suelo_desnudo
517045	559195	2104	2418	2970	3323.125	3656.625	3976.125	4088	4418.5	5630.5	4244.0625	suelo_desnudo
517545	558375	1603	1959	2072	2686.0625	3452.875	3735.1875	3856	4207.1875	4872.375	3412.6875	suelo_desnudo
509315	558705	1744	2096	2238	2876.4375	3574.25	3898.8125	3900	4313.875	5235.5625	3858	suelo_desnudo
511005	558995	1852	2188	2418	2869.4375	3515.0625	3786.8125	3953	4157.1875	4796.3125	3561	suelo_desnudo
511025	558935	1898	2208	2498	2944.1875	3505.625	3791.625	3874	4141.0625	4971.875	3724.125	suelo_desnudo
511215	558965	1899	2270	2592	3143.75	3625.1875	3884.4375	3945	4170.375	5069.9375	3904.5625	suelo_desnudo
515605	558865	1774	2050	2426	2799.875	3147.875	3373.5	3451	3758.5	5124.9375	3864.625	suelo_desnudo
517215	558505	1656	1900	2036	2510.625	3278.75	3613.375	3450	3971.25	4332.1875	3200.25	suelo_desnudo
514225	553805	1936	2238	2600	3122.9375	3599.4375	3853.4375	3955	4277.9375	5238.125	3856.375	suelo_desnudo
518295	553065	1900	2222	2378	3161.1875	3812.3125	4109.5	4260	4422.0625	4598.1875	3435.4375	suelo_desnudo
510545	558995	1935	2224	2552	3102.875	3634.125	3910.9375	3957	4246.9375	4898.25	3781.9375	suelo_desnudo
510995	558955	1753	2023	2226	2822.375	3466.75	3786.0625	3783	4187.4375	4828.25	3485.5	suelo_desnudo
518045	552895	2050	2384	2868	3305.875	3629.125	3896.875	3877	4242.4375	5087.125	4115	suelo_desnudo
510285	562055	1917	2246	2562	2880.6875	3514.875	3817.9375	4011	4170.8125	4585.9375	3423.375	suelo_desnudo
518085	552425	1996	2396	2794	3425.0625	3901.9375	4201	4288	4612	5300.625	4011.9375	suelo_desnudo
510845	560605	1754	2068	2228	2712.125	3548.125	3839.1875	3966	4186.5	4426.5	3229.8125	suelo_desnudo
517045	559075	1706	2038	2216	2788.8125	3679.625	4084.1875	4099	4505.75	4904.5	3490	suelo_desnudo
510825	560725	1580	1814	2058	2552.75	3171.0625	3505.8125	3652	3950.9375	4656	3273.625	suelo_desnudo
511105	561845	1615	1826	2036	2492.0625	3381.5625	3764.4375	3933	4150.625	4199.4375	2902.5625	suelo_desnudo
515925	558555	1809	2080	2396	2804.75	3311.75	3577.4375	3701	3984.4375	5123.125	3812.25	suelo_desnudo
515515	558975	1977	2252	2702	2917.625	3382	3634.75	3761	4030.375	5079.5625	3902.1875	suelo_desnudo
509345	558755	1836	2114	2356	2821.875	3469.1875	3803.1875	3933	4196.0625	5122	3700.5	suelo_desnudo
517385	558695	2046	2404	2834	3205.1875	3533.625	3802.8125	3976	4251.6875	5464.0625	4190.5	suelo_desnudo
515775	558945	1652	1960	2208	2637.9375	3164.375	3401.375	3457	3779.5	4672.125	3428.0625	suelo_desnudo
510105	562055	1951	2288	2704	3136.0625	3565.0625	3902.3125	4088	4316.1875	5328.1875	3980.875	suelo_desnudo
514565	554295	1570	1803	1870	2384.8125	3333.625	3697.5625	4124	4136.625	4245.125	2864.625	suelo_desnudo
511715	560445	1977	2266	2704	3129.125	3537.1875	3832.6875	3976	4247.625	5471.5625	4098.1875	suelo_desnudo
510845	560585	1593	1826	1982	2575.875	3445.3125	3736.375	3714	4102.875	4148	2988.875	suelo_desnudo
511905	560475	2013	2402	2898	3203.25	3665.4375	3984.75	4045	4421.625	5385.5625	4036.625	suelo_desnudo
514295	553465	1806	2046	2340	2626.9375	3244.9375	3550.375	3665	3872.625	4695.3125	3375.6875	suelo_desnudo
514095	553455	1662	1916	1934	2501.8125	3862.875	4297.8125	4440	4668.0625	4650.5	3174.0625	suelo_desnudo
515785	558675	1950	2220	2632	3041.6875	3334.9375	3580	3674	3998.8125	5519.3125	4267.5625	suelo_desnudo
510015	562145	1946	2246	2620	3141.625	3508.125	3768	3815	4150.75	5357.125	4065.1875	suelo_desnudo
516965	558525	2150	2458	2992	3340.0625	3572.0625	3806.375	3862	4172.6875	5097.3125	4181.9375	suelo_desnudo
509775	559235	1756	2130	2404	2808.875	3310.25	3536.5625	3555	3770.75	5120.4375	3901.8125	suelo_desnudo
517225	558465	1731	1972	2220	2473.6875	3293.9375	3641.1875	3807	4055.8125	4278.3125	3153.5625	suelo_desnudo
510585	558995	1846	2094	2324	2885.25	3415.5	3652.9375	3546	3922.1875	4527.1875	3517.4375	suelo_desnudo
515665	559145	1786	2023	2356	2873.6875	3181.25	3401.125	3430	3784.75	5068.75	3838.625	suelo_desnudo
510885	560695	1457	1778	1748	2381.6875	3399.6875	3793.1875	4044	4206.3125	4273.5	2895.1875	suelo_desnudo
518085	552715	1508	1808	1767	2638.9375	3479.625	3808.6875	3872	4077.25	3692.875	2785.5625	suelo_desnudo
517755	556365	1726	1970	2252	2685.375	3138.5625	3409.125	3580	3861.4375	4892.75	3476.3125	suelo_desnudo
510935	559805	1736	2001	2226	2746.3125	3462	3781.9375	3888	4178.3125	4949.625	3435.8125	suelo_desnudo
513055	554755	1556	1698	1872	2451.9375	2939.6875	3267.5625	2842	3543.625	4040.75	3070.0625	suelo_desnudo
515945	558625	1983	2238	2686	3036.5	3326.1875	3546.3125	3591	3981.1875	5582.8125	4367.75	suelo_desnudo
513325	554605	1954	2284	2614	3033.9375	3449.9375	3696.5625	3927	4089.375	5292.1875	3972.5625	suelo_desnudo
517245	558455	1643	1857	2004	2470.75	3249.0625	3564.8125	3471	3901.1875	4298.8125	3149.4375	suelo_desnudo
513205	554775	2170	2552	3078	3282.375	3531.75	3787.9375	4085	4180.4375	5382.8125	4197.6875	suelo_desnudo
515495	558935	1607	1871	2008	2550.1875	3189.4375	3469	3588	3888.3125	4630.4375	3312.3125	suelo_desnudo
517455	558575	1591	1862	2000	2621.75	3204.0625	3494.5	3530	3898	4658.6875	3325.625	suelo_desnudo
515855	558465	1890	2170	2596	2974.75	3299.75	3536.25	3648	3982.75	5488.0625	4250.8125	suelo_desnudo
510305	562155	1586	1889	1990	2847.75	3832.5	4224.875	4420	4640.375	4642.75	3199.5625	suelo_desnudo
511605	560325	1980	2290	2718	3207.875	3573.875	3862.25	3906	4236.3125	5617.375	4307.75	suelo_desnudo
515755	558965	1637	1883	2024	2534.375	3148.4375	3430.4375	3681	3810.625	4516.5	3289.625	suelo_desnudo
517385	558865	2050	2426	2926	3285.75	3616.375	3895.5625	4109	4327.0625	5525.3125	4235	suelo_desnudo
517045	559065	1644	1979	2016	2694.125	3739.0625	4151.6875	4347	4587.125	4728	3306.1875	suelo_desnudo
518065	552805	1944	2222	2494	2907.5	3304.9375	3574.0625	3730	3870.5	3970.875	3088.9375	suelo_desnudo
511015	560585	1547	1798	1940	2530.6875	3313.5625	3660.4375	3828	4085.5	4558.25	3253.375	suelo_desnudo
514635	554625	1592	1832	1948	2648.0625	3375.375	3627.375	3489	3986.875	4438	3284.75	suelo_desnudo
515705	559065	1845	2070	2446	2828.375	3301.0625	3564.8125	3591	3965.3125	5053.625	3739.375	suelo_desnudo
514305	553615	1778	2094	2346	2764.3125	3325.75	3608.125	3701	4028.75	4842.3125	3500.8125	suelo_desnudo
511455	560325	2144	2426	2952	3334.25	3633.375	3907.6875	3979	4306.125	5356.9375	4252.875	suelo_desnudo
517245	558775	1982	2302	2770	3152.0625	3600.9375	3898.4375	3770	4315.375	5203.625	4031.625	suelo_desnudo
510115	562115	1756	2038	2280	2891.375	3509.75	3834.5625	3978	4306.375	5149.9375	3678.6875	suelo_desnudo
517275	558895	1444	1669	1648	2374.625	3158.0625	3484.1875	3395	3879.6875	3883.0625	2768	suelo_desnudo
511665	560275	2088	2404	2868	3041.6875	3562.875	3828.625	3907	4239.5	5065.6875	3890.4375	suelo_desnudo
514675	554385	1745	2066	2276	2859.625	3539.5	3841.0625	4040	4224.8125	4768.6875	3453.9375	suelo_desnudo
516115	558405	1996	2280	2654	3058.375	3393.875	3653.6875	3718	4042.5	5443.625	4305	suelo_desnudo
514785	554405	1736	2001	2252	2601.6875	3361.25	3736.4375	3908	4172.25	4568.25	3333	suelo_desnudo
516965	558395	2144	2468	2844	3229.1875	3560.5	3765.4375	3753	4092.9375	4836.8125	3761.4375	suelo_desnudo
514855	554315	1926	2192	2544	2920.25	3455.375	3766.8125	3942	4192.8125	5056.875	3729.1875	suelo_desnudo
514415	554315	1620	1902	2070	2556.875	3390.6875	3687.625	3740	4127.875	4529	3130.5	suelo_desnudo
517485	558505	1771	2068	2306	2817.0625	3396.5625	3705.3125	3836	4139.25	5106	3721	suelo_desnudo
514365	553635	1732	2008	2260	2716.25	3214	3468.3125	3533	3884.5	4790.4375	3512.8125	suelo_desnudo
514595	554345	1680	1936	2174	2563.875	3345.5	3655.0625	3655	4097.4375	4677.75	3254.8125	suelo_desnudo
517295	558765	1862	2174	2548	3045.125	3509.125	3775.375	3941	4229.375	5311.3125	3932.4375	suelo_desnudo
518175	552745	1562	1758	1778	2714.125	3335.1875	3630.125	3521	3893.6875	3949.75	3055.1875	suelo_desnudo
517545	556385	1716	1994	2218	2664.625	3462.625	3872.5625	3897	4267.5625	4566.25	3274.3125	suelo_desnudo
514395	553955	1703	1968	2266	2739.9375	3205.375	3456.5625	3520	3872.625	5190	3689.3125	suelo_desnudo
515785	558835	1780	1980	2296	2703.8125	3004.5625	3219.8125	3332	3613.0625	5059.1875	3844.8125	suelo_desnudo
518195	552655	1715	2072	2156	2746.6875	3661.375	4012	4220	4349.1875	3995.6875	2991	suelo_desnudo
514415	554465	1819	2252	2426	2639.875	3375.6875	3773.6875	4063	4221.5625	4873	3501.4375	suelo_desnudo
513385	554745	1896	2178	2526	2892.375	3271.375	3535	3599	3890.5625	4779.4375	3686.1875	suelo_desnudo
517185	558685	1874	2140	2546	2967.25	3427.8125	3767.8125	3788	4158.8125	5217.5625	3880.3125	suelo_desnudo
515775	558805	1664	1898	2106	2622.4375	3030.125	3236.125	3433	3647.625	4919.0625	3661.6875	suelo_desnudo
514315	553995	1752	1987	2224	2682.4375	3237.875	3502.6875	3590	3894.1875	4884.375	3548.625	suelo_desnudo
517025	558395	1939	2246	2570	2948	3446.875	3738.5	3868	4159.125	4826.3125	3633.9375	suelo_desnudo
513075	554855	1703	1996	2298	2776.625	3235.5	3554.75	3496	3955.5	4763.6875	3499.125	suelo_desnudo
516945	558435	2088	2396	2828	3188.1875	3487.375	3717.3125	3719	4054	4781.0625	3744.5625	suelo_desnudo
509315	558735	1797	2102	2302	2862.25	3629	3978.4375	4152	4414.125	5254.1875	3732.6875	suelo_desnudo
511725	560385	2120	2396	2936	3244.25	3552.0625	3821.3125	3946	4242	5292.5	4177.4375	suelo_desnudo
515985	558525	1634	1906	2102	2684.25	3281.625	3589.75	3647	4036.6875	4971.4375	3603.3125	suelo_desnudo
510805	560685	1449	1745	1769	2445.9375	3281.9375	3636.4375	3846	4065.625	4371.125	2998.625	suelo_desnudo
511075	560545	1687	1934	2092	2841.8125	3644.4375	4013.5	4212	4432.5625	4754	3497	suelo_desnudo
517565	556385	1780	2042	2362	2799.1875	3324.5625	3634.25	3648	4067.3125	4866	3529.625	suelo_desnudo
517175	558465	1839	2040	2306	2594.5	3287.375	3569.4375	3678	3947.5625	4277.375	3280.125	suelo_desnudo
517575	558425	1722	1984	2234	2721.0625	3320.9375	3618.3125	3675	4011	4962.625	3528.5	suelo_desnudo
509855	559275	1664	1962	2168	2702.6875	3303.5625	3604.625	3597	3951.4375	5181.3125	3827.5	suelo_desnudo
517235	558485	1480	1767	1730	2426.125	3262.25	3637.125	3661	4025.5625	4178.4375	3021.5	suelo_desnudo
510385	562175	1500	1833	1764	2609.1875	3754.25	4138	4538	4594.9375	4491.8125	3054.125	suelo_desnudo
511845	560425	1856	2200	2596	3149	3517.5625	3815.8125	3878	4277.0625	5463.3125	4111.75	suelo_desnudo
517505	558815	1647	1848	2054	2763.375	3423.4375	3763.625	3575	4185.8125	5001.375	3602.625	suelo_desnudo
515815	558695	1898	2190	2600	3016	3409.125	3670.875	3768	4100.8125	5479.6875	4174.3125	suelo_desnudo
515765	558765	1683	1934	2148	2590.375	3083	3302.75	3380	3730.875	4793.0625	3506.9375	suelo_desnudo
510865	559015	1696	1966	2158	2713.9375	3319.3125	3604.75	3702	3952.6875	4594.5625	3317.5625	suelo_desnudo
518135	552815	2074	2394	2760	3173	3586	3845.625	3834	4131.625	4377.5625	3554.0625	suelo_desnudo
515865	558615	1830	2118	2428	2892.0625	3326.375	3573.875	3663	3978.4375	5328.375	4051.6875	suelo_desnudo
514315	553685	1771	2084	2238	2757.625	3320.6875	3600.125	3687	3960	4607.5	3453.3125	suelo_desnudo
510885	559785	1725	1968	2230	2770.5625	3395.375	3693.3125	3781	4125.875	4801.625	3347.1875	suelo_desnudo
514435	554505	1486	1722	1712	2507.1875	3306.5	3654.8125	3391	4100.5	4551.5625	3208.625	suelo_desnudo
514545	554615	1888	2190	2546	2992.25	3595.5625	3894.0625	4152	4366.375	5224.3125	3802.5625	suelo_desnudo
511175	559115	2064	2404	2880	3123.125	3491.75	3670.375	3697	3976.8125	4922.25	3946.6875	suelo_desnudo
510275	562065	1670	1960	2168	2761.1875	3397.875	3683.9375	3858	4095.8125	4486.9375	3307.875	suelo_desnudo
514805	554365	1613	1853	2052	2541.375	3382.5625	3744.1875	4040	4196.25	4533.125	3226.25	suelo_desnudo
515535	559105	1839	2124	2502	2848.875	3395.875	3676.625	3833	4105.75	4908.625	3631.875	suelo_desnudo
518035	552685	1881	2122	2262	2901.375	3357.1875	3533	3076	3727.4375	3872	3178.625	suelo_desnudo
514805	554425	1648	1926	2120	2745.9375	3510.75	3825.375	3883	4242.5625	4863.125	3520.4375	suelo_desnudo
513345	554495	1968	2238	2610	2853.5625	3241.625	3447.9375	3524	3817.1875	4734.1875	3678.5	suelo_desnudo
514675	554595	2060	2322	2610	3213.125	3750.4375	3958.5625	3721	4226.0625	4534	3575.375	suelo_desnudo
515995	558545	1781	2026	2324	2749.8125	3336.1875	3594.4375	3766	4083.875	5201	3790.625	suelo_desnudo
510265	562115	1772	2078	2372	2822.9375	3551	3947.5	4053	4415.4375	4919.4375	3486.9375	suelo_desnudo
513205	554555	1890	2048	2418	2918.8125	3368.9375	3591.375	3680	3938.5625	4799.75	3663.5625	suelo_desnudo
515855	558795	1691	1913	2150	2627.3125	3209.5625	3485.625	3630	3902.1875	4828.75	3510.3125	suelo_desnudo
509385	558685	1780	2094	2256	2862.75	3654.375	4008.375	4175	4438.5625	5258.5	3760	suelo_desnudo
514855	554455	1524	1770	1802	2454.5625	3404.25	3798.9375	3990	4161.4375	4157.9375	2983.5625	suelo_desnudo
515645	558865	1666	1938	2154	2637.75	3132	3386.125	3700	3838.625	4749.25	3666.5625	suelo_desnudo
514555	554545	1752	2066	2232	2800.625	3589.1875	3915.25	4014	4324.8125	4837.75	3499.8125	suelo_desnudo
517165	558985	2042	2382	2842	3270.0625	3591.5	3890.75	4108	4308	5604.875	4258.4375	suelo_desnudo
517215	558575	1610	1832	1988	2554.75	3352.875	3682.5625	3636	4119.125	4550.5625	3274.0625	suelo_desnudo
511275	558825	1794	2072	2338	2951.25	3512.9375	3780.625	3722	4160.4375	5213.5	3872.3125	suelo_desnudo
510775	559835	1825	2104	2376	2926.625	3510.75	3816.125	3876	4237	5055.5	3639.5	suelo_desnudo
515585	559065	1713	1990	2192	2670.875	3227.4375	3489.125	3509	3822.375	4492.5625	3259.5	suelo_desnudo
517265	558925	2054	2340	2880	3184.9375	3585.125	3863.625	4055	4316.0625	5260.6875	3946.4375	suelo_desnudo
513375	554345	2008	2292	2700	3035.6875	3412.5625	3686.1875	3831	4064.5	5180.6875	3997.875	suelo_desnudo
515685	558775	1724	1972	2208	2623.3125	3083.6875	3257.0625	3360	3616.5	4706.5625	3562.4375	suelo_desnudo
518135	552445	2284	2656	2982	2948.875	3533.625	3756.875	3906	3950.6875	3923.125	3173.4375	suelo_desnudo
510905	560575	1720	2084	2340	2847.6875	3678.3125	4001.3125	4168	4359.875	4620.6875	3371.75	suelo_desnudo
510185	562135	1418	1653	1526	2391.8125	3475.8125	3862.6875	3985	4203.9375	3989.3125	2780.5	suelo_desnudo
509425	558655	1906	2240	2460	2997.5625	3819.3125	4166.375	4111	4617.375	5506.25	3920.9375	suelo_desnudo
515915	558495	1720	2002	2238	2770.25	3281.9375	3544.8125	3601	3968.5	5188.6875	3830.9375	suelo_desnudo
515575	559135	1866	2108	2562	2868.4375	3399.125	3675.5	3723	4101.625	4989.6875	3800.5	suelo_desnudo
514515	554635	1544	1786	1911	2587.0625	3426.625	3782.8125	3762	4276.3125	4737.25	3313.1875	suelo_desnudo
514235	553845	1838	2136	2448	3082.375	3580.1875	3861.125	3920	4263.375	5338.6875	3878.4375	suelo_desnudo
514805	554315	1700	1919	2194	2529.8125	3360.0625	3724.75	3680	4127.5	4387.75	3097.6875	suelo_desnudo
510565	558825	1844	2142	2482	2983.1875	3390.125	3664.625	3664	4064.5	5303.4375	4073.75	suelo_desnudo
514325	553465	1739	1991	2256	2656	3176.875	3463.9375	3513	3861	4677.875	3372.875	suelo_desnudo
514345	553845	1342	1440	1438	2188.6875	2643.1875	2976	2337	3246.0625	3558.125	2780.25	suelo_desnudo
516845	556525	1861	2166	2576	3033.75	3427.5625	3691.125	3778	4076.875	4777.6875	3540.625	suelo_desnudo
514405	554055	1695	1908	2210	2641.9375	3047.75	3315.0625	3360	3676.5	5045.125	3606.125	suelo_desnudo
510875	556965	1770	2078	2418	2871.5625	3275.9375	3590.75	3692	3973.8125	4959.9375	3660.5	suelo_desnudo
518015	556335	1806	2060	2468	2824.125	3193.0625	3446.875	3614	3926.3125	5227.1875	3791.25	suelo_desnudo
514165	553525	1739	1977	2172	2621.3125	3349.75	3653.1875	3772	4041.9375	4676.375	3282.75	suelo_desnudo
510835	558955	1686	1936	2188	2647.5625	3294.25	3593.8125	3662	3977.8125	4639.5625	3354.0625	suelo_desnudo
510445	562145	1678	1916	2172	2726.6875	3277.3125	3582.625	3653	4023.6875	4711.125	3321.9375	suelo_desnudo
515745	558825	1816	2036	2388	2705.125	2989.875	3224.4375	3311	3592.0625	4965.1875	3844.25	suelo_desnudo
514455	553935	1718	1990	2274	2700	3230.1875	3476.0625	3632	3933.75	4984.9375	3535	suelo_desnudo
511155	559185	1877	2166	2560	2958.375	3401.0625	3685.3125	3778	4059	5420.125	4091.4375	suelo_desnudo
518205	552415	2100	2440	2688	3192.9375	3626.3125	3809.3125	3769	4037.875	4206.9375	3442.0625	suelo_desnudo
510505	558945	1869	2292	2676	2929.75	3525.0625	3791.5625	3900	4116.5	4710.9375	3541.8125	suelo_desnudo
511055	559735	1807	2034	2386	2820.25	3291.875	3556.875	3641	3959.25	5066.75	3646.8125	suelo_desnudo
509845	559295	1811	2070	2322	2818.9375	3421.8125	3694.125	3815	4070.375	5290.3125	3953.625	suelo_desnudo
517685	556345	1656	1929	2144	2635.5	3151.5	3424.4375	3442	3864.4375	4727.9375	3333.1875	suelo_desnudo
509965	562025	1572	1844	1904	2588.1875	3551	3902.0625	3841	4264.75	4621.5625	3283.9375	suelo_desnudo
510045	562085	1993	2280	2744	3001.5	3633.1875	3946.75	4168	4370.1875	5100.8125	3866.6875	suelo_desnudo
514125	554245	1725	1978	2246	2411.6875	3365.25	3736.25	4096	4097.0625	4211.75	3027.6875	suelo_desnudo
514465	554375	1703	1944	2224	2582.5	3217.125	3521.625	3678	3969.6875	4669.75	3290.75	suelo_desnudo
514565	554425	1608	1869	1944	2600.125	3422.25	3745.1875	3918	4196.75	4501.1875	3158.4375	suelo_desnudo
513325	554365	1768	2038	2352	2763.9375	3332.125	3653.375	3795	4069.125	4796.125	3605.75	suelo_desnudo
514905	554295	1598	1872	2064	2602.5	3349.875	3674.0625	3968	4084.25	4662.3125	3362.125	suelo_desnudo
518305	552385	1538	1840	1844	2605.625	3489.125	3796.4375	3907	4129.125	3896.1875	2961.375	suelo_desnudo
511185	561955	1911	2222	2770	3022.5	3365.1875	3688.6875	3839	4106.3125	5130.1875	3726.375	suelo_desnudo
514185	554195	1666	1930	2218	2541.625	3353.5625	3733.5	3669	4144	4383.0625	3187.3125	suelo_desnudo
513255	554765	1996	2262	2798	3094.3125	3334.375	3582.3125	3786	4008.4375	5490.1875	4194.75	suelo_desnudo
513385	554585	1601	1828	1912	2527.6875	3236.5	3525.75	3543	3902.4375	4469.3125	3185.5	suelo_desnudo
509255	558745	1965	2288	2544	2872.375	3558.5	3855.8125	4040	4178.1875	5194.75	3925.5	suelo_desnudo
511605	560335	2072	2380	2802	3209.4375	3574.6875	3871.5	3983	4259	5613.4375	4291.3125	suelo_desnudo
518225	552515	2204	2534	2920	3295.25	3638.9375	3865.6875	3837	4117.9375	4419.8125	3636.0625	suelo_desnudo
517125	558525	2018	2346	2824	3038.1875	3456.375	3741.625	3846	4138.25	5119.5625	3909.8125	suelo_desnudo
510565	559005	2212	2666	3152	3430.125	3813.5625	4061.5	4216	4311.1875	4883.5625	3867.75	suelo_desnudo
514455	554325	1670	1924	2104	2569.6875	3326.25	3619.3125	3743	4056.9375	4625.0625	3226.25	suelo_desnudo
513345	554855	2024	2416	2732	3038.3125	3421.4375	3656.3125	3736	3989.5	4668.625	3573.375	suelo_desnudo
518265	552785	1950	2278	2528	2897.0625	3619.625	3890.125	3945	4184	4065.5	3256.25	suelo_desnudo
510055	562145	1966	2240	2580	3049.3125	3432.5	3710.25	3806	4074.0625	5162	3881.25	suelo_desnudo
509795	559235	1770	2132	2416	2850.25	3347.3125	3573.625	3703	3799.8125	5195.125	4004.125	suelo_desnudo
511235	558875	1772	2086	2282	2848.9375	3492.75	3809.5	3862	4161.5625	5135.8125	3724.125	suelo_desnudo
515535	559085	1704	1946	2084	2706.5625	3332.3125	3612.5	3750	4014.75	4788.0625	3527.25	suelo_desnudo
511925	560485	2094	2484	2970	3247.625	3645.8125	3910.0625	4039	4289	5205.0625	4002.4375	suelo_desnudo
515715	558975	1848	2102	2482	2846.8125	3148.25	3387.125	3435	3737.4375	5033.375	3858.5625	suelo_desnudo
515585	558805	1788	2054	2400	2753.9375	3126.375	3370.5	3473	3725.625	5081.3125	3899.5625	suelo_desnudo
509565	558725	1695	1984	2264	2718.875	3395.875	3748.0625	3849	4142.375	4816.75	3361.8125	suelo_desnudo
515745	558965	1618	1896	2018	2544.5625	3118.125	3376.375	3496	3765.625	4577.5	3346.6875	suelo_desnudo
509715	559195	1788	2094	2308	2880.625	3516.625	3787.75	3853	4120.1875	5049	3729.75	suelo_desnudo
518165	552525	1583	1860	1920	2856.5625	3662.0625	4002.25	4079	4353.6875	4228.4375	3167.4375	suelo_desnudo
510595	558755	1822	2134	2508	2981.6875	3440.125	3719.5625	3798	4159.375	5422.4375	4121.4375	suelo_desnudo
510755	560755	1424	1730	1640	2432.3125	3519.8125	3927.5	4220	4317.1875	4038.8125	2699.875	suelo_desnudo
514695	554655	1794	2130	2338	2863.5	3447.75	3764.875	3922	4162.5	4905.4375	3597.875	suelo_desnudo
515945	558505	1929	2212	2496	2853.1875	3462.5625	3732.4375	3841	4136.75	5083.75	3708.1875	suelo_desnudo
511305	558845	2004	2366	2716	3052.5625	3646.875	3956.6875	4141	4320.6875	5242.3125	3913.875	suelo_desnudo
514755	554545	1780	2014	2360	2587.125	3414.6875	3784.625	4063	4234	4401.5625	3127.1875	suelo_desnudo
511595	560555	1844	2178	2510	2923.8125	3460.1875	3749.25	3898	4185.25	5294.0625	3871.4375	suelo_desnudo
511285	561895	1881	2254	2550	2983.375	3329.0625	3537.0625	3615	3850.1875	4598.5625	3596.0625	suelo_desnudo
515545	559195	1754	1988	2164	3055.0625	3538.875	3793.9375	3978	4218.1875	5208.6875	3991.3125	suelo_desnudo
517025	559195	1930	2200	2576	3228.0625	3609.5	3895.125	3972	4339.1875	5523.9375	4135.0625	suelo_desnudo
511185	559025	2298	2808	3292	3592.4375	3786.6875	3969.125	3931	4192.5	4991.5	4208.25	suelo_desnudo
509755	559175	1770	2060	2292	2822.875	3391.5625	3638.75	3803	3892.25	5100.625	3883.4375	suelo_desnudo
513365	554435	1756	1974	2294	2819.375	3358.25	3556.9375	3678	3962.125	4834.75	3683.5625	suelo_desnudo
517355	558695	2004	2332	2754	3245.6875	3531.1875	3773.1875	3856	4199.9375	5462.1875	4322.875	suelo_desnudo
517325	558905	1910	2246	2678	3025.375	3403.4375	3692.625	3809	4142.75	5223.3125	3890.375	suelo_desnudo
517735	556365	1706	1969	2236	2705.3125	3138.0625	3413.3125	3521	3852.8125	4935.5	3537.875	suelo_desnudo
509605	558655	1941	2232	2580	3001.4375	3447.0625	3725.375	3897	4142	5207.9375	3806.6875	suelo_desnudo
510795	556995	1702	1963	2300	2778.3125	3193.0625	3470.625	3598	3863	4720.8125	3349.25	suelo_desnudo
510845	560715	1622	1892	2124	2528.9375	3169	3492.3125	3695	3904.5	4590.9375	3227.3125	suelo_desnudo
517385	558475	1526	1839	1910	2519.9375	3247.4375	3572.75	3301	3933	4322.25	3168.8125	suelo_desnudo
511035	562115	1918	2194	2670	3111.4375	3422.125	3713.1875	3813	4151.0625	5331.75	3931.6875	suelo_desnudo
510845	558685	1826	2056	2470	2768.875	3221.5	3505.4375	3692	3927.9375	5094.8125	3728.375	suelo_desnudo
509635	558705	1772	2030	2300	2938.75	3378.25	3668.9375	3720	3985.6875	5069.0625	3789.125	suelo_desnudo
515695	558865	1706	1926	2148	2627.5625	3011.625	3246.375	3343	3600.375	4807.6875	3732.25	suelo_desnudo
510865	559555	1828	2096	2474	2969.5	3458.625	3734.875	3842	4158.75	5302.5	3797.0625	suelo_desnudo
517345	558495	1636	1891	2090	2470.875	3193.125	3489.875	3468	3938.4375	4426.5	3194.6875	suelo_desnudo
515975	558535	1642	1963	2142	2675.875	3289.9375	3564.4375	3654	4043.75	4980.3125	3609.3125	suelo_desnudo
509565	558685	1780	2042	2250	2810	3511.0625	3848.875	4018	4352.5625	5170.375	3593.8125	suelo_desnudo
511375	561975	1942	2234	2684	3029.1875	3473.6875	3748.8125	3877	4184.75	5064	3751.9375	suelo_desnudo
517325	559055	1924	2248	2668	3439.4375	3690.5	3981.3125	3956	4415.375	5691.875	4315.125	suelo_desnudo
513085	554815	1816	2098	2292	2638.25	3099	3325.9375	3471	3673.4375	4528.9375	3318.375	suelo_desnudo
518245	552975	1864	2236	2482	3132.6875	3784.125	4088.25	4125	4475.625	4692.3125	3447.5625	suelo_desnudo
511325	559215	2032	2482	2864	2975	3520.5	3773.1875	3975	4086.1875	4932.8125	3834.25	suelo_desnudo
516045	558505	1822	2088	2388	2863.1875	3296.5625	3574.75	3600	4010.3125	5189.9375	3848.4375	suelo_desnudo
515675	558815	1788	1988	2332	2637.0625	2988.375	3190.625	3249	3549.875	4812.625	3725.125	suelo_desnudo
511565	560285	2140	2456	2974	3416.25	3718.25	3958.4375	4051	4367	5534.1875	4388.5	suelo_desnudo
518035	552795	1486	1762	1700	2506.9375	3397.8125	3777.875	3897	4138.75	3815.3125	2877.9375	suelo_desnudo
514205	554005	1769	1998	2266	2601.625	3445.25	3739	3646	4121.5625	4435.1875	3175.9375	suelo_desnudo
518155	552505	1458	1650	1587	2582.9375	3607.625	4006.8125	4219	4344.6875	3842.125	2919.1875	suelo_desnudo
514215	553535	1689	2010	2144	2750.4375	3501.9375	3755.5	4021	4099.8125	4558.5	3363.4375	suelo_desnudo
511195	558745	1770	2008	2240	2757.375	3302.5625	3560.5625	3577	3934.6875	5074.8125	3701.1875	suelo_desnudo
517225	558935	1705	2032	2112	2810.3125	3597.6875	3923.375	4062	4315.0625	4612.9375	3483.8125	suelo_desnudo
510775	560835	1534	1797	1891	2427.75	3469.25	3841.3125	3950	4237.1875	4144.5625	2859.375	suelo_desnudo
517335	558495	1742	2030	2286	2511.625	3229.875	3520.125	3764	3938.8125	4488.5	3199.5625	suelo_desnudo
517215	558655	1621	1914	2052	2683.3125	3409.5	3734.1875	3847	4191.0625	4837.4375	3439.875	suelo_desnudo
513375	554645	1704	1991	2248	2798.8125	3236.375	3491.625	3589	3889.875	5039.6875	3689.375	suelo_desnudo
517185	558925	1946	2284	2730	3190.1875	3552.5	3899.625	4005	4286.5	5224.75	4008.3125	suelo_desnudo
517275	558695	1496	1728	1728	2518.125	3297.0625	3663.6875	3690	4015.125	4332.1875	3093.6875	suelo_desnudo
515475	559145	1724	1994	2300	2770.3125	3253.9375	3547	3641	3949.5625	4931.6875	3604.8125	suelo_desnudo
510525	558885	2140	2548	3076	3310.875	3736.125	3947.75	4156	4259.8125	5228.25	4087.3125	suelo_desnudo
511385	558685	1856	2106	2340	2787.625	3293.1875	3595.125	3668	3941.5625	5094	3793.1875	suelo_desnudo
514175	553555	1380	1650	1606	2355.6875	3538.5625	3901.8125	4460	4326.125	4256.0625	2886.9375	suelo_desnudo
513275	554685	1902	2182	2566	2970.8125	3385.8125	3598.9375	3779	4017.8125	5143.6875	3856.0625	suelo_desnudo
510805	557015	1709	1974	2272	2790.75	3180.5	3440.875	3476	3854.0625	4785.6875	3462.5	suelo_desnudo
514665	554565	2302	2752	2980	3371.5	3757.9375	3984	3910	4173.75	4528.5625	3592.375	suelo_desnudo
514605	554405	1576	1838	1896	2309.125	3226.75	3574.8125	3602	3959.8125	3768.5625	2658.1875	suelo_desnudo
510955	559765	1792	2064	2372	2824.5	3369.625	3651.25	3740	4051.4375	5066.625	3591.9375	suelo_desnudo
514315	553975	1732	1952	2218	2697.0625	3177.25	3411.3125	3456	3801.1875	4960.875	3613.8125	suelo_desnudo
514645	554675	1886	2212	2538	2822.5	3474.4375	3763.5	3910	4181.625	5036.5625	3689.875	suelo_desnudo
510865	559715	1751	2030	2330	2881.9375	3363.875	3657.5	3698	4063.4375	5176.375	3723.375	suelo_desnudo
511285	561995	1616	1888	2114	2621.4375	3260.3125	3629.9375	3483	4043.0625	4520.6875	3237.3125	suelo_desnudo
511195	558775	1786	2044	2262	2734.625	3302.6875	3584.9375	3722	3966.1875	5043.5	3618.25	suelo_desnudo
514155	553415	1511	1795	1822	2752.4375	3644.8125	4022.5625	4365	4468.5	4772.9375	3435.1875	suelo_desnudo
515885	558525	1844	2152	2500	2944.1875	3368.1875	3659.9375	3841	4061.1875	5400.6875	4069.875	suelo_desnudo
511595	560365	1938	2212	2630	3158.4375	3566.1875	3830.125	3916	4307.6875	5573.875	4167.875	suelo_desnudo
518055	552825	2066	2432	2736	3047.75	3486.5	3743.5625	3856	4005	4104.3125	3301.25	suelo_desnudo
510705	560935	1596	1882	2004	2573.3125	3362.125	3691.8125	3702	4059.1875	4288.375	3094.0625	suelo_desnudo
517205	558845	1598	1867	1930	2622.375	3471.6875	3787.0625	3968	4221.5	4495.6875	3295	suelo_desnudo
517385	558455	1700	1934	2100	2548.125	3205.625	3528.5625	3482	3881.4375	4414.9375	3223.375	suelo_desnudo
514275	553655	1796	2072	2272	2703.5625	3355.125	3640.625	3656	4022.1875	4592.375	3345.25	suelo_desnudo
514245	553485	1710	1964	2200	2665.0625	3153.875	3387.75	3473	3811.0625	4705.9375	3425.8125	suelo_desnudo
517035	559125	1744	2048	2336	2972.5625	3422	3662.375	3684	4151.3125	5299.75	3959.6875	suelo_desnudo
517505	558545	1554	1874	1864	2576.0625	3432.875	3757.5	3880	4204.25	4616.625	3267.375	suelo_desnudo
517135	559105	2032	2376	2860	3353.6875	3717.5	4023.6875	4041	4455.0625	5470.0625	4232.1875	suelo_desnudo
516985	558495	2146	2478	2942	3340.6875	3565.125	3790.875	3840	4112.9375	4987.1875	4125.375	suelo_desnudo
511065	562145	1629	1860	2112	2617.1875	3092.5	3366.5	3496	3829.6875	4669.3125	3259.5	suelo_desnudo
517105	559015	1666	1966	2084	2802.9375	3518.25	3827.9375	3932	4262.875	5007.5	3607.125	suelo_desnudo
517995	552885	1966	2322	2622	3134	3628.0625	3914.125	4077	4287.5	5044.3125	3969.9375	suelo_desnudo
516665	556615	1607	1866	2092	2656.5	3130.3125	3411.3125	3568	3828.125	4597.5625	3234.875	suelo_desnudo
511105	561945	1698	1982	2308	2865.25	3437.9375	3769.3125	3850	4181.875	4795.8125	3535.9375	suelo_desnudo
518215	552395	1932	2272	2388	2989.6875	3528.875	3739.5625	3703	3960.75	3992.5	3178.375	suelo_desnudo
510575	558865	1854	2196	2628	3008.375	3519.875	3822.875	3908	4239.4375	5251.875	3972	suelo_desnudo
510735	557055	1842	2126	2484	2810.75	3326	3591.5	3728	4028.875	4953.4375	3618.5	suelo_desnudo
513065	554755	1648	1880	2064	2562.8125	3034.5625	3322.1875	3331	3676.875	4368.75	3286.6875	suelo_desnudo
509455	558685	1710	2028	2208	2874.1875	3704.5	4054.375	4086	4571.6875	5362.625	3702.9375	suelo_desnudo
514215	553795	1886	2166	2542	3054.4375	3577.4375	3878.9375	4010	4283.4375	5226.625	3819.875	suelo_desnudo
511395	558835	1850	2168	2374	2858.5625	3575.3125	3889.4375	3980	4281.9375	5087	3617.4375	suelo_desnudo
517265	558595	1664	1880	1986	2465.4375	3378.75	3723.375	3609	4275.3125	4265.8125	3086.8125	suelo_desnudo
518285	552575	2022	2368	2620	3180.5	3637.3125	3888.75	3874	4176.9375	4371	3558.6875	suelo_desnudo
510025	562165	2072	2404	2836	3225.0625	3581.875	3830.375	4074	4206.75	5362.875	4149.5625	suelo_desnudo
511675	560365	2140	2428	2930	3272.375	3575.125	3830	3967	4238.75	5433.375	4224.6875	suelo_desnudo
510855	559815	1578	1872	1966	2566.5625	3425.5	3766.375	3877	4217.8125	4467.9375	3027.125	suelo_desnudo
510875	559675	1812	2092	2438	2905.8125	3374.3125	3652.0625	3663	4074.875	5201.4375	3744	suelo_desnudo
511315	558675	1875	2118	2414	2768.5625	3249.5625	3526.25	3640	3901.0625	5197.625	3876.25	suelo_desnudo
509335	558695	1715	2000	2150	2798.9375	3534.6875	3828.6875	3802	4167.1875	5099.5625	3703	suelo_desnudo
515815	558505	1856	2124	2468	2987.6875	3368.875	3622.125	3775	4051.9375	5359.0625	4099.5	suelo_desnudo
514265	553945	1752	2008	2296	2842.4375	3293.3125	3636.4375	3806	4079.3125	5172.6875	3732.8125	suelo_desnudo
509835	559205	1789	2128	2336	2814.3125	3430.9375	3710	3766	4052.3125	5143.375	3863.875	suelo_desnudo
517465	558815	2050	2372	2860	3219.1875	3487.125	3743.8125	3824	4174.6875	5486.0625	4300.125	suelo_desnudo
509705	559245	1844	2128	2384	2930.9375	3866.8125	4197.125	4431	4680.6875	5177.8125	3624.9375	suelo_desnudo
517525	558485	1778	2026	2264	2793.875	3422.25	3740.25	3831	4196.125	5071.625	3641.6875	suelo_desnudo
511765	560515	1698	2014	2210	2895.375	3515.25	3846.25	3874	4282.3125	5143.25	3766	suelo_desnudo
509965	561995	1800	2104	2352	2795.9375	3472.625	3733.3125	3856	4166.875	5026.1875	3622.1875	suelo_desnudo
517055	559165	1939	2278	2698	3303.0625	3647.875	3940.25	3943	4334.3125	5603.9375	4283.25	suelo_desnudo
516765	556615	1626	1908	2100	2651.8125	3265.5	3565.4375	3621	4025.25	4525.8125	3091.25	suelo_desnudo
511365	561955	1880	2216	2628	3138.5	3475.0625	3721.625	3742	4099.3125	5083.625	3847.125	suelo_desnudo
514585	554345	1700	1980	2200	2599.625	3338.75	3652.75	3798	4110.375	4744.25	3289.125	suelo_desnudo
510855	560655	1482	1775	1838	2416.875	3413.25	3803	3943	4194.625	4234.3125	2902.125	suelo_desnudo
510795	560835	1441	1754	1702	2317.375	3540.75	3944.875	4240	4314.375	3976.4375	2714.375	suelo_desnudo
514675	554635	1901	2196	2622	3029.875	3587.625	3893.6875	3950	4294.5625	5043.25	3772.9375	suelo_desnudo
515735	558905	1708	1942	2150	2608	3011.5625	3242.25	3382	3655.8125	4818.25	3616.0625	suelo_desnudo
511405	558815	1760	2058	2150	2744.25	3609.5625	3897	4006	4298.9375	4966.6875	3460.25	suelo_desnudo
517275	558595	1459	1808	1742	2451.5625	3385.8125	3784.8125	4288	4280.25	4196.5	3035.0625	suelo_desnudo
510395	562125	1564	1836	1866	2598.25	3496.1875	3828.25	3796	4239.25	4359.5625	3020	suelo_desnudo
517705	556485	1810	2048	2418	2855.8125	3115	3398.8125	3504	3830.3125	5174.375	3820.25	suelo_desnudo
514805	554285	1648	1868	2040	2478.3125	3432.125	3819.8125	3834	4193.5	4316.625	3105.6875	suelo_desnudo
517255	558465	1654	1919	2008	2458.8125	3264.5	3533.4375	3645	3948.625	4306.3125	3123.8125	suelo_desnudo
510875	559035	1874	2076	2468	2827.875	3344.125	3637.6875	3693	3967.25	4749.4375	3487.3125	suelo_desnudo
517485	558375	1613	1866	1994	2738.5	3400.4375	3775.75	3535	4153.9375	4955.0625	3541	suelo_desnudo
511505	560435	1830	2120	2448	2986.0625	3500.3125	3812.3125	3928	4237.5625	5356.8125	3970.3125	suelo_desnudo
515735	559055	1556	1849	1963	2639	3251.5625	3555.375	3831	3947.25	4701.0625	3474.6875	suelo_desnudo
518115	552445	1894	2192	2406	3077.4375	3596.0625	3885.9375	3680	4236.375	4355.125	3273.5625	suelo_desnudo
514285	553555	1694	1937	2126	2624.75	3153.4375	3395.3125	3534	3802.5625	4722	3355.5625	suelo_desnudo
511205	559195	1930	2234	2594	3032.375	3518.6875	3808.25	3851	4094.8125	4976.4375	3926	suelo_desnudo
510875	556985	1758	2038	2390	2872.5	3238.9375	3548.6875	3656	3935.8125	4944.5	3579.375	suelo_desnudo
511495	560335	2086	2400	2910	3319.75	3661.0625	3939.25	3980	4316.375	5452.5	4261.1875	suelo_desnudo
514425	553985	1802	2078	2432	2785.125	3159.8125	3426.9375	3641	3854.8125	5208.375	3765.625	suelo_desnudo
514675	554655	1880	2190	2450	2941.3125	3441.5625	3750.25	3761	4182.5	5078.75	3707.5625	suelo_desnudo
517295	558465	1590	1883	1902	2502.4375	3311.5625	3646.875	3767	4027.25	4320.875	3066.4375	suelo_desnudo
517355	558755	1898	2194	2534	3075.9375	3472.75	3726.4375	3710	4134.5625	5182.4375	3944.4375	suelo_desnudo
510825	557065	1697	1962	2274	2759.0625	3197.125	3454.375	3547	3854.6875	4817.6875	3483.75	suelo_desnudo
510785	556865	1864	2066	2448	2876.3125	3269.25	3494.5625	3557	3925.125	4959.5	3754.1875	suelo_desnudo
514225	553995	1798	2062	2388	2854.0625	3349.1875	3624.625	3770	4047.0625	4899.6875	3556.1875	suelo_desnudo
514585	554695	1463	1746	1706	2329	2947.5625	3299.875	2868	3616.125	3888.625	2807.9375	suelo_desnudo
517445	558855	1773	2080	2406	2919.5	3367.1875	3687.25	3667	4046.125	4990.125	3806.625	suelo_desnudo
514295	554605	1803	2028	2262	2581.75	3201.75	3500.1875	3445	3913.75	4402.9375	3317	suelo_desnudo
515555	558895	1735	2018	2216	2659.5625	3349.125	3634	3851	4052.9375	4763	3461.75	suelo_desnudo
510785	558765	1842	2162	2514	3048.625	3450.75	3714.875	3797	4093.3125	5213.5	4088	suelo_desnudo
511235	559175	2210	2600	3150	3430.875	3687.8125	3868.125	3942	4096.6875	4973.0625	4200.25	suelo_desnudo
511645	560625	1852	2110	2500	2956.5	3485.6875	3784.8125	4002	4243.8125	5409	3905.625	suelo_desnudo
518165	552585	1896	2236	2358	3112.5625	3650.25	3902.6875	3783	4190.625	4585.25	3585.25	suelo_desnudo
510575	559005	2266	2746	3200	3325.75	3722.5	3953.9375	3945	4216.6875	4783.1875	3779.9375	suelo_desnudo
510785	560575	1554	1846	1874	2420.5	3466.625	3851.5	3998	4231.5	4206.9375	2896.5	suelo_desnudo
515735	558705	1691	1916	2140	2586.375	3215.1875	3494.25	3496	3849.5625	4640.25	3333.5	suelo_desnudo
516815	558395	2056	2378	2772	3253.875	3631.9375	3871.25	3900	4218.625	4826.9375	3749.375	suelo_desnudo
513275	554935	1916	2360	2576	2890.625	3311.4375	3584.6875	3751	3956.3125	4775.25	3561.1875	suelo_desnudo
510815	558925	1619	1852	2046	2666.5	3181.5	3468.25	3502	3855.6875	4822.1875	3604.1875	suelo_desnudo
511325	558885	1946	2266	2614	3096	3663.8125	3947	4086	4312.1875	5452.375	4137.1875	suelo_desnudo
511325	561955	1908	2226	2686	3021.375	3376.1875	3634.3125	3783	4033.4375	5079.3125	3796.9375	suelo_desnudo
514445	554665	1714	1964	2230	2737.4375	3373.75	3716.75	3642	4111.6875	4891.125	3549.125	suelo_desnudo
511155	558775	1787	2066	2292	2746.5625	3362.9375	3682.25	3780	4050.875	5042.375	3601.9375	suelo_desnudo
514045	554155	1924	2248	2666	2799.5625	3443.75	3756.5625	4022	4243.25	4804.625	3591.1875	suelo_desnudo
510905	560545	1558	1838	1886	2558.125	3564.3125	3910.375	3996	4211.8125	4248.6875	3034	suelo_desnudo
515615	559275	1962	2248	2720	3148.3125	3378.375	3641.875	3670	4028.125	5398.4375	4274.25	suelo_desnudo
511355	558775	1686	1964	2078	2703.6875	3418.125	3731.75	3797	4083.9375	4876.25	3448.625	suelo_desnudo
510605	558955	1697	2028	2220	2753.5625	3423.75	3669.25	3775	3946.3125	4435.875	3300.3125	suelo_desnudo
517255	558785	1917	2266	2450	2991.1875	3564.375	3880.8125	4066	4332.5	5065.3125	3827.1875	suelo_desnudo
516685	556615	1690	1963	2260	2703.75	3090.875	3347.375	3426	3792.5625	4704.5	3320	suelo_desnudo
515975	558525	1628	1914	2096	2679.25	3288.875	3581.25	3669	4042.5625	4964.3125	3601.9375	suelo_desnudo
515785	558635	2009	2282	2758	3084.0625	3282.9375	3526.6875	3600	3928	5675	4487.125	suelo_desnudo
518185	552485	2220	2578	2902	3308.3125	3686	3833.75	3877	4105.25	4340.4375	3501.4375	suelo_desnudo
518225	552405	1926	2238	2396	3006.6875	3480.875	3700.5625	3718	3918.75	3983	3197.875	suelo_desnudo
517665	556425	2018	2322	2750	3024.875	3381.6875	3641.25	3769	4072.375	4949.3125	3802.4375	suelo_desnudo
516725	556575	1665	1932	2124	2711.6875	3243.125	3523.9375	3630	3980.125	4646.625	3203.3125	suelo_desnudo
517615	556385	1768	2042	2360	2877.5	3240.1875	3503.75	3540	3953.0625	5029.375	3664.9375	suelo_desnudo
514585	554305	1532	1770	1922	2393.3125	3234.0625	3594.125	3344	3986.9375	4341.4375	3030.5	suelo_desnudo
511005	561965	1916	2268	2744	3078.75	3485.75	3761.875	3972	4190.6875	5060.5	3775	suelo_desnudo
510925	559785	1836	2078	2388	2840.4375	3487.625	3790.9375	3925	4230	5015.625	3512.5625	suelo_desnudo
515515	559115	1913	2180	2636	3022.75	3419.9375	3708.5	3812	4088.3125	5134.875	3833.75	suelo_desnudo
514615	554375	1570	1864	1880	2486.875	3450.25	3856.125	4388	4190.9375	4258	3024.625	suelo_desnudo
511825	560495	1896	2214	2516	3079.25	3686.4375	4023.5	4152	4437.5625	5342.4375	3881.875	suelo_desnudo
510785	560865	1574	1869	1966	2501.75	3334.875	3636.625	3732	4027.375	4214.125	3001.625	suelo_desnudo
515885	558595	1946	2164	2538	2889.0625	3254.3125	3484.9375	3589	3883.6875	5344.3125	4182.8125	suelo_desnudo
511645	560375	1896	2172	2538	3101.125	3499.0625	3808.0625	3818	4208.25	5423.5	4028.375	suelo_desnudo
509725	559265	1784	2088	2290	2874.6875	3758.375	4132.4375	4339	4567.8125	5087.75	3555.6875	suelo_desnudo
510895	559675	1922	2168	2584	2931.3125	3350.6875	3643.9375	3770	4045.125	5247.5625	3813.5	suelo_desnudo
510585	558875	1776	2128	2306	2905	3496.5	3807.25	4022	4233.75	5176.1875	3859.8125	suelo_desnudo
511145	559185	1902	2238	2588	3009.375	3451.75	3725.5625	3819	4116.5625	5485.875	4138.8125	suelo_desnudo
510605	562125	1690	1917	2248	2592.8125	3035.375	3341.5	3508	3792.6875	4675.3125	3313.5	suelo_desnudo
510825	557055	1725	1994	2302	2771.6875	3176.875	3440.625	3531	3842.0625	4857.0625	3556.25	suelo_desnudo
513175	554585	1864	2116	2478	2832	3271.8125	3486	3566	3890.75	4925.375	3680.0625	suelo_desnudo
518015	552795	1787	2028	2210	2805.625	3425.6875	3701	3562	4068	4234.0625	3277.5	suelo_desnudo
516675	556595	1701	1968	2250	2698.75	3133.8125	3392.9375	3527	3826.25	4701.625	3318.75	suelo_desnudo
510175	562175	1930	2210	2514	2707	3640.3125	3942.375	3956	4285.5	4437.375	3286.375	suelo_desnudo
511635	560485	1596	1928	2016	2784.1875	3682.75	4047.8125	4208	4472.625	5070.875	3602	suelo_desnudo
513275	554495	1666	1913	2058	2643.625	3222.8125	3497.3125	3492	3889.3125	4746.9375	3448.5625	suelo_desnudo
515685	558845	1713	1973	2224	2636.125	3015.0625	3238.625	3314	3585.125	4769.6875	3711.5	suelo_desnudo
511375	558855	1862	2152	2392	2928.6875	3593.8125	3909.6875	3958	4311.75	5262.875	3758.75	suelo_desnudo
509725	558685	1969	2244	2610	2967.1875	3351.5	3597	3607	3918.375	5319.3125	4115.875	suelo_desnudo
514065	554215	1607	1832	1927	2455.25	3319.125	3615.5625	3722	4021.5625	4448.375	3165.375	suelo_desnudo
513105	554675	1759	2018	2402	2797.125	3104.9375	3360.5625	3442	3764.375	5284.8125	3909	suelo_desnudo
517175	558415	1447	1689	1750	2313.1875	3194	3544.25	3468	3873.1875	3924.375	2794.25	suelo_desnudo
513325	554735	1978	2268	2748	3164.125	3467.0625	3713.75	3883	4173.625	5730.8125	4353.0625	suelo_desnudo
511685	560115	2070	2372	2798	3207.4375	3620.625	3869.0625	4008	4283.3125	5379.125	4185.9375	suelo_desnudo
517305	558905	1830	2172	2536	3017.8125	3459.125	3747.9375	3899	4181.125	4951.5625	3708.1875	suelo_desnudo
514415	553865	1758	2016	2296	2833.4375	3371.3125	3663	3751	4091.5625	5178.8125	3709.3125	suelo_desnudo
515775	558695	1775	2094	2390	2830.3125	3439.9375	3755.1875	3833	4125.375	5142.3125	3848.6875	suelo_desnudo
517505	558765	1878	2180	2620	2843.4375	3370.875	3739.25	3673	4144.3125	4815.1875	3629.8125	suelo_desnudo
510875	560605	1720	2042	2272	2760.875	3536.75	3871.75	3951	4284.6875	4595	3347.375	suelo_desnudo
518305	552615	1914	2212	2462	3058.4375	3629.5	3909.4375	4003	4249.125	4418	3484.375	suelo_desnudo
515925	558665	1910	2192	2576	3030.5	3331.75	3566.9375	3678	3980.4375	5468.875	4288.25	suelo_desnudo
518045	552785	1474	1760	1678	2598.9375	3403.0625	3777	3844	4125.5	3964.1875	2981.4375	suelo_desnudo
511305	561905	1889	2256	2678	3067.25	3367.125	3597.625	3565	3893.5625	4798.0625	3792	suelo_desnudo
518095	552635	2206	2500	2936	3120.6875	3578.125	3803.125	3922	4077.75	4265.125	3376.4375	suelo_desnudo
517225	558975	1356	1693	1518	2643.4375	3439.875	3765	3770	4131.875	4502.8125	3338.1875	suelo_desnudo
514145	554405	1900	2170	2544	2925.1875	3346.375	3614.1875	3744	4015.625	5444.5625	4051	suelo_desnudo
511005	559045	2114	2456	2748	3115.875	3642.4375	3886.4375	3932	4217.9375	4888.3125	3665.875	suelo_desnudo
513265	554515	1669	1914	2098	2636.375	3260.5	3523.9375	3620	3920.125	4755.4375	3441.625	suelo_desnudo
509475	555875	1562	1835	1874	2733.125	3533.6875	3797.8125	3894	4240.5625	4593.875	3189.5625	suelo_desnudo
517295	558545	1476	1748	1751	2407.4375	3240.5	3610.0625	3811	3893	4019.4375	2914.125	suelo_desnudo
516085	558425	1944	2190	2496	2995.5	3404.625	3676.75	3792	4029.625	5338.8125	4158.25	suelo_desnudo
517355	558575	1755	2038	2326	2890.5	3251.9375	3493.875	3586	3915.125	4995.375	3755.1875	suelo_desnudo
514405	554315	1628	1896	2040	2536.125	3358.625	3666.5625	3730	4099	4498.8125	3108.9375	suelo_desnudo
511585	560285	2104	2416	2936	3397.75	3685.4375	3952.125	4010	4349.9375	5586.5625	4418.1875	suelo_desnudo
514225	553895	1849	2148	2434	2810.9375	3519.75	3776.5	4018	4187.3125	4985.9375	3569.1875	suelo_desnudo
513125	554645	1928	2166	2688	2981.75	3295.3125	3552.9375	3728	3925.4375	5232.875	3948.1875	suelo_desnudo
514175	554185	1686	1952	2202	2399.25	3470.6875	3873.75	3999	4272.25	4090.5625	2937.0625	suelo_desnudo
514285	553685	1892	2144	2454	2792.375	3335.25	3577.1875	3587	3947.375	4603.75	3426.625	suelo_desnudo
513355	554515	1856	2150	2390	2869.125	3237.4375	3434.5625	3544	3779.4375	4666.75	3624	suelo_desnudo
514595	554285	1703	1986	2266	2469.6875	3369.75	3705.8125	3942	4180.5625	4550.3125	3162.375	suelo_desnudo
511525	560205	2038	2362	2776	3235.625	3588.9375	3859.75	3939	4245.3125	5288.4375	4165.0625	suelo_desnudo
518235	552815	1893	2274	2350	3021.625	3433.5625	3616.4375	3654	3804.1875	4002.25	3251.6875	suelo_desnudo
518255	552395	1888	2280	2404	3021.625	3641.9375	3907.625	3980	4203.1875	4207.4375	3268.875	suelo_desnudo
511135	558875	1772	2040	2366	2777	3252.1875	3518.25	3520	3891.4375	5056	3737.4375	suelo_desnudo
515575	559185	1926	2210	2628	3044	3323.5	3578.9375	3601	3974.1875	5299.0625	4116.3125	suelo_desnudo
510235	562175	1758	2072	2300	2875.3125	3695.3125	4023.5	4063	4364.5625	4791.9375	3352.375	suelo_desnudo
510955	559035	1746	2012	2252	2738.3125	3431	3697.25	3724	4063.625	4650.5	3321.875	suelo_desnudo
515995	558435	1796	2062	2328	2731.75	3366.9375	3648.0625	3754	4060.125	4935.625	3709.375	suelo_desnudo
510915	559805	1786	2046	2294	2796.75	3524.5	3820	4040	4236.6875	4923.375	3441.3125	suelo_desnudo
509275	558735	1838	2136	2358	2906.3125	3658.875	3982.375	4131	4400.6875	5415.125	4005.8125	suelo_desnudo
511665	560385	1908	2196	2642	3172.9375	3518.9375	3784.5	3874	4210.875	5430.8125	4093.8125	suelo_desnudo
514495	554315	1677	1978	2146	2673.25	3339.625	3639.625	3818	4063.75	4756.625	3341.375	suelo_desnudo
510245	562185	1722	2048	2246	2823.8125	3663.3125	3967.5	3986	4328.0625	4737.4375	3341.375	suelo_desnudo
514035	554025	1542	1724	1813	2502.5625	3332.3125	3684.875	3765	4096.6875	4455.0625	3123.75	suelo_desnudo
513285	554435	1708	1903	2198	2672.9375	3332.625	3647.4375	3711	3995.5	4809.75	3498.8125	suelo_desnudo
513125	554685	1853	2120	2560	2921.5625	3191.0625	3452.8125	3607	3886.75	5440.5	3992.25	suelo_desnudo
511405	558675	1858	2106	2398	2781.25	3272.5625	3557	3642	3924.375	5072	3792.875	suelo_desnudo
514445	553955	1771	2023	2338	2746.125	3160.25	3411.6875	3556	3831.0625	5142.375	3682.6875	suelo_desnudo
518055	552935	1790	2058	2272	2851.3125	3475.25	3760.375	3876	4119.1875	4726.6875	3601.1875	suelo_desnudo
515765	558595	1856	2078	2516	2959.9375	3220.0625	3462.625	3514	3879.1875	5616.125	4445.5625	suelo_desnudo
513355	554415	1888	2136	2492	2957.5625	3367.25	3583.5625	3700	3980	5051.5	3907.875	suelo_desnudo
515625	558845	1886	2166	2476	2776.125	3175.5	3436.8125	3657	3792.8125	5007.8125	3830.4375	suelo_desnudo
515965	558645	2068	2380	2874	3167.625	3448	3711.0625	3796	4127.3125	5717.4375	4476.1875	suelo_desnudo
513325	554425	2046	2314	2772	3112.0625	3418.1875	3669.8125	3784	4051.875	5357.5	4142.5	suelo_desnudo
517915	556445	1714	1993	2230	2772.3125	3291.1875	3587	3664	4002.625	5000.875	3590.25	suelo_desnudo
509765	559185	1795	2166	2356	2806.875	3321.0625	3585.75	3644	3833.25	5062.625	3877.4375	suelo_desnudo
515865	558775	1784	2030	2304	2709.25	3249.875	3535.5625	3580	3897.3125	5005.0625	3694	suelo_desnudo
517825	556465	1832	2108	2496	2839.9375	3412.875	3729.8125	3777	4227.8125	4902.75	3586.6875	suelo_desnudo
513315	554675	1932	2256	2592	2988.25	3354.5	3597.625	3679	4008.3125	5258.5625	3943.5	suelo_desnudo
517775	556385	1558	1807	1970	2431.875	3085.125	3413.9375	3515	3831.875	4455.25	3056.625	suelo_desnudo
514045	554065	1754	2044	2360	2691.625	3360.0625	3643.25	3744	4040.5	4576.25	3414.5	suelo_desnudo
515635	559295	2048	2368	2838	3187.0625	3453.25	3663.9375	3697	4057.4375	5373.5	4294.75	suelo_desnudo
515555	558955	1677	1874	2104	2578.9375	3117.1875	3363.0625	3378	3771.5625	4702.625	3423.5625	suelo_desnudo
517395	558785	1751	1962	2102	3028.3125	3503.5	3790.875	3748	4189.5625	5138.6875	3955.125	suelo_desnudo
514735	554475	1915	2136	2522	2871.0625	3481.75	3808.75	3858	4216.1875	4906.125	3533.9375	suelo_desnudo
514465	554035	1704	1949	2154	2563.5625	3065.125	3319.4375	3584	3717.25	4820	3453.625	suelo_desnudo
511235	558865	1894	2176	2422	2835	3519.5	3843.75	4121	4194.0625	5136.625	3701.0625	suelo_desnudo
511005	561875	1938	2232	2588	2801.875	3351.875	3635.875	3776	3984.5625	4684.4375	3443.4375	suelo_desnudo
515885	558605	1876	2152	2538	2890.1875	3272.4375	3490.3125	3608	3934.5625	5383.4375	4183.9375	suelo_desnudo
509285	558695	1932	2222	2480	2896.1875	3647.75	3915.0625	4281	4311.8125	5251.6875	3914.8125	suelo_desnudo
515565	558925	1742	1977	2290	2673.9375	3231.4375	3490.8125	3565	3882.6875	4810.6875	3504.8125	suelo_desnudo
509975	562155	1742	2006	2292	2807.1875	3337.375	3611.125	3662	4036	5040.75	3708.5	suelo_desnudo
514605	554525	1830	2110	2368	2941.8125	3474.1875	3765.625	3781	4152	4752.3125	3453.8125	suelo_desnudo
515575	559105	1690	2028	2208	2749.9375	3492.125	3772.5625	4227	4213.5625	4787.875	3614.875	suelo_desnudo
514615	554295	1528	1786	1830	2494.625	3384.0625	3734.8125	3800	4132.125	4477.875	3095.875	suelo_desnudo
517415	558655	2002	2298	2810	3097	3377.0625	3614.8125	3809	4034.25	5438.1875	4158	suelo_desnudo
511105	559105	1641	1906	2014	2942.8125	3457.0625	3726.6875	3806	4078.625	4793.6875	3680.625	suelo_desnudo
515585	558975	1736	2011	2326	2843.875	3262.6875	3523.4375	3602	3913.9375	5002.25	3815.25	suelo_desnudo
510535	558895	1894	2210	2602	3167.125	3617.1875	3867.1875	3842	4199.3125	5197.25	4004.375	suelo_desnudo
517245	558565	1720	1996	2238	2651.75	3538.25	3854.125	3690	4160.3125	4840.375	3392.75	suelo_desnudo
510745	558795	1680	1988	2190	2748.125	3261.1875	3521	3510	3881.625	4525.3125	3424.3125	suelo_desnudo
513255	554855	1848	2146	2570	2901.0625	3263.4375	3528.0625	3702	3910.75	5140.5	3822.125	suelo_desnudo
511375	558835	1758	2042	2196	2830.5	3525.75	3855	3890	4249.375	5035.125	3555.875	suelo_desnudo
511155	559005	2306	2724	3160	3464.75	3730.875	3918.6875	3880	4151.5	4993.6875	4166	suelo_desnudo
515995	558315	1889	2178	2522	2967.5	3412.5	3711.0625	3894	4110.0625	5467.5	4253.9375	suelo_desnudo
515865	558765	1714	1982	2296	2762.5625	3293.375	3594.375	3647	3960.375	5070.6875	3772.125	suelo_desnudo
517235	558445	1592	1844	1972	2509.3125	3294.25	3642.75	3744	3979.4375	4336.125	3106.1875	suelo_desnudo
514015	553275	1742	2066	2240	3016.875	3640.625	4056.9375	4180	4482.75	5183.875	3776.875	suelo_desnudo
518305	552525	1702	2007	2110	2909.9375	3537.9375	3806	3918	4149.75	4120.25	3192.875	suelo_desnudo
513135	554625	1986	2346	2704	3088.1875	3399.6875	3656.375	3709	3937.1875	5121.5	3981.8125	suelo_desnudo
510895	560575	1822	2150	2432	2894.5625	3666.9375	4009.9375	4188	4368.625	4672.5625	3428.25	suelo_desnudo
513325	554645	1905	2182	2632	3080.5625	3430.3125	3654.875	3735	4060.375	5518.8125	4133.6875	suelo_desnudo
515565	559125	1701	2016	2196	2780.9375	3455.5	3770.3125	3846	4152.3125	4783.3125	3555.875	suelo_desnudo
515765	558845	1774	2042	2404	2760.9375	3003.75	3236.5	3286	3609.625	5107.75	3942.25	suelo_desnudo
511325	561945	1874	2212	2618	3025.3125	3372.125	3636.125	3784	4031.625	5061.3125	3809.5625	suelo_desnudo
515665	559115	1734	2016	2278	2735.125	3086	3327.0625	3364	3700.9375	4874.3125	3604.0625	suelo_desnudo
511115	559005	1850	2140	2336	3018.25	3568.75	3830.5	3745	4139.375	4844.75	3714.9375	suelo_desnudo
516805	556515	1830	2112	2546	2861.5625	3194.9375	3448.875	3583	3888.625	4780.625	3512.625	suelo_desnudo
514425	554005	1777	2000	2322	2714.5625	3099.9375	3336	3466	3751.0625	5169.5	3713.875	suelo_desnudo
517015	558445	1532	1766	1782	2547.875	3393.1875	3707.3125	3700	4177.25	4227.0625	3156.4375	suelo_desnudo
516765	556655	1607	1875	2090	2622.75	3231.125	3513.6875	3601	4012.875	4514.4375	3115.3125	suelo_desnudo
513235	554615	2062	2336	2848	3176.125	3521.75	3743.0625	3917	4103.75	5194.0625	4005.9375	suelo_desnudo
514345	553955	1794	2064	2410	2838.3125	3304.5	3566.3125	3634	3990.8125	5184.9375	3758.75	suelo_desnudo
514405	554615	1804	2094	2340	2913.75	3457.875	3763.3125	3767	4157.4375	5242.125	3841.5625	suelo_desnudo
518195	552725	1958	2286	2584	2880.5	3480.25	3740.9375	3922	4089.1875	4178	3251.4375	suelo_desnudo
510855	560585	1622	1898	2036	2613.125	3432.75	3715	3701	4090.5625	4222.0625	3059.5625	suelo_desnudo
509315	558765	1620	1888	2078	2676.8125	3372.875	3649.75	3630	4016.25	4988.875	3604.8125	suelo_desnudo
515645	559145	1742	2014	2362	2840.25	3242.1875	3440.5	3496	3854.75	5039.3125	3799.8125	suelo_desnudo
511595	560575	1806	2062	2404	2878.3125	3428.625	3744.75	3900	4161.4375	5304.3125	3846.9375	suelo_desnudo
517315	558895	1868	2166	2598	2950.375	3340.4375	3646.625	3834	4065.75	4924.8125	3642.875	suelo_desnudo
513205	554645	1861	2100	2466	2999.25	3434.5625	3688.875	3799	4142.125	5385.625	4000.375	suelo_desnudo
518275	552685	2036	2404	2694	3234.6875	3678	3901.875	3858	4180.5	4357.25	3548.5	suelo_desnudo
514705	554565	1950	2338	2494	2838.6875	3470.6875	3708.5	3866	4027.8125	4213.125	3199.8125	suelo_desnudo
510875	559005	1717	1977	2202	2731.125	3356.25	3632.5625	3701	4012.0625	4731.9375	3404.5	suelo_desnudo
514225	553505	1826	2134	2410	2692	3190.9375	3431.1875	3442	3809.0625	4446.5	3340.4375	suelo_desnudo
514295	553655	1904	2166	2444	2848.875	3403.625	3637.3125	3785	4039	4795.0625	3528.8125	suelo_desnudo
516025	558495	1643	1866	2090	2692.5	3200.0625	3459.8125	3477	3913.4375	5013.25	3654.75	suelo_desnudo
510695	560915	1616	1849	2016	2502.3125	3296.5625	3606	3680	3975.4375	4253.5625	3038.5	suelo_desnudo
513255	554955	1894	2182	2520	2873.0625	3333.875	3600.25	3631	3945.3125	4771.75	3562.625	suelo_desnudo
513175	554625	2004	2322	2704	3037.3125	3438.875	3684.5625	3750	4033.625	5038.0625	3832.8125	suelo_desnudo
514245	553475	1670	1915	2136	2645.6875	3137.625	3385.25	3475	3774.1875	4742.3125	3407.9375	suelo_desnudo
517785	556445	1626	1874	2094	2579.375	3148.4375	3467.5625	3467	3885.3125	4598.625	3289	suelo_desnudo
514575	554315	1532	1724	1850	2496.3125	3283.375	3632.375	3778	4047.5	4454.75	3108.375	suelo_desnudo
517505	558365	1753	2016	2234	2725.9375	3474.125	3797.4375	3938	4206.9375	4964.375	3521.3125	suelo_desnudo
511645	560145	2036	2368	2810	3112.0625	3537.6875	3776.875	3916	4176.875	5314.5625	4151.1875	suelo_desnudo
517375	558935	2022	2466	2674	3001.625	3503.25	3843.9375	4024	4234.3125	5207.125	3936.5	suelo_desnudo
517515	556405	1725	1992	2294	2804	3370.4375	3686.4375	3676	4179.75	4961.25	3480	suelo_desnudo
509955	562135	1850	2118	2448	2853.4375	3350.6875	3630.5625	3767	4052.4375	5166.5625	3818.9375	suelo_desnudo
517495	558545	1507	1854	1965	2544.6875	3416.625	3747.5	3784	4204.25	4462.875	3184.125	suelo_desnudo
518085	552405	1944	2298	2682	3375.9375	3823.0625	4152.4375	4212	4576.125	5170.25	3947.125	suelo_desnudo
511615	560235	1996	2300	2714	3245.75	3620.5625	3931.75	4024	4323.5625	5407.1875	4171.8125	suelo_desnudo
509285	555815	2128	2456	2866	3118.4375	3768.4375	4050.8125	4296	4408.625	5211.4375	3816.25	suelo_desnudo
510975	559805	1781	2082	2368	2791.5	3370.4375	3656.125	3735	4059	4975.75	3531.0625	suelo_desnudo
514305	553905	1870	2150	2522	2869.75	3257.4375	3525.5625	3601	3941.5	5297.875	3882.375	suelo_desnudo
517295	558535	1691	1896	2110	2472.3125	3261	3653.1875	3756	3951.5	4203.3125	3012.875	suelo_desnudo
510785	558885	1717	1922	2232	2771.875	3228.375	3530.75	3541	3928.375	5119.9375	3841.1875	suelo_desnudo
510485	558825	1959	2396	2632	2961	3638.5625	3908.875	4074	4249.0625	4747.5	3568.5	suelo_desnudo
510225	562055	1552	1870	1866	2648	3467.6875	3788.9375	4174	4192.375	4293.75	3121.1875	suelo_desnudo
514405	554665	1785	2098	2336	2980.125	3564.875	3873.75	4088	4280.3125	5388.125	3978.4375	suelo_desnudo
510965	559745	1744	2014	2292	2814	3357.75	3634.0625	3680	4040	5060.375	3596.9375	suelo_desnudo
510665	558905	1850	2226	2550	2896.6875	3461.3125	3746.9375	3774	4004.5	4489.25	3361.6875	suelo_desnudo
517295	558605	1722	1973	2204	2575.6875	3267.125	3655.8125	3496	3964	4508.3125	3305.0625	suelo_desnudo
510505	558795	1742	2012	2304	2745.4375	3412.375	3788.3125	3868	4175.125	4742.8125	3505.75	suelo_desnudo
517225	558905	1676	1969	2156	2825.3125	3562.6875	3881.75	4046	4376.5	4599.3125	3395.6875	suelo_desnudo
511305	558735	1814	2066	2314	2788.9375	3255.25	3543.875	3580	3921.25	5142.375	3805.1875	suelo_desnudo
514335	553475	1746	1952	2188	2582.25	3185.5	3481.3125	3453	3871	4522.1875	3251.125	suelo_desnudo
511595	560595	1694	1954	2230	2740.1875	3246.25	3590.4375	3646	4017.625	5226.75	3776.625	suelo_desnudo
517175	558565	1768	2022	2314	2734.9375	3369.75	3686.625	3857	4119.875	4912.5625	3574.75	suelo_desnudo
509755	558665	1810	2090	2448	3034.75	3528.5625	3766.625	3895	4201	5335.6875	3890.375	suelo_desnudo
510995	559675	1807	2070	2388	2867.125	3365.9375	3652	3707	4075.375	5164.3125	3716.125	suelo_desnudo
510245	562125	1569	1836	1932	2664.5625	3656.1875	4072.9375	4139	4483.375	4515.5	3158.8125	suelo_desnudo
515685	559125	1761	2076	2432	3001.3125	3321.5625	3558.0625	3478	3928.125	5147.4375	3935.5625	suelo_desnudo
514535	554675	1791	2064	2372	2646.125	3305.875	3659.1875	3776	4091.0625	4757.8125	3398.25	suelo_desnudo
511285	558915	1914	2210	2478	3051	3672.5625	3982.75	3862	4339.25	5154.9375	4011.875	suelo_desnudo
514375	553875	2066	2388	2886	3190.0625	3607.1875	3860.25	4012	4321.0625	5468.625	4076.875	suelo_desnudo
517285	558565	1598	1797	1964	2420.3125	3331.125	3746.5	3274	4010.6875	4137.8125	2970.5	suelo_desnudo
517345	558625	1804	2066	2366	3043.875	3367.0625	3578.4375	3621	4008.125	5193.875	3958.875	suelo_desnudo
518095	552655	1869	2134	2288	2921.8125	3477.0625	3689	3497	3962.625	4000.6875	3122.25	suelo_desnudo
515575	558875	1688	1934	2164	2661.625	3310.25	3574.8125	3631	3939.6875	4871.75	3555.8125	suelo_desnudo
514225	554135	1796	2094	2456	2669	3583.25	3944.8125	3930	4356.4375	4566.125	3248.75	suelo_desnudo
515845	558495	1879	2156	2478	2914.3125	3303.625	3534.4375	3776	3976.1875	5331	4127.125	suelo_desnudo
516845	558435	2264	2538	2960	3393.8125	3711.75	3935.625	3990	4243.75	4704.75	3774.5	suelo_desnudo
513265	554535	1914	2216	2542	2880.25	3362.9375	3597.375	3754	3974.625	4932.1875	3714.875	suelo_desnudo
517315	559085	1960	2312	2786	3396.4375	3735.0625	3982	4028	4496.1875	5712.625	4258.1875	suelo_desnudo
509965	562035	1524	1789	1796	2614.4375	3573.3125	3916.4375	4141	4283.75	4647.5	3326.0625	suelo_desnudo
515785	558795	1754	1957	2302	2670.4375	3025.125	3265.125	3278	3620.625	4996.0625	3751.1875	suelo_desnudo
510945	560585	1666	1966	2162	2709.3125	3387.1875	3664.8125	3577	4016.3125	4439.125	3277.375	suelo_desnudo
513315	554495	1563	1802	1924	2614.6875	3266.1875	3564.9375	3647	3935.5	4615.125	3388.25	suelo_desnudo
511175	561975	1880	2182	2654	2981.1875	3409.1875	3701.25	3844	4109.5625	5171.1875	3699.875	suelo_desnudo
514355	554645	1786	2068	2444	3026.4375	3550.0625	3842.625	3842	4274.9375	5358.3125	4090.875	suelo_desnudo
516945	558465	2146	2422	2920	3255.125	3506.125	3693.5	3693	4005.4375	4793.625	3861.375	suelo_desnudo
511335	558885	1924	2278	2614	3101.375	3677.9375	3974.375	4164	4312.3125	5528.8125	4144.6875	suelo_desnudo
509535	558725	1650	1897	2102	2677.4375	3483.4375	3846.6875	3839	4281.6875	4906	3404	suelo_desnudo
509305	558675	1716	2030	2134	2670.9375	3403.0625	3709.125	3740	4067.5625	4683.0625	3543.0625	suelo_desnudo
518125	552745	1994	2302	2478	3020.8125	3533.625	3742.1875	3705	3993.8125	4032.5	3241	suelo_desnudo
510995	562035	1664	1979	2332	2899.375	3222.875	3517.5625	3566	3932.4375	5006.4375	3662.5	suelo_desnudo
514655	554655	1822	2112	2484	2990	3526.6875	3801.0625	3864	4258.6875	5129.6875	3764.875	suelo_desnudo
514005	553165	1512	1838	1751	2537.4375	3691.5	4040.625	4491	4480.6875	4374.4375	3124.75	suelo_desnudo
513075	554685	1850	2130	2578	2928.625	3199.125	3425.6875	3499	3829.1875	5324.1875	4008.375	suelo_desnudo
517265	559155	1991	2332	2714	2984.25	3477.125	3751.125	3843	4059.1875	4543.75	3481.75	suelo_desnudo
517295	558975	1954	2208	2648	3021.5625	3489.875	3785.5625	3842	4161.5	5146.75	3853.75	suelo_desnudo
516355	556225	1832	2062	2524	2837.4375	3082.6875	3321.1875	3396	3708.75	5305.5625	3976.3125	suelo_desnudo
510975	559775	1736	1976	2224	2782.6875	3341.9375	3608.5	3685	4025.625	4960	3520.75	suelo_desnudo
510755	558725	1620	1896	1972	2557.5	3303.1875	3572.8125	3621	3911.25	4253.4375	3068.25	suelo_desnudo
518295	552425	1924	2178	2426	2941.875	3570.0625	3839.875	3918	4162.1875	4122.0625	3228.4375	suelo_desnudo
517615	556355	1760	1992	2324	2632.4375	3332.8125	3662	3866	4153.6875	4540.1875	3254.6875	suelo_desnudo
514175	553475	1650	1917	2104	2640.375	3394.875	3720.1875	3819	4154.125	4685.25	3261.125	suelo_desnudo
514575	554425	1770	2028	2264	2539.25	3418	3765.6875	3962	4217.6875	4368.5	3044.75	suelo_desnudo
509495	558695	1862	2160	2378	2872.4375	3700.375	4067.3125	4231	4529.625	5325.75	3804.9375	suelo_desnudo
514665	554595	2124	2486	2790	3210.9375	3735.75	3952.5	4112	4228	4546.9375	3580.25	suelo_desnudo
518255	552375	2042	2388	2742	3183.75	3791.3125	4067.625	4128	4378.4375	4462.9375	3449.9375	suelo_desnudo
510675	558925	1872	2394	2562	2950.6875	3507.4375	3756.25	3835	4063.0625	4589.1875	3449.625	suelo_desnudo
517105	558435	1392	1647	1525	2348.3125	3333.375	3751	4090	4069.625	3995.6875	2829.6875	suelo_desnudo
510955	560535	1653	1991	2078	2596.3125	3605.6875	3961.5	4196	4309.625	4367.125	3092.625	suelo_desnudo
517505	558735	1636	1864	2122	2530.875	3174	3490.8125	3312	3844.3125	4223.625	3112.3125	suelo_desnudo
511245	558735	1880	2114	2422	2835.8125	3419.5625	3729.5625	3689	4116.4375	5045.125	3746.5	suelo_desnudo
517315	558465	1733	1954	2192	2575.125	3252.1875	3548.25	3697	3925.5	4539.125	3254.8125	suelo_desnudo
515675	558885	1756	1962	2252	2687.125	2954.375	3188.4375	3230	3544.3125	4902.6875	3845.9375	suelo_desnudo
510275	562045	1590	1869	1907	2784.1875	3342.25	3591	3374	3873.875	4307.25	3280.125	suelo_desnudo
517345	559125	1932	2274	2676	3229.875	3631.25	3930.5625	4046	4311.5	5358	3983.5	suelo_desnudo
513375	554465	2002	2338	2730	2858.8125	3307.875	3519.25	3745	3882	4796.625	3689.25	suelo_desnudo
517415	558845	2268	2570	3104	3338	3549.9375	3809.3125	4028	4198.25	5508.4375	4377.3125	suelo_desnudo
518085	552775	1672	1896	2026	2614.75	3188.4375	3416	3336	3660.9375	3667.25	2849.75	suelo_desnudo
510555	558885	1856	2240	2544	3077.5625	3558.5	3840.25	3913	4193.1875	5157.875	3929.0625	suelo_desnudo
518225	552955	1807	2122	2304	2833.625	3710.5	4066.6875	4108	4484.625	4418.0625	3179.125	suelo_desnudo
517375	558775	2170	2536	3090	3328.0625	3672	3908.375	4121	4349.25	5444.5	4159.8125	suelo_desnudo
510565	559035	1840	2152	2534	3068.375	3557.6875	3802.9375	3808	4148.5	4954.0625	3767.0625	suelo_desnudo
514385	553955	1756	2008	2282	2780.8125	3262.8125	3518.75	3664	3936.875	5234.4375	3719.375	suelo_desnudo
510895	559815	1662	1974	2174	2773.3125	3506.6875	3811.75	3907	4230.75	4859.875	3388.4375	suelo_desnudo
515715	558845	1798	2048	2304	2670	3030.1875	3244.75	3323	3634.9375	4838	3773.5	suelo_desnudo
514675	554565	2334	2820	3040	3305.1875	3718.1875	3956.9375	4044	4141.25	4444.125	3531.6875	suelo_desnudo
511315	562005	1723	1964	2246	2622.625	3243.375	3565.3125	3686	4010.6875	4695.3125	3354.6875	suelo_desnudo
509985	562065	1885	2146	2394	2974.625	3554.0625	3840.1875	3945	4254.9375	5302.75	3903.125	suelo_desnudo
514245	553585	1703	1971	2138	2693.625	3346.75	3638.4375	3747	4055.6875	4775.5	3392.9375	suelo_desnudo
511135	558925	1844	2116	2490	3011.0625	3430.625	3691.25	3700	4050.5625	5210.8125	3955.75	suelo_desnudo
510805	560625	1689	1944	2160	2708.6875	3460.1875	3828.3125	3817	4255.6875	4603.1875	3282.9375	suelo_desnudo
514615	554625	1892	2194	2466	2805.5625	3355	3676.9375	3533	4012.875	4664.6875	3481.875	suelo_desnudo
509805	559295	1807	2150	2458	2883.625	3318.1875	3556	3623	3835.75	5290	4140.6875	suelo_desnudo
511355	558825	1736	2016	2170	2747.6875	3460.5	3788.5	3880	4147.1875	4909.25	3420.9375	suelo_desnudo
510915	559655	1712	2014	2306	2827.5625	3304	3584.3125	3641	3977.5	5116.4375	3661.875	suelo_desnudo
516785	556625	1623	1930	2050	2687.5	3308.875	3609.5	3729	4064.125	4566.875	3081.0625	suelo_desnudo
511045	561945	1773	2064	2450	2938.25	3309.25	3557.25	3630	3958.25	4883.125	3647.8125	suelo_desnudo
516805	558375	2112	2444	2930	3317.8125	3739.5625	4006.6875	4141	4416.1875	5060.875	3850.5	suelo_desnudo
511355	561985	1832	2086	2438	2842.625	3391.8125	3638.875	3774	4058.1875	4951.25	3622.625	suelo_desnudo
516905	558415	2164	2466	2780	3308.3125	3622.5	3835	3934	4139.75	4730.9375	3700.0625	suelo_desnudo
514165	553485	1650	1934	1983	2635.1875	3493.5	3842.5625	4050	4254.0625	4718.375	3244.4375	suelo_desnudo
515835	558505	1914	2170	2554	2969.8125	3349.125	3641.9375	3720	4025.6875	5377	4130.625	suelo_desnudo
511395	558935	1848	2086	2382	2825.9375	3312.25	3557.0625	3578	3858.5625	4701.4375	3555.3125	suelo_desnudo
517865	556485	1780	2054	2396	2968.625	3371.875	3665.375	3750	4131.3125	5320.1875	3849.3125	suelo_desnudo
509385	555845	1966	2254	2650	3385.125	4011.6875	4300.9375	4483	4777.3125	5533.8125	3973.5	suelo_desnudo
514085	554085	1794	2092	2452	2863.6875	3372.375	3666.4375	3712	4123.625	4902.0625	3681.5	suelo_desnudo
511645	560455	1836	2122	2414	2882	3556.3125	3900.25	3985	4323.4375	5182	3708.625	suelo_desnudo
510815	556935	1810	2054	2440	2863.8125	3250	3485.875	3654	3945.875	4951.1875	3626.625	suelo_desnudo
517545	558405	1644	1946	2076	2722.625	3488.3125	3781.3125	3922	4229.875	4955.4375	3491.4375	suelo_desnudo
511675	560075	2007	2266	2642	3085.3125	3533.0625	3824.4375	3917	4219.8125	5268.625	4120.6875	suelo_desnudo
516045	558595	1970	2308	2754	3131.75	3483.125	3732.4375	3915	4192.6875	5649.875	4386.125	suelo_desnudo
510745	559825	1857	2132	2494	2949.3125	3482.9375	3764.25	3884	4201.8125	5048.75	3670.25	suelo_desnudo
517775	556465	1737	1978	2306	2597.125	3147.1875	3430	3468	3860.125	4664.75	3293.875	suelo_desnudo
511825	560505	1921	2192	2510	3111.75	3723.8125	4050.5	4224	4476.6875	5396.8125	3945.125	suelo_desnudo
511015	559665	1824	2082	2400	2879.5625	3393.6875	3674.5625	3750	4093.9375	5153.5	3697.5625	suelo_desnudo
516055	558595	1974	2248	2682	3129.3125	3477.25	3726.5625	3941	4189.5625	5629.875	4368.8125	suelo_desnudo
509475	558685	1850	2146	2426	2899.3125	3733.3125	4116.4375	4258	4640	5390.25	3780.625	suelo_desnudo
514285	553495	1553	1727	1784	2185.0625	2704.5625	2920.875	2377	3113.75	3448.5625	2570.0625	suelo_desnudo
517565	558375	1665	1961	2106	2728.4375	3449.25	3737.9375	3827	4225.0625	4941.4375	3446.1875	suelo_desnudo
518015	552875	2056	2392	2912	3251.125	3566.8125	3826.625	3924	4223.25	5028.0625	4016.75	suelo_desnudo
515755	558905	1695	1952	2250	2673.125	3029.125	3287	3287	3642.6875	4866.5	3676.1875	suelo_desnudo
515565	558885	1672	1937	2128	2703.5	3358.4375	3650.6875	3672	4011.75	4863.375	3541.1875	suelo_desnudo
517745	556415	1679	1902	2186	2661.125	3137.6875	3419.5625	3553	3872.75	4723	3392.4375	suelo_desnudo
517295	558675	1730	2016	2306	2629.3125	3375.8125	3662.75	3842	4099.125	4586.625	3332.5625	suelo_desnudo
510015	562025	1628	1960	1946	2718.5	3658.6875	4038.4375	4006	4382.8125	4731.9375	3416.5625	suelo_desnudo
510615	562165	1665	1888	2194	2620.1875	3052.625	3334.3125	3468	3788.0625	4792.1875	3453.375	suelo_desnudo
514415	554325	1626	1844	1994	2428.625	3356.5625	3683.875	3900	4114.625	4334.5	2927.5	suelo_desnudo
511175	558945	2062	2418	2824	3322.1875	3704.875	3971	4044	4282.5	5306.5625	4239.375	suelo_desnudo
516045	558515	1766	2098	2382	2875.8125	3299.9375	3563.375	3698	4024.375	5230	3881.375	suelo_desnudo
517295	558635	1478	1737	1692	2454.9375	3318.125	3733.375	3881	4066.1875	4343.5625	3098.75	suelo_desnudo
510075	562025	1848	2154	2544	2889.625	3425.5	3752.25	4068	4239.5625	5203.6875	3842.3125	suelo_desnudo
514845	554315	1752	2050	2306	2951.5	3472.625	3780.8125	3802	4202.4375	5103	3787.5	suelo_desnudo
513265	554915	1708	1902	2144	2638.4375	3221.75	3523.875	3636	3893.25	4638.4375	3389.75	suelo_desnudo
515685	559175	1950	2222	2662	3108.125	3361.5625	3617.8125	3635	4018.9375	5379.0625	4180	suelo_desnudo
518065	556345	1666	1933	2174	2699.5	3188.3125	3462.4375	3630	3949.0625	4919.5625	3541.0625	suelo_desnudo
510725	560985	1508	1738	1831	2494.625	3334.375	3707.8125	3785	4075.1875	4326.6875	3065.125	suelo_desnudo
514255	553855	1808	2140	2438	2946.25	3615.625	3933.125	4164	4366.3125	5317.75	3874.3125	suelo_desnudo
511375	561955	2018	2418	2858	3171.5	3503.4375	3750.625	3820	4121.3125	5125.125	3904.9375	suelo_desnudo
516335	556205	1858	2104	2518	2832	3070.125	3298.0625	3394	3705.9375	5261.75	3930.8125	suelo_desnudo
516915	558485	1752	2023	2226	2955.75	3418.875	3639	3719	4014.75	4733.4375	3636.125	suelo_desnudo
510855	560715	1585	1850	2056	2498.8125	3160.25	3484.125	3612	3896.0625	4531.625	3184	suelo_desnudo
510985	560535	1664	2008	2094	2668.5	3498.4375	3825.75	3770	4161.125	4308.625	3145.6875	suelo_desnudo
510705	561025	1701	1963	2138	2666.1875	3454.5625	3784.0625	3886	4167.625	4527.8125	3293	suelo_desnudo
514095	553465	1648	1932	1866	2494.9375	3899.125	4340.4375	4665	4743.6875	4507.5	3049.6875	suelo_desnudo
509815	559175	1772	2136	2412	2863.625	3286.6875	3505.8125	3458	3765.875	5215.625	4054.6875	suelo_desnudo
513345	554655	1948	2244	2690	3097.75	3443.875	3710.5	3866	4118.5625	5500	4114.4375	suelo_desnudo
510985	559035	1886	2162	2510	3029.6875	3554.375	3855.6875	3942	4283.375	5063.1875	3731.1875	suelo_desnudo
511175	558705	1794	2056	2312	2794.5625	3322.9375	3581.3125	3708	3977.4375	5091	3673.875	suelo_desnudo
511145	558695	1746	2005	2300	2707.625	3221.1875	3501.125	3670	3897.375	5013.625	3577.875	suelo_desnudo
511125	558935	1938	2236	2592	3006.875	3428.875	3697.75	3788	4050.5625	5177.8125	3895.375	suelo_desnudo
511285	558755	1828	2104	2344	2774.25	3343.375	3630.5	3732	3991	5016.9375	3648.875	suelo_desnudo
510855	558655	1630	1826	1992	2657.4375	3268.25	3564.5625	3692	3969.6875	4872.75	3551.3125	suelo_desnudo
514195	553575	1720	1948	2162	2710.0625	3377.5	3676.8125	3715	4105.875	4797.875	3406.0625	suelo_desnudo
513315	554705	1902	2156	2592	3005.125	3382.625	3664	3834	4088	5332.8125	3989.4375	suelo_desnudo
514085	553465	1706	2010	2014	2576.1875	3886.3125	4327.5	4521	4734.75	4601.5625	3111.9375	suelo_desnudo
518145	552805	2000	2334	2676	3196.25	3575.75	3803.0625	3851	4095.5625	4418.25	3607.3125	suelo_desnudo
517265	558815	1764	2006	2284	2804.1875	3375.5625	3688.5	3691	4105.4375	4743.875	3483.5	suelo_desnudo
515975	558615	1812	2070	2454	2867.9375	3219.875	3518.0625	3602	3965.25	5548.8125	4281.8125	suelo_desnudo
509835	559265	1786	2116	2378	2795.625	3299.375	3551.6875	3697	3841.8125	5203.0625	3976.1875	suelo_desnudo
513425	554735	1912	2320	2578	2912.25	3342.625	3631.125	3693	3976.25	4628.0625	3490.625	suelo_desnudo
509745	559145	1758	2088	2236	2782.25	3372.8125	3662.9375	3731	3967.6875	5032.625	3771.25	suelo_desnudo
518185	552395	2126	2418	2724	3209.25	3602.5	3813.125	3736	4044.9375	4225.6875	3431.625	suelo_desnudo
511865	560465	2028	2352	2790	3312.5625	3677.1875	3944.25	4069	4401.1875	5674.125	4261.5	suelo_desnudo
515635	559085	1694	1956	2192	2649.6875	3134.875	3376.5	3426	3726.3125	4570.625	3359.75	suelo_desnudo
517815	556405	1874	2166	2562	2837.75	3326.8125	3637.75	3742	4076	4909	3577.5625	suelo_desnudo
514355	553975	1750	1992	2288	2740.75	3292.6875	3603.625	3718	3996.8125	5086.8125	3596.125	suelo_desnudo
518225	552785	1914	2216	2362	2924.6875	3498.8125	3699.1875	3767	3969	4064	3202.6875	suelo_desnudo
511095	561905	1766	2040	2438	2843.1875	3356.1875	3641.5	3763	4038.25	4756.6875	3385	suelo_desnudo
510735	560795	1512	1818	1830	2466.0625	3564.1875	3946.125	4059	4381.125	4214.4375	2865.3125	suelo_desnudo
510795	558665	1889	2288	2704	3103.6875	3542.75	3806.625	3922	4203.875	5198.375	4004.5	suelo_desnudo
513205	554735	1866	2132	2424	2799.6875	3244.5	3510.5625	3631	3956.5625	4917.125	3640.625	suelo_desnudo
513275	554595	1800	2084	2250	2814.5625	3358.125	3607.125	3540	3937.4375	4866.0625	3624.125	suelo_desnudo
513345	554715	1924	2218	2640	3076.3125	3507.875	3809.5	3979	4256.0625	5501.8125	4141.125	suelo_desnudo
514405	554485	1646	1876	2130	2554.75	3239.1875	3559.1875	3835	3998.875	4839.6875	3494.3125	suelo_desnudo
514465	554595	1786	2090	2358	2916.4375	3508.375	3808.8125	4025	4247.5625	5187.9375	3794	suelo_desnudo
518085	552795	1976	2252	2404	2810	3246.3125	3461	3184	3637.5	3719.5625	2964.5	suelo_desnudo
511155	561885	1723	2016	2318	2781.75	3245.6875	3556.8125	3668	3942.8125	4638.125	3403.625	suelo_desnudo
510755	560875	1698	1922	2200	2636.3125	3340	3663.5625	3726	4031.6875	4371.125	3162.1875	suelo_desnudo
516125	558535	1860	2134	2528	2969.4375	3373.375	3622.375	3678	4071.5625	5331.6875	4055.9375	suelo_desnudo
514745	554415	1636	1921	2076	2723.125	3361.375	3670.875	3773	4061.1875	4598.9375	3378.75	suelo_desnudo
513215	554805	2002	2308	2776	3216.125	3489.1875	3653.6875	3731	4040.1875	5421.9375	4196.9375	suelo_desnudo
514345	553615	1728	1949	2248	2701.5	3195.5625	3454.875	3597	3905.0625	4858.4375	3483.375	suelo_desnudo
513175	554605	1916	2262	2588	2950.25	3366.25	3588.5625	3742	3936.6875	4958.0625	3753.875	suelo_desnudo
515555	559055	1689	2009	2208	2710.1875	3267.8125	3517.4375	3599	3957.75	4747.9375	3477.9375	suelo_desnudo
517315	558815	1679	1903	2126	2784.6875	3404.8125	3702.25	3727	4149.5	4804.0625	3509.875	suelo_desnudo
511525	560355	1956	2240	2604	3041.875	3467.8125	3768.6875	3828	4188.0625	5329.5	4031.3125	suelo_desnudo
509765	559195	1828	2132	2414	2796.6875	3280.875	3536.625	3476	3770.5625	5064.0625	3896.5625	suelo_desnudo
510535	558935	1860	2178	2566	2941.375	3446.375	3721.75	3821	4082.375	5016.6875	3808.5625	suelo_desnudo
517545	558415	1665	1962	2104	2725	3471.3125	3762.875	3930	4209.9375	4958.3125	3492.9375	suelo_desnudo
517415	558535	1766	2038	2368	2792.5625	3317	3605.6875	3609	4070.5	4907.75	3635.625	suelo_desnudo
515675	558875	1766	2002	2300	2688.875	2939.625	3174.3125	3236	3528.4375	4868.5625	3824.8125	suelo_desnudo
514675	554535	2068	2432	2604	3188.9375	3604.9375	3823.8125	3574	4103	4658.625	3565.4375	suelo_desnudo
515675	559195	1926	2250	2584	3055.9375	3389.0625	3578.1875	3824	3993.75	5232.125	4066.125	suelo_desnudo
513295	554705	1788	1976	2322	2889.6875	3259.75	3533.125	3535	3922.3125	5164	3857.125	suelo_desnudo
511125	558745	1686	1954	2156	2624.5625	3182.4375	3438.9375	3530	3861.3125	4836.1875	3415.9375	suelo_desnudo
517725	556365	1780	2015	2360	2724	3134.4375	3420	3512	3836	4952.1875	3571.375	suelo_desnudo
514435	554625	1861	2144	2592	2984.125	3471.0625	3735.5	3906	4144.4375	5427.5625	3966.125	suelo_desnudo
509815	559185	1783	2116	2422	2868.875	3292.0625	3500.4375	3459	3753.625	5231.375	4077.5625	suelo_desnudo
516035	558355	1824	2064	2424	2700.1875	3399.375	3745	3811	4147.125	4986.3125	3755.3125	suelo_desnudo
510745	557055	1802	2074	2386	2795.25	3286.5	3559	3654	3969.625	4862.3125	3529	suelo_desnudo
514055	553255	1746	2034	2168	2714.1875	3546.25	3893.25	3918	4326.0625	4828.5	3508.3125	suelo_desnudo
510875	560705	1585	1848	1965	2421.6875	3271.1875	3600.1875	3690	4038.8125	4315.5	2968.6875	suelo_desnudo
514275	553545	1662	1926	2076	2531.375	3195.375	3468.5	3513	3862.375	4448	3181.5	suelo_desnudo
510705	561015	1640	1914	2090	2622.5625	3436.6875	3746.6875	3833	4119.375	4440.9375	3215	suelo_desnudo
513325	554785	1954	2262	2628	2955.9375	3266.1875	3518.6875	3699	3898.625	5302.5	4008.375	suelo_desnudo
514705	554455	1414	1620	1594	2360.375	3271.625	3562.1875	3669	4005.25	4086.9375	2859.125	suelo_desnudo
510105	562025	1796	2064	2376	2932	3509.875	3841.5	4000	4320.5625	5356.125	3882.0625	suelo_desnudo
509655	558665	1893	2246	2524	2987.875	3378	3605.3125	3676	3930.5625	5266.3125	4097.1875	suelo_desnudo
511665	560145	2016	2270	2656	3072.875	3520.8125	3782.75	3908	4201.3125	5327.3125	4143	suelo_desnudo
510375	562135	1901	2202	2516	2857.1875	3497	3844.375	3986	4295.625	4780.5625	3392.5625	suelo_desnudo
511095	558935	1938	2246	2548	3093.5	3512.3125	3752.3125	3788	4126.6875	5216.25	3961.375	suelo_desnudo
509355	555845	1950	2270	2590	3169.5	4016	4380.8125	4629	4831.125	5496.3125	3884.625	suelo_desnudo
511885	560475	2110	2434	3008	3388	3691.125	3963.5625	4132	4441.5	5740.125	4310.3125	suelo_desnudo
518055	552875	2166	2466	3004	3197.9375	3587.75	3867.5	3978	4213.9375	4698.8125	3763.4375	suelo_desnudo
515775	558905	1784	2040	2352	2682.75	3129.0625	3360.0625	3557	3749.125	4858.625	3663.5625	suelo_desnudo
514125	553485	1724	1996	2156	2668.6875	3704.0625	4061.9375	4108	4486.375	4914.125	3222.625	suelo_desnudo
517355	558935	1672	1944	2158	3000.0625	3468.75	3729.0625	3661	4168.375	5150.1875	3784.1875	suelo_desnudo
511635	560235	2028	2338	2698	3237.25	3641.6875	3953.125	4034	4323.0625	5389.125	4156.8125	suelo_desnudo
514435	554435	1681	1944	2236	2600.625	3206.6875	3499.4375	3536	3945.1875	4859.1875	3425.8125	suelo_desnudo
515585	559015	1751	2013	2258	2742.875	3157.5	3411.3125	3417	3771.4375	4830	3579.4375	suelo_desnudo
513435	554745	1860	2134	2458	2744.1875	3361.25	3655	3586	3994.5625	4514.9375	3344.25	suelo_desnudo
510625	558935	1655	1950	2136	2750.375	3402.5625	3669.25	3687	3990.875	4502.75	3347.5	suelo_desnudo
515595	558915	1756	1990	2306	2751.75	3158.6875	3382.625	3469	3794.25	5073.875	3809.8125	suelo_desnudo
518155	552655	2124	2444	2750	3017.9375	3524.1875	3773	3712	4061.125	4099.5625	3232.9375	suelo_desnudo
511185	559125	2013	2316	2768	3105.625	3403.25	3612.375	3604	3914.3125	4810.25	3849.6875	suelo_desnudo
514425	554605	1846	2080	2484	2871.1875	3375.6875	3665	3698	4079.25	5207.4375	3793.125	suelo_desnudo
517355	558685	2062	2364	2822	3233.6875	3501.4375	3743.0625	3914	4166.9375	5453.5	4302.75	suelo_desnudo
510835	558925	1672	1910	2214	2644.5625	3156.6875	3452	3555	3844.5625	4809	3523.625	suelo_desnudo
513195	554565	2032	2330	2666	2906.3125	3361.4375	3598.375	3814	3976.0625	4821.75	3634.5625	suelo_desnudo
515695	559025	1901	2120	2516	2891.8125	3224.5	3472.0625	3496	3879.25	5221.125	3965.3125	suelo_desnudo
511125	561895	1858	2170	2630	3047.875	3419.5	3658.9375	3732	4118.5625	4893.125	3654.1875	suelo_desnudo
513375	554505	1854	2120	2342	2586.8125	3015.5625	3217.625	3143	3472.4375	4174.875	3253.375	suelo_desnudo
510745	557065	1850	2094	2430	2803.75	3339	3633	3665	4013.375	4856.9375	3556.5	suelo_desnudo
510825	559765	1813	2054	2376	2853.75	3389.3125	3690.875	3809	4112.875	5029.125	3564.5625	suelo_desnudo
514455	554375	1498	1714	1808	2478.5	3201.375	3524.875	3756	3958.0625	4525.25	3176.75	suelo_desnudo
518245	552995	1858	2248	2444	3150.75	3828.5625	4127.875	4184	4490.4375	4700.375	3435.875	suelo_desnudo
516925	558485	1954	2238	2676	2995.75	3363.625	3573.5	3769	3978.25	4705.3125	3694.375	suelo_desnudo
515845	558645	1872	2160	2534	2971.875	3336.8125	3588.625	3657	3990.875	5377.5	4092.5625	suelo_desnudo
514505	554655	1574	1934	2098	2595.375	3388.875	3751.0625	3875	4181.8125	4659.4375	3339.375	suelo_desnudo
518165	552625	1565	1884	1860	2835.875	3473.5	3763.25	3554	4036.1875	4099.875	3215.3125	suelo_desnudo
517435	558425	1664	1938	2016	2761.5625	3506.1875	3803.8125	4197	4321.6875	4967.6875	3654.9375	suelo_desnudo
518025	556345	1761	1988	2356	2781.125	3168.0625	3437.375	3553	3903.8125	5183.1875	3754.25	suelo_desnudo
514175	553565	1622	1900	2076	2545.0625	3487.1875	3839.4375	4328	4258.375	4453.6875	3149.3125	suelo_desnudo
511575	560295	2154	2472	2974	3356.1875	3672.875	3922.25	4096	4331.375	5575.5625	4376.9375	suelo_desnudo
517485	556425	1676	2021	2118	2656	3401.375	3812	4007	4249.125	4571.8125	3176.5625	suelo_desnudo
514355	553835	1778	2004	2182	2439.625	3044.5625	3349.125	3470	3674.1875	3937.4375	3010.5	suelo_desnudo
517385	558735	2034	2340	2858	3367.0625	3647.0625	3906.8125	3944	4326.6875	5666.875	4371.375	suelo_desnudo
514165	554415	1838	2124	2478	2908.75	3314.125	3596.8125	3692	3997.3125	5478.75	4069.6875	suelo_desnudo
509445	558735	1513	1827	1750	2508.8125	3388.5	3783.3125	4296	4097.9375	4693.125	3326.6875	suelo_desnudo
514095	554195	1684	1880	2158	2610.4375	3258.0625	3507.3125	3496	3869.625	4716	3446.5	suelo_desnudo
518265	552765	1494	1799	1665	2650.8125	3571.5625	3894.3125	3842	4230.6875	3841.875	2849.6875	suelo_desnudo
515705	558705	1700	1938	2098	2575.125	3157.3125	3409.5625	3508	3773.4375	4640.625	3368.3125	suelo_desnudo
511285	558845	1826	2108	2432	2962.0625	3543.5	3844.125	3817	4252.5	5258.4375	3925.125	suelo_desnudo
514095	553435	1812	2064	2344	2712.25	3820.1875	4154.25	4097	4591.4375	4866.5625	3420.9375	suelo_desnudo
515885	558395	1581	1910	2028	2712.0625	3302.5625	3564.5	3685	3968	4909.9375	3738.6875	suelo_desnudo
511125	559055	1985	2334	2720	3267.5	3625.25	3866.125	3954	4184.6875	4891.8125	3887.3125	suelo_desnudo
515875	558595	1902	2186	2572	2916.1875	3318.9375	3568.8125	3647	3964.5625	5396.9375	4189.9375	suelo_desnudo
513035	554875	1646	1926	2106	2566.0625	3127.25	3379.75	3474	3772.1875	4273.8125	3067.5625	suelo_desnudo
517225	558705	1964	2208	2702	3208.8125	3586.5	3845.25	3929	4325.9375	5450.25	4073.0625	suelo_desnudo
517345	559055	1946	2220	2564	3309.8125	3611.125	3880.5625	3900	4343.75	5536	4218.4375	suelo_desnudo
510545	559065	1720	1938	2284	2678.875	3290.125	3577.875	3652	3987.1875	4894.1875	3585.5	suelo_desnudo
511365	561945	1892	2190	2628	3166.125	3482.6875	3726.125	3755	4088.75	5089.8125	3881.125	suelo_desnudo
516005	558465	1708	1980	2212	2663.5625	3214.9375	3518.8125	3496	3935.625	4892.9375	3602.5625	suelo_desnudo
513135	554785	1754	2024	2304	2772.4375	3200.5625	3431.875	3544	3822.3125	4760.5	3505.375	suelo_desnudo
517395	558695	1944	2238	2596	3094.375	3464.0625	3739.125	3872	4195.8125	5323.3125	4059.0625	suelo_desnudo
510685	560955	1562	1864	1938	2475.75	3403.9375	3765.1875	3910	4091.6875	4160.125	2947	suelo_desnudo
514475	554595	1898	2258	2638	2988.5625	3524.8125	3829.0625	3952	4249.5625	5263.1875	3898.9375	suelo_desnudo
514295	553875	1886	2160	2532	2981.0625	3445.375	3692.875	3752	4121.3125	5498.5625	4053.75	suelo_desnudo
510735	558925	1986	2318	2754	2867.75	3343.625	3632.25	3946	3937.875	4749.25	3627.125	suelo_desnudo
511445	558745	1832	2086	2322	2799.625	3296.5	3580.6875	3625	3946.875	5155.8125	3854	suelo_desnudo
509835	559225	1744	2074	2306	2761.6875	3341.75	3584.625	3734	3873.5625	5109	3860.5625	suelo_desnudo
517155	559065	2134	2444	2974	3274	3671.5625	3970.5625	4104	4422.375	5511.375	4229.1875	suelo_desnudo
515615	559005	1800	2066	2344	2742.4375	3141.125	3344.875	3434	3763.9375	4896.8125	3695.875	suelo_desnudo
517735	556345	1698	1949	2230	2693	3145.9375	3406.9375	3505	3829.375	4903.625	3496.5	suelo_desnudo
510875	558965	1684	1943	2174	2625.5625	3232.9375	3505.8125	3605	3894.25	4761.9375	3328.125	suelo_desnudo
509505	555875	1803	2098	2314	2854.0625	3503.875	3795.375	3868	4162.9375	4649.9375	3272.0625	suelo_desnudo
515795	558925	1674	1924	2124	2723.6875	3247.375	3487.75	3590	3847.9375	4885.4375	3668.9375	suelo_desnudo
514435	554465	1527	1782	1858	2643.1875	3391.375	3767	3766	4184.4375	4727.1875	3357.75	suelo_desnudo
518175	552495	1867	2218	2332	2919.75	3530	3798.6875	3622	4025.4375	3935.9375	3076.3125	suelo_desnudo
514065	553445	2054	2316	2642	3021.9375	3857	4238.125	4264	4685.5	5128.375	3737.6875	suelo_desnudo
515915	558635	1844	2114	2488	2928.5625	3287.375	3519.0625	3622	3947.625	5374.1875	4088.625	suelo_desnudo
516995	558525	2078	2394	2910	3286.9375	3514.0625	3774.375	3887	4164.1875	5345.875	4264	suelo_desnudo
514365	554005	1720	1955	2216	2641.5	3122.625	3392.625	3534	3798.25	4985.875	3540.125	suelo_desnudo
517175	558495	1760	1996	2190	2601.4375	3305.1875	3618.1875	3730	4004.4375	4536.6875	3420.5	suelo_desnudo
510735	558855	1888	2306	2678	3074	3543.5	3821.625	3886	4079.1875	4888.9375	3744.25	suelo_desnudo
510225	562045	1464	1766	1668	2577.0625	3434.125	3772.875	3824	4176.4375	4246.25	3053.375	suelo_desnudo
517695	556565	1709	1969	2276	2725.375	3123.8125	3380.375	3540	3855.0625	4931	3510.625	suelo_desnudo
511305	558955	2120	2488	2930	3331.9375	3701.75	3928.9375	3998	4256.1875	5284.6875	4227.6875	suelo_desnudo
517325	558885	1874	2120	2512	3041.6875	3372.875	3662.25	3710	4116.8125	5206.5	3843.9375	suelo_desnudo
511115	561865	1544	1874	2006	2552.9375	3392.75	3769.6875	3845	4152.9375	4302.25	3021.1875	suelo_desnudo
513315	554745	1983	2272	2760	3121.125	3451.0625	3703.75	3883	4127.625	5711.8125	4305.5625	suelo_desnudo
511415	558905	1536	1803	1858	2511.125	3161.75	3493.6875	3526	3841.5	4332.6875	3127.8125	suelo_desnudo
516725	556665	1625	1884	2074	2503.75	3157.25	3467.6875	3498	3850.3125	4398.75	3030.6875	suelo_desnudo
517635	556395	1732	2012	2314	2789.9375	3224.9375	3514.6875	3556	3896.3125	4832.3125	3533.5625	suelo_desnudo
516015	558475	1756	2026	2288	2645.5	3197.75	3474.8125	3548	3899.6875	4897.0625	3579.75	suelo_desnudo
510775	556985	1772	2002	2346	2825.5625	3265.6875	3538.875	3622	3939.8125	4815.25	3448.875	suelo_desnudo
518245	552935	1914	2240	2456	3025	3776.1875	4075.5625	4096	4469.75	4528.3125	3378.375	suelo_desnudo
517465	558455	1744	2020	2230	2784.25	3452.375	3763.25	3916	4238.75	5108.5625	3611.75	suelo_desnudo
510745	556885	1760	2034	2354	2747.8125	3170.8125	3461.125	3584	3887.1875	4820.5625	3522.9375	suelo_desnudo
514075	553995	1732	1978	2228	2583.25	3350.375	3698.5	3878	4185.125	4671.125	3252.4375	suelo_desnudo
511655	560085	2048	2312	2654	3118	3516.625	3813.6875	3908	4245.0625	5309.4375	4169.9375	suelo_desnudo
515565	559105	1553	1785	1853	2682.9375	3468.25	3774.125	3845	4187.6875	4708.9375	3500.0625	suelo_desnudo
516945	559275	1648	1936	2114	2669.25	3311.375	3615.75	3676	4031.4375	4730.4375	3402.1875	suelo_desnudo
514415	554505	1672	1872	2098	2490.6875	3188.625	3459.375	3420	3868.625	4597.8125	3252.25	suelo_desnudo
516965	558465	2158	2448	2924	3259.125	3514.3125	3706.25	3773	4068.9375	4775.3125	3890.5625	suelo_desnudo
516895	558395	2108	2454	2802	3230	3570.625	3766.75	3719	4013.75	4575.6875	3559.375	suelo_desnudo
515945	558455	1875	2120	2466	2781.5625	3189.25	3487.6875	3599	3901	5167.0625	3830.0625	suelo_desnudo
513155	554665	1821	2088	2508	2947.625	3279.6875	3538.3125	3656	3964.25	5460.4375	4035.4375	suelo_desnudo
510725	557035	1769	2030	2362	2759.5	3193.125	3476.625	3555	3921.4375	4878.3125	3529.375	suelo_desnudo
510795	558815	1713	2046	2372	2880	3362	3648.4375	3664	4059.625	5129	3907	suelo_desnudo
510775	558785	1892	2244	2638	3084.4375	3474.625	3727.6875	3907	4111.3125	5139.8125	4004.5	suelo_desnudo
514615	554655	1820	2138	2448	2723.625	3331.5625	3663.4375	3730	4050.6875	4661.625	3459.4375	suelo_desnudo
517255	559105	1986	2362	2832	3355.8125	3725.375	3986.1875	4051	4420.5625	5499.3125	4134.375	suelo_desnudo
513125	554855	1693	1952	2246	2642.3125	3131.5	3395.75	3495	3807.0625	4922.0625	3588.25	suelo_desnudo
514485	554285	1672	1978	2142	2578.8125	3371.625	3692.8125	3890	4147.6875	4618.4375	3181.5625	suelo_desnudo
510315	562095	1713	1960	2134	2821.125	3755.3125	4133.75	4083	4588.875	4957.1875	3393.75	suelo_desnudo
510795	558895	1758	2040	2348	2745.25	3209.6875	3498.25	3622	3891.4375	5081.9375	3816.875	suelo_desnudo
515545	559135	1794	2148	2534	2872.125	3451.25	3735.6875	3887	4162.125	4827.8125	3486.875	suelo_desnudo
511125	559115	2036	2438	2920	3182.8125	3574.125	3798.125	3745	4078.625	4852	3874.625	suelo_desnudo
513245	554535	2098	2406	2770	2967.75	3388.75	3629.875	3722	3950	4803.25	3691.5	suelo_desnudo
511405	558905	1726	1969	2132	2628.4375	3232.0625	3560.0625	3654	3886.375	4490	3270.5625	suelo_desnudo
510505	558755	1720	2028	2272	2873.0625	3465.6875	3726.1875	3786	4075.375	4713.875	3548	suelo_desnudo
509405	558725	1778	2028	2254	2712.8125	3313.3125	3598.8125	3735	3995.25	5092.25	3770.5	suelo_desnudo
515675	558965	1751	1974	2310	2734.3125	3119.9375	3317.5625	3386	3715.6875	4988.25	3804.8125	suelo_desnudo
513225	554665	2005	2282	2716	3022.25	3344.25	3586.625	3735	3951.25	5203.5625	3901.5625	suelo_desnudo
513355	554445	1813	2130	2360	2865.875	3359.75	3622.9375	3956	4002.125	4947.25	3768.5625	suelo_desnudo
511635	560255	2122	2436	2954	3326.9375	3645.375	3907.75	4021	4323.625	5489.4375	4333.4375	suelo_desnudo
515625	559205	2048	2328	2800	3112.125	3384.3125	3638.4375	3737	4038.3125	5389.8125	4223.625	suelo_desnudo
517165	558895	2044	2354	2840	3271.375	3640.5625	3919	4074	4364.9375	5450.875	4125.75	suelo_desnudo
515785	558885	1828	2090	2424	2766.125	3137.5625	3388.0625	3501	3759.75	5045.0625	3813.25	suelo_desnudo
510765	560925	1470	1726	1780	2488.75	3489.4375	3856.9375	3699	4246.625	4293.625	3033.3125	suelo_desnudo
517225	558485	1491	1694	1780	2391.3125	3219.375	3604.375	3567	3984.6875	4119.625	2984.8125	suelo_desnudo
514185	553605	1737	1996	2206	2722.625	3461.3125	3752.3125	3845	4156.4375	4919.125	3447.25	suelo_desnudo
510595	558915	1878	2142	2524	2845.25	3428	3769.5	3814	4166.9375	5064.5	3773.8125	suelo_desnudo
518115	552495	2048	2354	2616	3283.9375	3759.75	3981.0625	3712	4323	4704.5625	3685.1875	suelo_desnudo
517515	558385	1783	2044	2266	2791.5	3469.4375	3788.5625	3763	4221.125	5118.3125	3701.5	suelo_desnudo
513385	554345	1924	2246	2648	2983.0625	3347.6875	3667.0625	3768	4055	5143.0625	3942.625	suelo_desnudo
514035	553245	2066	2356	2832	3057.125	3563.5	3905.3125	4089	4382.75	5234.8125	3783.25	suelo_desnudo
510825	556915	1836	2092	2492	2847.5	3238.25	3505.5625	3639	3908.6875	4911.8125	3578.0625	suelo_desnudo
514685	554315	1539	1761	1886	2430.375	3266.0625	3593.4375	3613	4021.6875	4405.3125	3123.1875	suelo_desnudo
511015	559045	1926	2246	2534	3074.125	3619.9375	3860.375	3898	4174.4375	4829.25	3598.125	suelo_desnudo
518165	552365	2332	2708	2966	3250.6875	3584.8125	3721.0625	3736	3947.0625	4080	3380.625	suelo_desnudo
517885	556455	1716	1990	2220	2775.9375	3290.9375	3582.6875	3654	4021.375	5034.5625	3602.8125	suelo_desnudo
515835	558435	1966	2248	2630	3032.8125	3315.25	3526.9375	3653	3952.625	5385.1875	4230.5	suelo_desnudo
515935	558525	1772	2058	2306	2851	3397.8125	3665.375	3746	4085.1875	5075.5625	3768.75	suelo_desnudo
518195	552485	2284	2738	3110	3424.5	3754.0625	3898.3125	4082	4193.25	4510.875	3680.125	suelo_desnudo
517655	556545	1673	1926	2194	2626.25	3057.5	3322.75	3402	3773.5	4694.25	3327.1875	suelo_desnudo
515695	558895	1835	2086	2414	2680.8125	3018.8125	3235.9375	3359	3593	4912.375	3839.25	suelo_desnudo
514555	554695	1708	1955	2154	2453.5	3084.625	3418	3483	3720.5625	4084.375	2961.875	suelo_desnudo
510765	559615	1684	1942	2180	2725.25	3235.1875	3505.8125	3554	3915.5625	4932.0625	3582.25	suelo_desnudo
513195	554605	1806	2076	2348	2904.4375	3394.5	3632.5	3745	3969.5625	4838.375	3660.0625	suelo_desnudo
511545	560395	1905	2186	2578	2925	3363.5	3669.375	3833	4094.375	5247	3917.875	suelo_desnudo
510715	560855	1662	2016	2196	2689.625	3602.5625	3933.25	4039	4288.75	4450.0625	3198	suelo_desnudo
513195	554745	1754	1983	2300	2801.6875	3275.5	3505.5625	3678	3910.5625	4945.625	3661.125	suelo_desnudo
514025	553295	2014	2288	2710	2989.6875	3622	3997.25	4078	4420.1875	5002.4375	3658.625	suelo_desnudo
510905	559785	1772	2058	2294	2828.875	3493.75	3781.375	3898	4193.375	4920.0625	3443.9375	suelo_desnudo
514425	554675	1854	2088	2512	2882.625	3401.875	3683	3770	4104.375	5237.25	3876.875	suelo_desnudo
510835	558545	2016	2398	2734	3025.25	3615.5625	3914.5625	4082	4337.3125	4950.25	3687.9375	suelo_desnudo
514685	554545	2114	2408	2716	3101.4375	3590.9375	3844.3125	3972	4134.5	4557.125	3481.9375	suelo_desnudo
514025	553125	1684	1939	2122	2670	3552.125	3895.0625	3942	4264.3125	4406.375	3223.5625	suelo_desnudo
518305	552725	2050	2392	2690	3114.6875	3563.5625	3767.625	3833	4052.5625	4167.1875	3371.8125	suelo_desnudo
514135	553515	1724	1978	2178	2781.375	3648.8125	3937.3125	3970	4350.3125	5003.5	3454.375	suelo_desnudo
510885	560595	1710	2028	2252	2860.875	3663.75	3988.75	4143	4407.1875	4718	3448.875	suelo_desnudo
514675	554435	1744	2038	2238	2580.3125	3317.9375	3622.125	3878	3969.9375	4302.875	3097.875	suelo_desnudo
513155	554735	1897	2240	2556	3069.0625	3357.1875	3583.1875	3534	3924.875	5008.1875	3852.875	suelo_desnudo
510745	560895	1558	1844	1908	2564.6875	3437.75	3774.5625	3756	4092.1875	4293.625	3065.5625	suelo_desnudo
516145	558395	2066	2366	2842	3056.5625	3483.0625	3710.6875	3928	4181.6875	5422.25	4245.6875	suelo_desnudo
517025	558515	1992	2296	2826	3081.25	3436.5625	3706.625	3844	4143	5258.375	3977.6875	suelo_desnudo
518225	552445	1886	2214	2448	3077.3125	3519.0625	3734.3125	3627	3961.3125	4157.75	3356.75	suelo_desnudo
514265	553635	1473	1698	1706	2432.9375	3389.625	3753.375	3980	4143.9375	4172.8125	2979.6875	suelo_desnudo
514315	553865	1968	2268	2708	2952.875	3414.125	3723.375	4107	4132.375	5205.5625	3854.5625	suelo_desnudo
511565	560335	2064	2334	2830	3155.375	3516.8125	3761.5625	3957	4239.625	5522.4375	4185.9375	suelo_desnudo
517725	556315	1647	1864	2094	2602.5625	3090.625	3390.125	3468	3796.25	4763.9375	3343.0625	suelo_desnudo
511315	558705	1858	2098	2426	2809.0625	3211.875	3480.6875	3541	3844.8125	5201.1875	3928.1875	suelo_desnudo
515595	558945	1794	2004	2376	2801.625	3155.6875	3360.875	3459	3804.375	5151.875	3898.3125	suelo_desnudo
510805	559535	1744	2042	2332	2703.6875	3264.875	3547.75	3685	3992.8125	4893.3125	3435.6875	suelo_desnudo
513045	554665	1991	2262	2728	3098.0625	3348	3584.5	3710	3984.625	5349.125	4107.1875	suelo_desnudo
511655	560455	1858	2136	2434	2915	3576.125	3909.8125	3994	4333.625	5207.375	3743.75	suelo_desnudo
517175	558925	1936	2234	2638	3213.5625	3611.5	3900.375	4016	4345	5430.25	4087.4375	suelo_desnudo
511365	558685	1755	2016	2200	2728.8125	3273	3563.875	3684	3916.5	5053	3731.3125	suelo_desnudo
513415	554675	1838	2108	2482	2847.3125	3257.25	3510.0625	3599	3881.0625	5074.125	3772.25	suelo_desnudo
510785	560725	1622	1838	2072	2556.375	3250.125	3575.8125	3722	4050.1875	4611	3215	suelo_desnudo
509785	558685	1932	2240	2570	3014.8125	3478.75	3735.625	3765	4084.5	5303.5	3981.3125	suelo_desnudo
517615	558375	1670	1927	2140	2625.0625	3222.4375	3489.9375	3541	3914.1875	4736.6875	3401.625	suelo_desnudo
511555	560495	1935	2234	2642	2962.1875	3533.25	3842.0625	3887	4310.375	5314.5	3928.75	suelo_desnudo
509805	559285	1759	2100	2372	2839	3297	3534.375	3511	3810.5	5215.125	4044.875	suelo_desnudo
515795	558505	1943	2218	2604	2919.375	3381.5625	3633.125	3741	4038.6875	5239.25	4016.75	suelo_desnudo
511365	558915	1999	2322	2670	3091.25	3557.75	3812.1875	3874	4170.4375	5287.3125	4006.3125	suelo_desnudo
511555	560265	2222	2572	3070	3433.0625	3701.375	3957	4082	4351.4375	5443.875	4361.4375	suelo_desnudo
514725	554485	1820	2176	2418	2952.5625	3546.875	3804.1875	4111	4270.1875	5083.0625	3647.5	suelo_desnudo
514785	554365	1439	1698	1700	2366.25	3283.1875	3622.4375	3522	3990.0625	4310.75	3058.75	suelo_desnudo
514695	554645	1560	1804	1902	2864.5625	3493.1875	3803.4375	3849	4178.9375	4833.9375	3561	suelo_desnudo
517655	556405	1854	2094	2432	2869	3331	3589.375	3665	4006.125	4843.375	3641	suelo_desnudo
514285	553875	1906	2252	2590	2962.3125	3454.3125	3679.25	3872	4106.1875	5484.6875	4042	suelo_desnudo
517225	558855	2134	2420	2956	3335.6875	3754.375	4039.5	4120	4451.125	5313.8125	3986.5625	suelo_desnudo
511325	558815	1780	2098	2256	2725.1875	3413.8125	3709.0625	3830	4115.5	4934.625	3468.5	suelo_desnudo
509675	558655	1695	2023	2194	2780.0625	3368.8125	3619	3621	3940.9375	4932.9375	3802.4375	suelo_desnudo
514325	553455	1748	1962	2206	2685.5	3170.625	3421.3125	3458	3827	4754.125	3433.125	suelo_desnudo
510855	559725	1788	2080	2384	2900.4375	3424.875	3685.5	3796	4096.4375	5169.875	3697.875	suelo_desnudo
517235	558745	1982	2306	2760	3277.5625	3616.9375	3893.875	3951	4304.125	5448.5625	4150.4375	suelo_desnudo
517685	556405	1772	2019	2332	2758	3143.3125	3430.1875	3565	3799.3125	4775.5	3517.4375	suelo_desnudo
511415	558935	1929	2252	2582	2791.75	3282.6875	3531.5	3666	3843.5	4672.1875	3504.1875	suelo_desnudo
509435	558705	1794	2088	2296	2698.875	3502.625	3813.0625	3950	4233.8125	5070.75	3568.1875	suelo_desnudo
517385	558685	1920	2238	2650	3118.75	3457.9375	3737.0625	3841	4180.625	5380.5625	4107	suelo_desnudo
510525	558985	1816	2148	2460	2950.3125	3534.125	3805.1875	3843	4166.125	4768.25	3608	suelo_desnudo
517065	559245	1987	2276	2728	3232.5	3650.75	3916.5	4018	4374.9375	5450.5625	4078.9375	suelo_desnudo
510885	560675	1564	1808	1946	2449.9375	3324.625	3693.5	3685	4061.25	4441	3063.5625	suelo_desnudo
512985	554765	1710	1973	2252	2535.875	3036.8125	3315.9375	3352	3705.8125	4500.0625	3265.3125	suelo_desnudo
516805	556615	1656	1974	2224	2761.75	3247.1875	3538.25	3676	4010.9375	4667.3125	3222.125	suelo_desnudo
517555	558405	1691	2004	2110	2742.75	3452.0625	3739.6875	3876	4187.875	4975.875	3521.9375	suelo_desnudo
517005	559195	2022	2302	2758	3183.0625	3544.6875	3846.625	3963	4279.6875	5477.0625	4115	suelo_desnudo
510745	556925	1807	2082	2438	2824.375	3286.5625	3568.4375	3648	3974.6875	4869.5	3594.625	suelo_desnudo
514125	553455	1714	1978	2064	2558.25	3691.125	4103.5625	4272	4488.625	4762.25	3272.3125	suelo_desnudo
515615	559125	1922	2208	2584	2921.8125	3243.3125	3494.6875	3626	3849.6875	5083.75	3946.5625	suelo_desnudo
515885	558685	1820	2122	2398	2906	3427.25	3684.9375	3906	4111.625	5246.0625	3912.8125	suelo_desnudo
510895	560555	1601	1850	1966	2669.5	3585.6875	3942.5	3967	4266.875	4356.5625	3160.5625	suelo_desnudo
513215	554585	1744	1994	2226	2816.4375	3283.875	3558.5	3567	3936.375	4650.5	3477.5	suelo_desnudo
510715	562125	1601	1888	2056	2579.8125	3195.0625	3511.5	3744	3978.625	4558.125	3238.3125	suelo_desnudo
516375	556245	1834	2042	2462	2844.25	3062.4375	3326.3125	3400	3717	5303	3965.375	suelo_desnudo
511285	561975	1745	2018	2312	2830.8125	3372.75	3647.5	3811	4091.5	4885.3125	3537	suelo_desnudo
514605	554675	1648	1907	2068	2754.3125	3314.25	3581.625	4021	3956.625	4572	3347.8125	suelo_desnudo
511425	558855	1902	2186	2494	2853	3525.625	3814.4375	3952	4232.5	5154.625	3775.8125	suelo_desnudo
518145	552625	1956	2248	2524	2901.375	3438.9375	3754.625	3928	4054.75	4266.125	3286.9375	suelo_desnudo
510035	562175	2024	2338	2790	3206.6875	3545.3125	3791.125	3924	4166.8125	5317.625	4111.5625	suelo_desnudo
518295	552935	1830	2158	2302	3050.75	3602.5625	3803.375	3668	4117.375	4341.4375	3414.5625	suelo_desnudo
509325	555805	1696	2036	2080	2746.875	3682	4010.625	4152	4357.875	4654.0625	3310.25	suelo_desnudo
511055	560555	1930	2216	2510	2807.625	3546.8125	3859.3125	3754	4202.0625	4676.1875	3448.4375	suelo_desnudo
517995	552865	2056	2318	2820	3236.8125	3637.625	3894.25	3921	4278.8125	5061.25	4040.3125	suelo_desnudo
511375	558865	1890	2198	2472	2981.0625	3630.9375	3938.0625	4031	4341.25	5383.125	3874.25	suelo_desnudo
509915	559245	1638	1876	2076	2744.75	3524.875	3836.75	4082	4217.8125	5030.75	3705.8125	suelo_desnudo
514105	553375	1795	2058	2340	2850.75	3594.3125	3938.75	4008	4377.75	5052.5625	3605	suelo_desnudo
513285	554725	1766	1995	2390	2937.6875	3309.375	3572.25	3592	3992.3125	5256.3125	3914.375	suelo_desnudo
510085	562145	1975	2224	2590	3036.9375	3444.125	3693.5625	3788	4071.625	5125.0625	3844.3125	suelo_desnudo
510145	562105	1854	2152	2534	3002	3566.8125	3917.1875	4073	4386.8125	5287.875	3808.1875	suelo_desnudo
510555	558985	1927	2296	2642	3179.1875	3647.5	3912.0625	3912	4222.25	4949.6875	3854.375	suelo_desnudo
516765	556605	1636	1908	2076	2689.3125	3258.625	3546.5625	3607	4017.375	4557.875	3117.5625	suelo_desnudo
517095	559145	2076	2400	2958	3373.125	3715.75	3999.8125	4030	4443.5625	5599.5	4280.125	suelo_desnudo
513045	554775	1500	1764	1865	2371.6875	3182.0625	3551.9375	3964	3971.0625	4027	2958.375	suelo_desnudo
510195	562035	1539	1780	1984	2568.875	3188.6875	3494.25	3513	3903.625	4489.875	3247.75	suelo_desnudo
517115	558475	1910	2170	2666	3104.125	3431.9375	3720.5625	3842	4147.4375	5252.625	4017.1875	suelo_desnudo
510195	562095	1660	1916	2142	2632.5	3239	3515.9375	3502	3932.4375	4568.0625	3310.625	suelo_desnudo
516825	558365	1856	2160	2332	3158.5625	3669.5625	3967.3125	4145	4342.375	4712.9375	3542.6875	suelo_desnudo
511015	559645	1780	2070	2336	2911.125	3424.8125	3675.0625	3783	4113.125	5239.0625	3803.0625	suelo_desnudo
515585	559235	1994	2358	2786	2908.5625	3511.875	3812.5	3996	4242.5625	5014.75	3815.8125	suelo_desnudo
513135	554715	2062	2290	2882	3141.1875	3425.1875	3659.1875	3930	4086.3125	5515.5	4152.5	suelo_desnudo
511105	562015	1807	2110	2512	2869.9375	3552.625	3923.875	4260	4327.1875	4886.5	3506.8125	suelo_desnudo
514355	554025	1720	1959	2230	2670.875	3099.8125	3349.375	3438	3749.125	4997.4375	3564.875	suelo_desnudo
514465	554405	1687	1986	2166	2614.75	3217.6875	3545.0625	3656	3969.6875	4774.375	3368	suelo_desnudo
517995	556335	1744	2016	2408	2837.4375	3147.75	3429.9375	3575	3899.9375	5240.6875	3800.1875	suelo_desnudo
514815	554495	1661	1977	2064	2780.8125	3508.125	3805.75	4196	4228.375	4836.9375	3467.5625	suelo_desnudo
514645	554365	1628	1964	2072	2784.875	3507.375	3865.8125	3811	4262.625	4786.1875	3467.375	suelo_desnudo
518135	552465	1990	2292	2452	2883.375	3530.5	3815.375	3765	4036.4375	3906.125	3160	suelo_desnudo
510015	561825	1831	2108	2360	2817.8125	3322.4375	3600.4375	3684	4013.375	4952.75	3659.5	suelo_desnudo
509805	559165	1770	2100	2400	2849.375	3316.9375	3584.6875	3500	3847.5625	5172.5625	3990.375	suelo_desnudo
515685	558825	1746	1997	2274	2634.5625	3022.875	3218.125	3303	3576.875	4739.625	3683.125	suelo_desnudo
514365	554045	1684	1922	2188	2630	3043.5625	3284.9375	3364	3668.5	4950.5	3539.4375	suelo_desnudo
511415	558855	1855	2164	2370	2851.5	3523.375	3824.3125	3923	4235	5176.375	3771.4375	suelo_desnudo
517475	558765	1639	1913	2030	2607.5625	3405	3686.5625	3955	4098.5625	4519.125	3228.5625	suelo_desnudo
515635	559145	1703	2026	2286	2910.25	3304.0625	3527.5	3585	3916.75	5110.9375	3875.9375	suelo_desnudo
510795	557045	1741	2015	2322	2815.3125	3208.6875	3481.0625	3644	3876.5	4885.0625	3593.6875	suelo_desnudo
515725	559055	1700	1850	2078	2659.8125	3252	3561.0625	3543	3959.125	4747.3125	3520.1875	suelo_desnudo
509465	558725	1714	1938	2146	2640.125	3475	3787.75	3674	4195.5625	4893.3125	3451.625	suelo_desnudo
514705	554375	1646	1894	2088	2698.6875	3317.5	3672.25	3720	4044	4642.625	3356.125	suelo_desnudo
509745	559275	1766	2040	2302	2901.375	3607.5	3911.4375	3972	4273.1875	5103.0625	3729.8125	suelo_desnudo
509465	558615	1867	2170	2386	2964.9375	3778.5	4110	4315	4549.4375	5149.0625	3683.25	suelo_desnudo
514465	554575	1714	2094	2220	2771	3486.6875	3825.875	3791	4288.375	4921.625	3573.1875	suelo_desnudo
518045	552915	1966	2296	2578	3125.5	3597.4375	3854.375	3863	4240.5	4954.5625	3866.3125	suelo_desnudo
515645	559185	2020	2284	2752	3078.25	3342.125	3590.4375	3702	3977.5	5362.4375	4215.5	suelo_desnudo
516155	558435	1947	2226	2622	3018.375	3428.75	3687.5	3831	4118.3125	5367.375	4140.3125	suelo_desnudo
517325	558645	1928	2202	2610	2895.0625	3372.3125	3641.5625	3744	4015.6875	4919.1875	3800.6875	suelo_desnudo
510225	562185	1742	2084	2328	2923.75	3658.9375	3960.75	4097	4334.9375	4846.375	3455.125	suelo_desnudo
510065	562095	2032	2356	2854	3215.375	3630.5625	3937.3125	3886	4309.0625	5306.5	4056.5625	suelo_desnudo
509805	558665	1860	2180	2482	2953.3125	3431.9375	3679.1875	3678	4013.0625	5109.125	3808.1875	suelo_desnudo
514595	554685	1449	1683	1675	2436.3125	3064.75	3388.625	2882	3729.125	4091.5	2941.3125	suelo_desnudo
517735	556295	1680	1914	2172	2607.125	3080.9375	3391.25	3522	3820.875	4755	3353.0625	suelo_desnudo
513335	554645	1946	2260	2708	3096	3446.75	3680.5625	3790	4072.625	5529.8125	4138.0625	suelo_desnudo
514555	554715	1463	1784	1703	2437.8125	3182.125	3475.9375	3712	3812.0625	3853	2815.6875	suelo_desnudo
514305	554045	1764	1996	2262	2690.0625	3341.125	3624.9375	3776	4024.1875	4987.0625	3575.125	suelo_desnudo
514685	554525	2078	2412	2684	3022.125	3564.1875	3869.25	3862	4187.875	4751.3125	3554.625	suelo_desnudo
517745	556375	1673	1936	2200	2661.8125	3111	3389.8125	3498	3838.75	4856.25	3445.1875	suelo_desnudo
518065	552845	1930	2232	2460	2882.5625	3440.0625	3686.4375	3713	4017.375	4059.3125	3139.3125	suelo_desnudo
517345	559185	1995	2322	2784	3250.9375	3522.875	3765.875	3808	4142.5	5042	3890.75	suelo_desnudo
517035	558405	1654	1882	2030	2539.6875	3292.125	3620.6875	3730	4057.3125	4352.4375	3166.3125	suelo_desnudo
516805	556725	1607	1894	2058	2621.875	3243.875	3544.875	3700	4010.75	4444.9375	3017.625	suelo_desnudo
518175	552485	1866	2182	2316	3069.9375	3571.5	3798.75	3590	4031.75	4074.3125	3206.8125	suelo_desnudo
511035	561835	1650	1941	2196	2640.625	3397.625	3757.375	3812	4157.5625	4461.75	3114.625	suelo_desnudo
510975	558985	1687	1946	2096	2713.9375	3375.5	3634.25	3718	3988.6875	4583.5	3314.8125	suelo_desnudo
518075	552875	2166	2490	3042	3286.875	3650.0625	3939.625	4042	4291.375	4772.6875	3895.0625	suelo_desnudo
509425	555855	1996	2312	2686	3199	3759	4050.75	4094	4450.0625	5254.8125	3790.3125	suelo_desnudo
515815	558445	1871	2154	2468	2882.3125	3378.75	3663.125	3697	4054.0625	5149.3125	3914.9375	suelo_desnudo
517235	558575	1736	2032	2252	2763.0625	3527.6875	3837.5	3943	4267.8125	5026.875	3587.5625	suelo_desnudo
514295	553475	1730	2004	2196	2445.5	3135.25	3445.4375	3686	3720.5	4313.9375	3091.5	suelo_desnudo
517275	558505	1650	1985	2082	2611.125	3421.75	3743.9375	4045	4210.6875	4639.625	3320.8125	suelo_desnudo
518125	552625	1930	2250	2562	2993.25	3631	3918.3125	4084	4269.9375	4524.4375	3474.6875	suelo_desnudo
514285	554065	1774	2026	2300	2725.6875	3304.3125	3597.8125	3599	4022.0625	5026.0625	3617.8125	suelo_desnudo
517495	558775	1946	2246	2710	2959.1875	3390.5625	3701.25	3884	4204.375	5117	3830.625	suelo_desnudo
513105	554695	1776	2034	2424	2866.375	3159.6875	3391.0625	3501	3850.375	5355.3125	3962.125	suelo_desnudo
515935	558695	2108	2400	2876	3196.9375	3477.6875	3733.1875	3876	4123.5625	5634.9375	4467.125	suelo_desnudo
511235	559195	2254	2674	3178	3461.25	3706.5	3906.8125	3912	4127.0625	5161.6875	4268.3125	suelo_desnudo
513265	554705	1806	2074	2438	2933.6875	3296.875	3543	3631	3938.5	5127.125	3824.8125	suelo_desnudo
510755	560715	1601	1838	1960	2510.375	3275.8125	3609	3822	4079.6875	4405.75	3012.4375	suelo_desnudo
514415	554375	1623	1856	2144	2545.125	3165	3485.9375	3732	3940.1875	4758.5625	3347.875	suelo_desnudo
514335	554005	1773	2022	2278	2687.625	3303.375	3583.5	3706	3971.875	4934.3125	3535.25	suelo_desnudo
514045	553355	1964	2278	2686	3118.1875	3749.5	4069.5625	4124	4483.0625	5223.375	3868.0625	suelo_desnudo
514545	554645	1700	1982	2238	2726.1875	3490.9375	3861.0625	4024	4317.625	4928.25	3521.125	suelo_desnudo
518175	552675	1714	2070	2138	2843.375	3676.3125	4016.125	4096	4348.3125	4158.25	3142	suelo_desnudo
514455	554035	1700	1924	2196	2592.1875	3059.375	3287.3125	3476	3675.25	4946.5	3535.875	suelo_desnudo
514695	554365	1778	2064	2420	2783.6875	3414.125	3767.9375	3811	4141.9375	4866.0625	3475.3125	suelo_desnudo
511085	562125	1656	1946	2250	2641.0625	3201	3532.5	3637	3974.5	4700.5625	3263.25	suelo_desnudo
517565	556375	1704	1993	2276	2715.0625	3331.1875	3681.75	3689	4108.9375	4682.5	3367.375	suelo_desnudo
511235	558745	1937	2240	2604	2997.3125	3483.5625	3778.5625	3854	4124.4375	5110.125	3868.5	suelo_desnudo
511725	560415	2146	2432	2960	3298.75	3614.9375	3868.375	4011	4322.875	5560	4326.5625	suelo_desnudo
517975	556415	1713	1956	2240	2715.6875	3133.5	3416.875	3488	3847.8125	4980.8125	3576.8125	suelo_desnudo
518175	552365	2066	2360	2550	3146.375	3550.8125	3703	3735	3959.0625	3986.75	3273.4375	suelo_desnudo
513355	554795	1916	2204	2582	2975.0625	3295.9375	3515.75	3552	3848.75	4874.9375	3734	suelo_desnudo
517285	559055	2144	2446	2926	3369.5	3700.9375	4000.375	4121	4434.625	5655.0625	4260.1875	suelo_desnudo
517205	558565	1544	1820	1822	2499.8125	3311.4375	3611.25	3841	4044.125	4478.6875	3184	suelo_desnudo
509325	555795	1722	2026	2154	2815.625	3679	3930.375	3940	4337.625	4832.6875	3418.25	suelo_desnudo
515665	558965	1728	1968	2252	2686.5625	3051.25	3229.5	3276	3625.875	4956.0625	3764.5	suelo_desnudo
515505	559185	1781	2088	2492	2972.6875	3261.125	3515.3125	3563	3939.5	5150.6875	3825.125	suelo_desnudo
510685	558935	1902	2150	2566	2865.5	3460.3125	3737.75	3962	4131.4375	4739.5625	3549.375	suelo_desnudo
511705	560525	1968	2268	2710	3190.4375	3676.6875	3982.25	4112	4442.3125	5550.9375	4087.25	suelo_desnudo
511665	560355	2102	2386	2898	3280.9375	3519.5	3769.3125	3884	4203.75	5445.8125	4247.75	suelo_desnudo
510155	562005	1821	2134	2388	2897.9375	3548.5	3871.1875	4043	4326.375	5036.5625	3685.1875	suelo_desnudo
510505	558965	1736	2082	2340	2989.6875	3583.125	3864.3125	3848	4098.9375	4592.25	3468.9375	suelo_desnudo
514715	554365	1645	1906	2130	2605.9375	3311.0625	3665.8125	3473	4061.375	4646.1875	3348.3125	suelo_desnudo
514265	554095	1762	1996	2282	2610.6875	3273.125	3609.5	3580	3983.625	4756.375	3439.1875	suelo_desnudo
514245	553975	1822	2088	2438	2795.5	3416.8125	3710	3736	4149.4375	5113	3677	suelo_desnudo
510745	562175	1678	1934	2246	2885.9375	3290.5625	3571.3125	3632	4021.4375	5009.6875	3730.625	suelo_desnudo
513255	554595	1869	2160	2396	2938.75	3473.3125	3702.6875	3793	4081.5	4938.875	3717	suelo_desnudo
511065	559715	1880	2142	2516	2944.3125	3348.875	3607.875	3712	4001.5	5213.625	3852.25	suelo_desnudo
517115	558435	1550	1814	1888	2468.25	3343.75	3715.625	3922	4082.9375	4165.75	3005	suelo_desnudo
511675	560155	1966	2300	2622	3049	3521.375	3797.4375	3900	4217.125	5284.625	4068.5625	suelo_desnudo
511845	560485	1960	2272	2686	3228.8125	3667.4375	4009.75	4050	4407.125	5538.125	4103.375	suelo_desnudo
514375	553665	1822	2054	2400	2697.5	3214.375	3487.9375	3562	3890.375	4723.8125	3384.125	suelo_desnudo
518015	552895	1850	2124	2442	3129.0625	3521.875	3822.0625	3687	4197.8125	5023.9375	3974.9375	suelo_desnudo
510125	562135	1786	2108	2322	2874.25	3539.6875	3822.125	3932	4261.625	5131.8125	3674.3125	suelo_desnudo
517455	558585	1658	1922	2114	2681.75	3209.1875	3475	3614	3891	4757.0625	3460.875	suelo_desnudo
514515	554595	1719	2036	2208	2788.625	3423.25	3747.125	3691	4154.9375	4935.3125	3678.6875	suelo_desnudo
510815	560665	1618	1858	2038	2442.625	3323.8125	3666.75	3589	4092.375	4377.375	2996.75	suelo_desnudo
510995	560585	1687	1940	2178	2707.375	3442.9375	3789.1875	3810	4185.625	4664.5	3367.6875	suelo_desnudo
511055	561895	1791	2080	2476	3016.875	3479.9375	3742	3822	4174.375	5017.625	3638.375	suelo_desnudo
510515	558935	1730	2050	2304	2864.1875	3473.375	3733.4375	3822	4064.6875	4824.25	3622.8125	suelo_desnudo
512975	554705	1642	1934	2122	2641.375	3250.625	3518.8125	3578	3890.75	4444.4375	3264.0625	suelo_desnudo
510865	558975	1684	1942	2180	2668.6875	3306.625	3586.125	3678	3969.25	4764.6875	3350.625	suelo_desnudo
510855	560685	1444	1740	1760	2374.6875	3245.8125	3587.9375	3700	4009.9375	4210.3125	2879.25	suelo_desnudo
510795	560645	1595	1836	1958	2542.75	3373.1875	3753.875	3832	4161.0625	4481.75	3119.125	suelo_desnudo
510855	558985	1772	2034	2252	2686.6875	3348.625	3659.125	3799	4036.75	4662.6875	3285.625	suelo_desnudo
510795	556975	1689	1954	2282	2798.125	3204.625	3485.3125	3523	3856.8125	4812.25	3450.0625	suelo_desnudo
509355	555815	1764	2096	2220	3077.625	3879.125	4246.5625	4167	4677.1875	5234.9375	3680.0625	suelo_desnudo
515865	558805	1741	2010	2318	2723.3125	3149.5625	3392.125	3474	3776.1875	5060.75	3725.3125	suelo_desnudo
509485	558745	1681	1960	2142	2666.625	3317.75	3586.5	3622	3999.3125	4940.125	3556.25	suelo_desnudo
516135	558515	1585	1902	1926	2869.625	3522.3125	3819.875	4133	4269.5	5093.5625	3861.3125	suelo_desnudo
517055	558415	1472	1656	1766	2204.25	3109.1875	3469.9375	3475	3932.5	3916.75	2799.6875	suelo_desnudo
509825	559305	1836	2188	2434	2921.875	3459.5	3715.25	3869	4044.8125	5384.75	4152.9375	suelo_desnudo
516045	558545	1783	2094	2394	2904.5	3374.9375	3603.3125	3675	4035.25	5306.875	3961.25	suelo_desnudo
514005	553195	1748	1993	2272	2831.375	3627.3125	3934.375	3983	4299.5	4797.25	3472.625	suelo_desnudo
510505	562145	1585	1910	1950	2589.8125	3320.625	3653.4375	3698	3985	4426.6875	3134.5	suelo_desnudo
509435	555885	1852	2186	2430	2942.875	3557.5	3815.25	3849	4188.4375	4768.1875	3423.3125	suelo_desnudo
514125	554035	1492	1767	1844	2361.375	3416	3827.4375	4284	4222.0625	4034.375	2912.375	suelo_desnudo
517455	558515	1886	2118	2510	2840.0625	3343.6875	3622.875	3686	4052.5625	5076.9375	3684.1875	suelo_desnudo
516925	558475	1766	2136	2382	3027.75	3351.375	3580	3527	3950.25	4670.9375	3666.125	suelo_desnudo
517165	558945	1946	2260	2670	3268.625	3633.9375	3896.4375	3961	4337.75	5600.9375	4235.9375	suelo_desnudo
509415	555855	2032	2378	2786	3289	3843.5	4129.25	4277	4541.6875	5355.9375	3863.9375	suelo_desnudo
511225	562145	1792	2112	2440	2682.375	3280	3645.9375	3934	4117.375	4666.8125	3390.6875	suelo_desnudo
514445	554545	1564	1794	2001	2563.75	3262.375	3570.25	3344	4025.3125	4520.625	3215.5625	suelo_desnudo
518185	552775	1884	2216	2478	2952.625	3576.25	3838.75	3938	4204.9375	4282.6875	3353.3125	suelo_desnudo
514545	554535	1586	1806	1906	2704.75	3573.1875	3890.5	4018	4306.375	4682	3349.9375	suelo_desnudo
510735	562145	1771	2032	2448	2814.875	3286.9375	3560	3656	4000.6875	4867.875	3555.6875	suelo_desnudo
517145	558985	2054	2384	2908	3329.0625	3635.0625	3893.25	3997	4336.5	5690.25	4340.1875	suelo_desnudo
513395	554695	1780	2048	2378	2818.5	3257.5625	3509.375	3692	3918.625	4998.4375	3693.5625	suelo_desnudo
518285	552425	1866	2162	2326	3005.6875	3581	3850.8125	3908	4172.4375	4194.3125	3270.375	suelo_desnudo
511165	559165	1787	2064	2354	2943.625	3378.1875	3621.9375	3578	4005.75	5251.5625	4004.625	suelo_desnudo
516985	559125	1744	2014	2248	2696.625	3382.1875	3720.1875	3840	4146.125	4908.875	3506.125	suelo_desnudo
515885	558545	1946	2196	2566	2885.5	3361.8125	3661.875	3773	4073.75	5346.75	4015.4375	suelo_desnudo
514775	554555	1511	1735	1774	2568	3373.4375	3716.125	3742	4195.0625	4461.75	3127.25	suelo_desnudo
515495	559205	1810	2106	2526	2968	3325.3125	3584.5	3683	4000.3125	5097.4375	3799.375	suelo_desnudo
515795	558765	1766	2026	2318	2704.1875	3067.75	3303.4375	3446	3677.1875	4978.4375	3748.875	suelo_desnudo
518115	552945	1930	2234	2544	3050.5	3626.25	3905.0625	4074	4306	4956.1875	3777.4375	suelo_desnudo
509775	559165	1684	2015	2124	2817.125	3371.6875	3631	3656	3934.9375	5068.3125	3869.25	suelo_desnudo
517345	558675	2010	2348	2852	3158.25	3466	3702.6875	3819	4121.9375	5337.125	4183.5625	suelo_desnudo
515885	558655	1758	2007	2290	2923.25	3355.4375	3596.25	3692	4025.75	5315.0625	4009.375	suelo_desnudo
510765	560645	1594	1844	2038	2510.5	3310.4375	3719.1875	3842	4148.1875	4403	3082.6875	suelo_desnudo
509325	555755	1938	2258	2592	3061.5625	3683.3125	3980.625	4044	4410.1875	5364.375	3872.1875	suelo_desnudo
511515	560335	2002	2264	2704	3199.25	3578.3125	3863.1875	3899	4228.9375	5393.1875	4139.8125	suelo_desnudo
514125	553445	1694	1936	2062	2600.6875	3667.4375	4067	4153	4460.375	4794	3360.25	suelo_desnudo
516925	558515	1929	2236	2620	3134.625	3482.875	3760.3125	3925	4140.0625	5104.75	3942.3125	suelo_desnudo
510805	556925	1838	2102	2482	2873	3254.625	3501.6875	3696	3941.1875	4960.375	3655.0625	suelo_desnudo
515765	558915	1714	1988	2290	2672.875	3087.875	3306.6875	3306	3688.5625	4820.5625	3624.4375	suelo_desnudo
510895	559625	1784	2074	2452	2807.125	3265.875	3542.125	3640	3954.25	5068.375	3644.25	suelo_desnudo
514305	553455	1810	2078	2400	2714.9375	3219.4375	3514.875	3642	3893.125	4808.3125	3516.6875	suelo_desnudo
511425	558915	1656	1924	2106	2624.3125	3261.6875	3565.8125	3680	3951.4375	4441.5625	3245.5	suelo_desnudo
511125	558825	1716	1994	2104	2671.5625	3584.75	3936.125	4045	4348.5625	4664.75	3228.5	suelo_desnudo
517375	558605	1890	2192	2610	3003.4375	3290.5	3567.1875	3610	3958.5	5244.8125	3987.625	suelo_desnudo
515685	559095	1834	2116	2488	2799.1875	3384	3662.5	3968	4071.1875	5009.4375	3758.5625	suelo_desnudo
513275	554765	1929	2216	2712	3092.1875	3363.75	3625.875	3709	4056.375	5562.875	4210.6875	suelo_desnudo
517965	556375	1737	2036	2338	2816.5	3223.6875	3479.625	3599	3927.125	5165.875	3738.4375	suelo_desnudo
514355	553635	1773	2054	2332	2697.25	3241.5	3525.9375	3622	3922	4818.3125	3496.4375	suelo_desnudo
511065	559125	1597	1874	2010	2853	3430.3125	3681.5	3676	3993.8125	4624.3125	3462.125	suelo_desnudo
515765	558825	1756	1966	2312	2661.375	2978.9375	3204.6875	3292	3601.6875	5002.5	3774.375	suelo_desnudo
517035	559195	1966	2298	2764	3267.375	3635.875	3927.875	4028	4375	5567.5	4171.6875	suelo_desnudo
514295	554055	1834	2042	2386	2757.6875	3353.375	3639.3125	3635	4047.25	5063.4375	3647.5625	suelo_desnudo
510175	562145	1390	1730	1578	2362.3125	3583.3125	4088.6875	4573	4458.9375	3955.3125	2717.5	suelo_desnudo
518295	552435	1767	2186	2312	2858	3560.1875	3827.6875	3849	4142.75	4040.8125	3132.8125	suelo_desnudo
511845	560495	2028	2360	2814	3253	3700.75	4039.3125	4075	4437.1875	5567.3125	4114.6875	suelo_desnudo
513265	554655	1937	2254	2660	3038.125	3377.25	3645.9375	3806	4039.125	5128.4375	3868.9375	suelo_desnudo
515875	558695	1769	2088	2332	2874.75	3406.75	3708.875	3810	4122.5	5222.6875	3894.3125	suelo_desnudo
509795	559145	1835	2194	2446	2841.375	3430.875	3712.3125	3744	4002.25	5177.8125	3904.375	suelo_desnudo
511045	562015	1750	2014	2362	2503.875	2912.6875	3155.875	3270	3514.9375	3857.0625	2979	suelo_desnudo
516865	558455	2028	2334	2628	3210.25	3666.375	3940.5	4093	4289.125	4797.125	3697.0625	suelo_desnudo
511355	561905	1899	2208	2668	3065.4375	3466.75	3718.75	3783	4096.6875	4877.625	3692	suelo_desnudo
513145	554625	1922	2180	2664	3051.0625	3335.0625	3609.125	3656	3933.5625	5210.5	4016.9375	suelo_desnudo
510955	559805	1762	2058	2352	2778.625	3405.25	3723.75	3810	4136.75	4986.1875	3516	suelo_desnudo
515785	558585	1853	2074	2486	2993.625	3262.9375	3499.5625	3534	3923.6875	5594.8125	4427.125	suelo_desnudo
511015	558935	1790	2052	2328	2879.5625	3428.375	3698.875	3820	4081.1875	4968.625	3664.875	suelo_desnudo
514375	553965	1745	2036	2332	2778.8125	3273.3125	3546.75	3698	3958.875	5171.9375	3666.375	suelo_desnudo
514025	553235	1948	2310	2656	3124	3599.375	3911.6875	4108	4346.5625	5264.625	3871.875	suelo_desnudo
510135	561975	1910	2188	2510	3023.5	3632.375	3935.5	4132	4382.5625	5086.375	3752.25	suelo_desnudo
513255	554985	1996	2290	2744	3066.75	3461.375	3724.1875	3932	4048.625	4902.625	3734	suelo_desnudo
518255	552755	1773	2020	2124	2605.8125	3602.0625	3912.8125	4116	4199.6875	3780.875	2848.6875	suelo_desnudo
511165	561895	1753	2058	2354	2764.6875	3232.5625	3565.75	3625	3943.4375	4594	3404.5	suelo_desnudo
514055	554045	1388	1532	1598	2184.875	3255.375	3676.75	3525	4140.875	3914.6875	2716.625	suelo_desnudo
509965	561985	1830	2100	2386	2866.1875	3479.375	3723.9375	3868	4155.25	5103.0625	3714.625	suelo_desnudo
511045	561825	1455	1723	1676	2440.9375	3264.4375	3671.5	3812	4026.9375	4211.125	2906	suelo_desnudo
511105	561905	1802	2100	2518	2954.0625	3408.5625	3704.5	3718	4066.75	4821.5625	3511.5	suelo_desnudo
516835	556545	2044	2362	2752	2972.5625	3323.5	3590.5625	3650	3985.75	4627.125	3449	suelo_desnudo
515945	558685	2086	2376	2836	3190.9375	3451.625	3704.5	3788	4077.875	5609.9375	4473.375	suelo_desnudo
517245	558525	1691	1998	2140	2796.8125	3629.0625	3960.5625	4224	4399.625	5109.625	3610.9375	suelo_desnudo
510665	558955	1750	2007	2296	2797	3376.4375	3717.8125	3774	4123.1875	4736.5625	3524.5625	suelo_desnudo
510295	562125	1819	2086	2378	2791.625	3548.75	3884	4021	4410.5	4951.625	3478.4375	suelo_desnudo
509565	558705	1780	2088	2414	2824.5	3459.625	3811.375	3949	4274.25	5076.625	3533.75	suelo_desnudo
514585	554335	1714	1998	2258	2605.375	3378.25	3679.25	3856	4127.125	4722.25	3286.375	suelo_desnudo
514025	553275	1816	2132	2354	2849.625	3579.875	3979.3125	4201	4361.75	4980.625	3578.125	suelo_desnudo
511335	558815	1684	1958	2112	2701.75	3423.75	3708.625	3856	4106	4896.5	3422.4375	suelo_desnudo
514595	554575	1938	2244	2594	3112.3125	3682.6875	3969.3125	3946	4383.375	5217.6875	3863.4375	suelo_desnudo
514585	554465	1442	1713	1575	2327.6875	3739.9375	4349.1875	4584	4722.3125	4043.25	2809.0625	suelo_desnudo
514175	554195	1754	2068	2416	2515.875	3390.1875	3764	3784	4166.5	4370.6875	3182.9375	suelo_desnudo
513385	554405	1912	2130	2500	2868.8125	3346.125	3613.1875	3689	3984.9375	4937.4375	3762.625	suelo_desnudo
509855	559205	1681	1977	2072	2736.875	3393.875	3704.25	3868	4084.25	4998.25	3683.375	suelo_desnudo
511415	558645	1948	2182	2476	2782	3271.1875	3509.6875	3636	3888.5	5071.4375	3837.375	suelo_desnudo
510015	561845	1689	1982	2144	2874.5	3436.875	3687.3125	3719	4132.125	5045.5625	3667.6875	suelo_desnudo
515505	559145	1982	2274	2770	3094.5	3373.1875	3653.5	3822	4076.875	5330.5	4061.75	suelo_desnudo
517205	558545	1648	1898	2012	2572.9375	3324.9375	3613.625	3427	4010.4375	4622.5625	3326.0625	suelo_desnudo
518075	552775	1626	1856	1974	2697.75	3249.8125	3497	3598	3794.8125	3854.75	2956.75	suelo_desnudo
515615	559155	1932	2208	2652	3027.0625	3332.1875	3574.125	3618	3981.625	5324	4170.125	suelo_desnudo
518065	552825	2052	2370	2670	3016.75	3381.5	3612.6875	3877	3856	4051.9375	3270.75	suelo_desnudo
518295	552725	2076	2396	2780	3182.5625	3569.6875	3753.375	3771	4028.6875	4211.5625	3441.4375	suelo_desnudo
513375	554495	1678	1877	2048	2538.9375	2973.1875	3153.875	2950	3423.3125	4152.125	3230.125	suelo_desnudo
517395	558545	1764	2002	2300	2865.9375	3229.8125	3515.5625	3476	3910.125	5051.8125	3775	suelo_desnudo
511825	560455	1932	2274	2690	3174.25	3594.125	3871.625	3974	4279.25	5462.25	4078.25	suelo_desnudo
514525	554635	1606	1926	2096	2683.1875	3491.875	3832.9375	3975	4337.4375	4845.25	3414.5625	suelo_desnudo
518175	552455	2336	2712	3034	3448.5	3741.75	3990.1875	3898	4181.5625	4430	3589.6875	suelo_desnudo
510905	559025	1936	2260	2546	2890	3389.6875	3649.9375	3857	3968.625	4715.375	3481.125	suelo_desnudo
512955	554765	1662	1882	2114	2534.1875	3107.6875	3384.9375	3522	3780.625	4462.9375	3240.5625	suelo_desnudo
517185	558865	1732	1968	2106	2562.9375	3301.1875	3584.125	3714	3975.8125	4338	3153.9375	suelo_desnudo
517605	558395	1688	1946	2180	2660.125	3235.8125	3550.625	3670	3949.5	4790.5	3406.25	suelo_desnudo
517085	558445	1519	1772	1798	2316.1875	3172.375	3556.5625	3657	3891.0625	3922.375	2884.8125	suelo_desnudo
517835	556485	1870	2124	2506	2917.8125	3478.1875	3801.3125	3765	4310.5625	5067.8125	3675.875	suelo_desnudo
514265	553895	1778	2054	2372	2884.75	3426.6875	3777.75	4020	4173.4375	5229.75	3807.4375	suelo_desnudo
514305	554105	1718	1939	2174	2624.375	3201.0625	3482.5625	3513	3869	4869.75	3476.1875	suelo_desnudo
517425	558655	1914	2244	2698	3087.5	3383.6875	3612.4375	3684	4028.75	5406.0625	4196	suelo_desnudo
513025	554675	1898	2170	2648	3016.6875	3283.8125	3534.6875	3610	3961	5359.875	4088	suelo_desnudo
515815	558585	1985	2290	2722	3126.125	3402.5625	3645.3125	3823	4059.875	5708.4375	4464.875	suelo_desnudo
513115	554695	1818	2066	2476	2902.125	3190.375	3421.5	3601	3880.5	5399.75	3989.5	suelo_desnudo
511385	558905	1962	2276	2590	2962.4375	3524.0625	3828.875	3956	4158.875	4992.3125	3712.8125	suelo_desnudo
510995	562165	1570	1852	2084	2599.0625	2995.4375	3280.8125	3389	3752.1875	4765.1875	3291.6875	suelo_desnudo
510755	560905	1591	1894	2012	2542.375	3448.9375	3793.6875	3861	4145.125	4263.3125	3040.3125	suelo_desnudo
515525	559205	1816	2060	2520	3010.1875	3328.875	3597.0625	3599	4002.9375	5157.625	3864.625	suelo_desnudo
514325	553925	1690	1928	2206	2741.875	3204.125	3440.375	3514	3852.5	5064.3125	3693.4375	suelo_desnudo
510755	559785	1758	2044	2300	2855.0625	3390.4375	3679.375	3791	4089.625	4982.6875	3591.5	suelo_desnudo
514205	553545	1773	2086	2218	2695.25	3526.875	3891.3125	4046	4198.9375	4588.0625	3303.8125	suelo_desnudo
517325	559125	1926	2326	2672	3274.1875	3665.125	3975.4375	4100	4393.4375	5292.5	3955.125	suelo_desnudo
515745	558745	1672	1916	2098	2603.625	3140.0625	3394.125	3503	3758.25	4721.75	3417.8125	suelo_desnudo
515755	558775	1687	1927	2204	2628.25	3040.0625	3266.0625	3359	3694	4860.0625	3566.3125	suelo_desnudo
510885	556945	1800	2046	2342	2867.6875	3350.6875	3639.375	3801	4043.4375	4927.6875	3700.875	suelo_desnudo
517195	558435	1705	1970	2124	2530.6875	3296.1875	3653	3705	4018.3125	4157	3020.8125	suelo_desnudo
514285	553925	1816	2040	2404	2833.5625	3227.3125	3476	3496	3857.8125	5263.9375	3863.125	suelo_desnudo
514605	554425	1493	1719	1806	2327.9375	3316.5625	3690.5	3680	4112.125	3960.875	2775.5	suelo_desnudo
511225	559165	2182	2616	3008	3461.9375	3627.125	3785.75	3699	3999.25	4928.875	4206.3125	suelo_desnudo
516025	558345	1742	1980	2274	2740.4375	3251.0625	3574	3546	3993.625	5125.875	3897.125	suelo_desnudo
517775	556405	1344	1466	1451	2127.375	3187.5	3644.5	3678	3993.4375	3964.875	2730.1875	suelo_desnudo
513135	554655	1850	2138	2554	2968.5	3272.1875	3518.75	3575	3930.1875	5392.625	4022.0625	suelo_desnudo
515795	558525	2016	2326	2782	2976	3357.6875	3604.125	3719	4026.9375	5382.0625	4144.4375	suelo_desnudo
511025	561885	1795	2074	2484	2908.125	3374.5	3650.0625	3667	4060	4763.1875	3473.375	suelo_desnudo
517975	556405	1740	1976	2294	2741.1875	3163.875	3445.5	3568	3884.625	5023.25	3619.3125	suelo_desnudo
514145	554315	1686	1914	2134	2635.625	3260.5	3563.5	3544	4040.625	4894.9375	3543.3125	suelo_desnudo
518255	552805	1746	2100	2200	3008.125	3549.5625	3808.1875	3823	4081.5625	4116.75	3225	suelo_desnudo
513245	554645	1922	2232	2588	3038.25	3376.375	3573.9375	3611	3942.875	5070.9375	3871.125	suelo_desnudo
514665	554525	2124	2444	2754	3136.3125	3660.875	3902.9375	3912	4234	4749.5	3573.6875	suelo_desnudo
511745	560505	1768	2020	2294	2909.5	3500.25	3803.3125	3801	4211	5207.625	3828.25	suelo_desnudo
518185	552555	2044	2442	2786	2957.1875	3688.625	4002.125	4185	4383.1875	4450.0625	3383.25	suelo_desnudo
514205	553745	1936	2236	2646	2995.5	3534.5625	3850.9375	4030	4250.5625	5100.75	3782	suelo_desnudo
514525	554675	1814	2050	2434	2717.125	3377.625	3743.1875	3844	4208.3125	4892.875	3494.8125	suelo_desnudo
510935	559615	1769	2052	2338	2825.9375	3367.9375	3633.625	3770	4039.3125	5122.875	3656.3125	suelo_desnudo
514235	553605	1691	1992	2194	2656.625	3299.8125	3576.4375	3688	3993.5	4737.5625	3362.9375	suelo_desnudo
510245	562175	1700	2054	2186	2840.4375	3705.4375	4029.5	4112	4366.1875	4735.8125	3314.125	suelo_desnudo
518085	556365	1678	1930	2180	2654.9375	3171.6875	3469.8125	3453	3905.25	4906.3125	3496.25	suelo_desnudo
516945	559175	1670	1906	2152	2605.8125	3194.25	3477.3125	3532	3866.75	4831.8125	3498.4375	suelo_desnudo
515575	559245	2082	2346	2836	3162.0625	3472.875	3749.5	3883	4160.5625	5432.75	4259.8125	suelo_desnudo
513215	554695	1810	2118	2500	2928.875	3296.9375	3546.3125	3669	3899.6875	4992.5625	3762.5	suelo_desnudo
514055	554225	1543	1816	1861	2496.75	3344.625	3617.0625	3863	4007.0625	4631.375	3323.875	suelo_desnudo
511185	562005	1918	2216	2722	3044.1875	3397.8125	3664.5625	3804	4088.0625	5273.6875	3863.375	suelo_desnudo
510675	561115	1611	1910	2114	2599.625	3321	3651.75	3909	4084.875	4623.9375	3215.75	suelo_desnudo
515915	558665	1860	2160	2554	2986.5	3346.25	3576.8125	3650	3988.3125	5408.125	4173.75	suelo_desnudo
510655	558895	1775	2086	2260	2864.1875	3459.3125	3772.4375	3721	4059.5	4718.75	3505.1875	suelo_desnudo
517105	558445	1518	1824	1791	2525.4375	3345.625	3736.5	3931	4062.875	4214.0625	3102.0625	suelo_desnudo
514345	553675	1930	2148	2504	2799.25	3397.3125	3712.25	3910	4096.25	4811.1875	3532.5625	suelo_desnudo
510815	559735	1742	2028	2278	2855.4375	3402.375	3692	3814	4134.6875	5060.8125	3606.6875	suelo_desnudo
514155	553455	1634	1910	2132	2747.625	3499	3822.9375	4023	4255.5	4812.0625	3330.875	suelo_desnudo
513185	554615	1949	2250	2576	2995.3125	3436.875	3677.0625	3775	4010.625	4929.0625	3747.3125	suelo_desnudo
511285	562025	1835	2102	2524	2845.6875	3202.1875	3490.625	3601	3889.125	5038.5625	3737.75	suelo_desnudo
515525	559075	1666	1962	2094	2691.8125	3392.5	3692.9375	3792	4068.25	4698.25	3470.6875	suelo_desnudo
515535	559205	1913	2202	2700	3044.5625	3389.875	3666.4375	3702	4062.6875	5196.6875	3934.3125	suelo_desnudo
514085	553415	1581	1937	1955	2868.75	3834.375	4259.875	4682	4708.5	4894.5625	3509.125	suelo_desnudo
511715	560455	1892	2222	2642	3112.875	3524.75	3825.0625	3922	4235.5625	5459.3125	4066.375	suelo_desnudo
514555	554515	1962	2272	2568	2936	3611.6875	3883.75	4078	4277.375	4830.0625	3527.75	suelo_desnudo
514195	554005	1836	2054	2384	2599.875	3317.25	3652	3744	4037.1875	4364.5625	3160.8125	suelo_desnudo
514725	554415	1754	2032	2210	2754.5	3400.3125	3643.625	3846	3994.125	4518.75	3295	suelo_desnudo
514835	554355	1556	1799	1881	2683.5625	3450.9375	3799.8125	3865	4218.0625	4703.8125	3387.25	suelo_desnudo
516045	558375	1735	2016	2262	2723.6875	3450.4375	3779.0625	3786	4189.0625	5137.25	3825.5	suelo_desnudo
511655	560355	2036	2320	2792	3196.8125	3501.5	3778.4375	3825	4186.75	5448.4375	4202.25	suelo_desnudo
517035	559155	2040	2344	2852	3274.4375	3577.3125	3853.375	3979	4298.75	5617.0625	4263.9375	suelo_desnudo
518015	552845	1598	1917	1976	2854.5625	3575.6875	3907.125	3972	4283	4313.8125	3336.875	suelo_desnudo
510935	560505	1604	1884	1922	2516.6875	3568.5625	3965.625	4010	4344.4375	4449.1875	3085.25	suelo_desnudo
517535	558435	1680	1966	2096	2708.875	3440.0625	3737.75	3856	4164.25	4941.0625	3456.25	suelo_desnudo
517285	558755	1920	2238	2630	3101.8125	3594.9375	3860.375	3954	4352.375	5363.25	3963.5	suelo_desnudo
517245	559085	2044	2400	2920	3176.375	3632.3125	3936.1875	4010	4361.75	5191.625	3908.5	suelo_desnudo
510545	562155	1676	1944	2194	2621.75	3124.1875	3429.125	3400	3825.375	4640.875	3344.5625	suelo_desnudo
509985	562075	1892	2226	2498	2962.8125	3576.6875	3853.1875	4056	4271.6875	5299.625	3906.6875	suelo_desnudo
514395	554325	1601	1845	1993	2343.125	3296.125	3643.0625	3539	4043.5	4232.3125	2904.9375	suelo_desnudo
514395	553975	1774	1976	2282	2698.0625	3147.9375	3374.0625	3512	3797.1875	5054.1875	3613.75	suelo_desnudo
510215	562185	1781	2110	2384	2998.75	3639.3125	3923.25	4007	4330.3125	4943.125	3572.375	suelo_desnudo
514085	554285	1768	2074	2228	2725.625	3255.5	3533.8125	3623	3881.25	4857.5625	3679.25	suelo_desnudo
509595	558715	1842	2186	2544	2876.625	3391.4375	3676.25	3868	4106.5625	5032.6875	3609.5	suelo_desnudo
517035	559165	2056	2346	2886	3325.3125	3622.4375	3902.125	3972	4336.25	5667.1875	4305.8125	suelo_desnudo
509475	558715	1838	2122	2318	2828.6875	3616.875	3964.125	4099	4401.6875	5138.875	3652.375	suelo_desnudo
517325	558775	1628	1872	2056	2744	3351.4375	3629	3619	4079.0625	4894.8125	3555	suelo_desnudo
514145	554025	1640	1854	2112	2456.5	3396.875	3816.25	3624	4152.5625	4290.1875	3024	suelo_desnudo
511345	561965	1850	2190	2604	2988.25	3417.25	3654.3125	3705	4043.5625	5026.625	3738.25	suelo_desnudo
517515	558365	1713	2001	2162	2721.875	3471.6875	3762.6875	3865	4211.4375	4993.1875	3550.125	suelo_desnudo
510805	558735	1886	2220	2598	3035.9375	3470.625	3756.625	3833	4079.9375	5143.125	3978.5625	suelo_desnudo
510015	562095	1916	2182	2570	3135.4375	3640.3125	3940	4039	4418.8125	5519.25	4083.6875	suelo_desnudo
510545	558855	1846	2122	2522	2972.25	3397.75	3690.8125	3721	4051.4375	5227.125	4008.625	suelo_desnudo
509265	555765	1968	2248	2580	3215.9375	3789	4086.0625	4156	4474.125	5413.5625	3951.875	suelo_desnudo
510765	560605	1426	1700	1630	2418	3515	3918	4101	4243.5625	4070.5	2821.25	suelo_desnudo
514515	554665	1764	2064	2396	2668.4375	3436.75	3803.25	4039	4297.125	4839.4375	3462.625	suelo_desnudo
510085	561825	1858	2096	2406	2789.625	3411.8125	3707.0625	3929	4085	4771.1875	3518	suelo_desnudo
510805	562155	1602	1894	2016	2591.4375	3377	3738.8125	3853	4182.0625	4419.3125	3182.3125	suelo_desnudo
517055	559055	1696	2013	2158	2735.125	3774.5625	4112	4235	4615.3125	4819.75	3359.75	suelo_desnudo
517845	556415	1742	2050	2322	2854.125	3328.0625	3620.4375	3702	4044.4375	5017	3656.3125	suelo_desnudo
517815	556435	1704	1966	2266	2744.75	3242.0625	3526.375	3518	3965.6875	4849.8125	3466.8125	suelo_desnudo
511615	560315	2020	2284	2764	3242.0625	3589.0625	3876.1875	3957	4252.125	5667	4356.4375	suelo_desnudo
518135	552575	2200	2594	3148	3534.75	3881.125	4169.3125	4376	4592.5	5414.6875	4168.375	suelo_desnudo
517515	558485	1761	2028	2224	2787.625	3432.25	3741.75	3772	4193.875	5052.375	3622.0625	suelo_desnudo
517195	559045	1952	2296	2674	3023.5	3520.4375	3831.375	3990	4243	5018.1875	3751.125	suelo_desnudo
514635	554655	1642	1993	2104	2668.25	3392.375	3732.8125	4008	4092.125	4591.125	3444.1875	suelo_desnudo
514295	553645	1854	2126	2416	2835.8125	3417.875	3662.75	3730	4080.125	4831.1875	3524.5625	suelo_desnudo
510835	556965	1814	2102	2462	2886	3304.125	3564.1875	3709	3972.3125	4986.5625	3664.6875	suelo_desnudo
514255	553985	1608	1850	2034	2761.0625	3428.3125	3750.25	3786	4213.375	5020.375	3598	suelo_desnudo
513185	554695	1978	2284	2682	3002.125	3315.25	3548.5	3633	3930.1875	5172.25	3898.3125	suelo_desnudo
517855	556495	1796	2082	2404	2991.6875	3379.125	3665.625	3774	4139.25	5331.6875	3856.75	suelo_desnudo
510315	562165	1771	2136	2432	2993.4375	3923.625	4349.4375	4603	4786.8125	4675.125	3206.625	suelo_desnudo
517145	558875	2016	2350	2864	3254	3572.3125	3844.625	3929	4239.9375	5454.5625	4194.5625	suelo_desnudo
514195	553455	1751	2100	2258	2674.4375	3300.625	3552.9375	3689	3980.3125	4688.3125	3325.8125	suelo_desnudo
514815	554305	1948	2196	2630	2774.8125	3433.375	3766.8125	3909	4175.9375	4754.0625	3449.625	suelo_desnudo
511105	560545	1746	2010	2310	2745.4375	3460.125	3835.1875	3901	4246.75	4800.3125	3495.3125	suelo_desnudo
511125	560535	1746	2005	2266	2770	3498.8125	3823.375	3880	4201.375	4737.0625	3446.4375	suelo_desnudo
513225	554675	1964	2234	2692	2993.5	3319.5	3577.9375	3668	3913.25	5128	3849.75	suelo_desnudo
518135	552435	2332	2700	3042	2981.625	3539.875	3675.125	3725	3887.5625	3950.375	3210.8125	suelo_desnudo
511235	561895	1885	2284	2674	2833	3373.0625	3652.9375	3771	4020.1875	4637.75	3422.1875	suelo_desnudo
509955	562005	1846	2140	2412	2794.4375	3450.625	3743.8125	3836	4152.375	4989.6875	3586.1875	suelo_desnudo
514685	554495	1666	1950	2094	2981.8125	3568.6875	3860.25	4045	4298.125	5032.1875	3620.625	suelo_desnudo
514325	553685	1808	2124	2298	2833.875	3370.0625	3631.875	3766	4001.5	4685	3508.9375	suelo_desnudo
510825	559805	1630	1880	2008	2600.125	3343.125	3649.625	3795	4082.375	4498.625	3069.125	suelo_desnudo
518265	552535	2384	2716	3044	3366.8125	3641.8125	3795.5625	3896	3982.6875	4316	3628.5	suelo_desnudo
513095	554835	1678	1940	2212	2673.75	3107.5625	3359.625	3468	3736.0625	4736.5625	3460.4375	suelo_desnudo
511335	558795	1742	2010	2140	2705.1875	3479.8125	3816.375	3788	4198.625	4854.125	3383.4375	suelo_desnudo
511645	560315	2148	2474	2996	3307.3125	3606.5	3868.5	4063	4288.5	5576.0625	4351.5625	suelo_desnudo
510995	559715	1847	2078	2420	2863	3333.375	3600.125	3722	3995.1875	5103.375	3661.8125	suelo_desnudo
513135	554815	1528	1819	1888	2640.5625	3216.3125	3522.625	3710	3910.4375	4784.1875	3429.875	suelo_desnudo
513045	554825	1742	1944	2206	2656.0625	3255.8125	3533.875	3832	3873.25	4341.3125	3229.5	suelo_desnudo
510785	560785	1558	1826	1898	2528.875	3451	3799.25	4022	4169.0625	4291.75	2962	suelo_desnudo
510825	556925	1796	2050	2462	2861	3240.75	3492.6875	3631	3916.5625	4925.9375	3596.6875	suelo_desnudo
514485	554575	1864	2162	2492	2914.625	3486.3125	3791.8125	3889	4256.75	5155.5	3768	suelo_desnudo
516835	558355	1780	2054	2362	2963.25	3586.9375	3887	3955	4239.625	4513.0625	3423.6875	suelo_desnudo
514065	554085	1941	2166	2586	2884.4375	3403.3125	3688.125	3720	4066	4755.5625	3645.0625	suelo_desnudo
515635	559175	2148	2426	2930	3152.25	3422.125	3676.4375	3824	4048	5425.4375	4310	suelo_desnudo
512885	554745	2011	2336	2774	3118.6875	3389.125	3610.6875	3569	3870.0625	4599.0625	3622.0625	suelo_desnudo
510555	559055	1694	1954	2216	2735.5	3311.9375	3594.1875	3673	4018.75	4908.5	3623.6875	suelo_desnudo
510865	559865	1860	2170	2532	3140.75	3664.1875	3969.625	4112	4431.25	5526.25	4003.125	suelo_desnudo
510565	558985	2166	2696	3186	3307.5625	3702.5	3945.1875	4027	4182.25	4894.5625	3855.625	suelo_desnudo
513175	554665	1832	2116	2516	2986.9375	3350.6875	3604.5625	3751	4041.9375	5446.4375	4030.25	suelo_desnudo
510835	560675	1513	1772	1792	2408.0625	3327.6875	3694	3911	4133.9375	4270.125	2916.375	suelo_desnudo
511595	560245	2106	2440	2914	3347.9375	3661	3918.125	4011	4312.5625	5472.8125	4306.5625	suelo_desnudo
511675	560125	2098	2382	2840	3188.4375	3585.125	3851.5625	3965	4253.3125	5387.625	4212.4375	suelo_desnudo
515525	558935	1597	1844	2012	2533.3125	3150.25	3421.5625	3532	3809.75	4436.9375	3132.875	suelo_desnudo
515535	559155	1864	2160	2614	3044.5625	3429.375	3674.1875	3744	4119.8125	5132.625	3866.1875	suelo_desnudo
517025	559185	1999	2262	2716	3278.75	3610.75	3893.8125	3970	4345.25	5601.125	4214.625	suelo_desnudo
517295	559155	2106	2426	2682	3106.3125	3571.4375	3792.0625	3790	4125.5	4541.3125	3464.6875	suelo_desnudo
514315	553825	1664	1898	2154	2573.875	3207.625	3457.0625	3644	3828.25	4478.375	3323.125	suelo_desnudo
509985	561935	1803	2094	2364	2928.5	3545.5	3827.9375	3900	4231.3125	5173.125	3815.625	suelo_desnudo
511625	560135	2030	2310	2754	3144.6875	3527.5	3773.125	3856	4163.5625	5224.875	4082.75	suelo_desnudo
515945	558575	1650	1932	2140	2665.0625	3237.5625	3493.25	3565	3935.6875	5113.4375	3723.9375	suelo_desnudo
511035	561925	1807	2132	2490	2919	3311.5625	3598.1875	3695	3989.25	4825.3125	3554	suelo_desnudo
511425	558785	1800	2094	2252	2745.6875	3434.1875	3726.375	3812	4092.75	5049.8125	3619.5	suelo_desnudo
510935	560535	1606	1894	2024	2558.0625	3555.875	3897.25	3945	4213.375	4341.75	3061.8125	suelo_desnudo
513235	554645	1998	2286	2746	3087.25	3408.125	3613.3125	3732	3997.625	5223.3125	3978.375	suelo_desnudo
514135	554325	1616	1896	2068	2656.625	3217	3486	3623	3929.625	5007.9375	3676.3125	suelo_desnudo
515845	558785	1628	1866	1988	2599.8125	3210.625	3490.1875	3662	3913.4375	4766.5625	3468.375	suelo_desnudo
517075	558445	1558	1786	1821	2364.5625	3125.125	3454.6875	3466	3834.6875	4088.625	2989.9375	suelo_desnudo
511105	561875	1730	2002	2278	2611.125	3381	3730.375	3952	4114.5625	4356.75	3085.875	suelo_desnudo
511445	558895	1582	1852	1810	2497.75	3394.5	3806.1875	3872	4177.875	4442.25	3158.5625	suelo_desnudo
517155	558415	1362	1516	1499	2221.9375	3045	3473.1875	3554	3777.3125	3788.25	2739.875	suelo_desnudo
514385	554605	2001	2274	2660	2983.1875	3462	3733.625	3802	4132.0625	5267.25	3969.8125	suelo_desnudo
517915	556385	1796	2019	2396	2746	3109	3398.125	3476	3853.75	5027.4375	3673.25	suelo_desnudo
511285	558805	1830	2130	2296	2855.125	3461.625	3772	3924	4137.6875	5021.375	3707.375	suelo_desnudo
514455	554295	1658	1940	2096	2644.125	3359.4375	3689.8125	3832	4137.75	4744.5	3301.25	suelo_desnudo
513405	554755	1672	1894	2148	2790.3125	3366.5625	3672.4375	3547	4009.125	4642.6875	3504.1875	suelo_desnudo
511295	558845	2013	2346	2672	3008.6875	3593.625	3911.5625	4052	4294.5625	5246.4375	3936.125	suelo_desnudo
516335	556285	1796	2026	2422	2739.625	3116.375	3400.5	3431	3803.875	4964.625	3629.0625	suelo_desnudo
518065	556405	1813	2070	2404	2764.3125	3290.5	3597.5625	3750	4072.1875	5014.125	3629.0625	suelo_desnudo
511135	558935	1880	2208	2544	3043.8125	3483.1875	3754.6875	3785	4084.875	5187	3938.8125	suelo_desnudo
514395	554635	1901	2170	2536	2979.4375	3510.375	3782.875	3886	4190.375	5184.125	3858.25	suelo_desnudo
518265	552585	2194	2486	2912	3261.9375	3618.8125	3808.5625	3800	4109.9375	4394.9375	3626.9375	suelo_desnudo
517255	558495	1661	1932	2058	2597.0625	3410.125	3735.875	3743	4089.9375	4480.5625	3255.8125	suelo_desnudo
515825	558455	1902	2172	2560	2985.375	3369.625	3622.6875	3680	4024.875	5300.1875	4077.3125	suelo_desnudo
514055	553195	1978	2260	2608	2614.375	3473.0625	3852	3987	4140.875	4351.1875	3212.375	suelo_desnudo
514145	554085	1881	2154	2584	2838.0625	3354.875	3652.8125	3864	4081	4768.5	3610.1875	suelo_desnudo
516725	556655	1640	1907	2114	2614.25	3138.25	3412.5625	3522	3869.9375	4502.75	3126.0625	suelo_desnudo
511075	558875	1714	1962	2212	2680	3226.75	3484.375	3530	3853.375	4872.5	3532.75	suelo_desnudo
514355	553945	1826	2114	2462	2924.4375	3354.125	3608.25	3746	4047.0625	5301.375	3849.125	suelo_desnudo
511075	559105	1802	2116	2408	2789.4375	3390.5	3654.875	3568	4027.625	4645.1875	3432.75	suelo_desnudo
514765	554465	1792	2042	2312	2837.875	3476.8125	3792.25	3940	4190.3125	5024	3589.625	suelo_desnudo
511115	558985	1861	2158	2452	3012.8125	3575.6875	3850.125	3875	4168.25	4919.9375	3732.125	suelo_desnudo
515875	558715	1612	1844	2058	2742.6875	3291.375	3594.3125	3491	4037.6875	5074.5625	3866	suelo_desnudo
514275	553485	1722	2010	2232	2496.875	2972.5	3252.5625	3484	3537.25	4197.4375	3014.75	suelo_desnudo
513205	554685	1864	2114	2510	2941.125	3315.4375	3561	3642	3935.4375	5101.625	3827.75	suelo_desnudo
514245	554145	1625	1914	2082	2630.5	3477.3125	3821.5625	3700	4231.875	4616.0625	3358.8125	suelo_desnudo
517795	556335	1633	1896	2082	2638	3133.375	3435.5	3564	3865.8125	4747.625	3389.6875	suelo_desnudo
517185	559075	1954	2296	2614	2993.625	3538.1875	3812.0625	3966	4212.5	4821.125	3616.3125	suelo_desnudo
517415	558645	2060	2348	2882	3112.625	3395.6875	3623.1875	3854	4057.8125	5421.3125	4163.75	suelo_desnudo
518095	552725	1654	1954	1944	2606.625	3443.5625	3736	3722	4013.375	3624.375	2742.375	suelo_desnudo
516795	558365	1992	2300	2568	3242.1875	3731.0625	4007.625	4143	4405.75	5025.6875	3846.0625	suelo_desnudo
514215	554075	1821	2144	2378	2707.3125	3410.3125	3801.75	3953	4214.8125	4959.1875	3422.625	suelo_desnudo
514475	554745	1290	1451	1369	2051.5	3193.75	3632.3125	3545	3979.375	3606.3125	2508.0625	suelo_desnudo
511345	562005	1822	2072	2444	2788.5625	3218.25	3483.75	3608	3897.4375	4937.75	3622.0625	suelo_desnudo
510575	562135	1598	1778	2042	2530.5	3047.6875	3298.375	3331	3724	4636.375	3286.875	suelo_desnudo
510715	561015	1684	1920	2120	2627.3125	3441.5	3750.25	3902	4137.125	4473.875	3232.625	suelo_desnudo
511305	558815	1780	2034	2216	2824.9375	3433.875	3772.75	3778	4157.9375	5009.4375	3609.9375	suelo_desnudo
514635	554645	1520	1808	1813	2598.8125	3388.0625	3710.6875	4067	4065.0625	4467.6875	3336.0625	suelo_desnudo
514735	554365	1473	1688	1664	2568.0625	3407.125	3702.6875	3814	4109.125	4558.1875	3331.5625	suelo_desnudo
509285	558745	1730	2026	2174	2742.8125	3533.375	3880.375	4071	4320.6875	5124.625	3688.3125	suelo_desnudo
514335	554015	1752	1998	2278	2687.75	3260.3125	3536.9375	3596	3927.25	4940	3531.9375	suelo_desnudo
517305	559135	1980	2224	2600	3219.25	3637.625	3923.375	3887	4277.8125	4954.9375	3788	suelo_desnudo
511655	560125	2072	2362	2774	3213.0625	3561.875	3837.625	3916	4238.4375	5373.875	4222.5625	suelo_desnudo
512565	556265	1916	2088	2396	2595.4375	2971.6875	3121.75	3142	3156.625	3490.625	3158.8125	urbano
512895	556045	1630	1856	1864	2199.4375	3353.125	3722.625	3706	3915.4375	3300.1875	2540.0625	urbano
512975	556585	2004	2276	2460	2661.1875	3246.0625	3507.875	3451	3746.5	4114	3613.8125	urbano
512915	556425	1712	1929	2030	2461.75	3222.4375	3455.5625	3161	3673.6875	3911.5	3381.625	urbano
512705	556045	3326	3120	3478	3325.875	3822.5	3975.4375	4244	4087.25	4525.75	4286.875	urbano
512555	556845	1453	1802	1720	2509.9375	3731.75	4158.8125	4372	4383.1875	3881.125	3019.625	urbano
513065	555825	2224	2542	2440	2709.8125	3334.625	3540	3376	3695.4375	3786.25	3310.875	urbano
512575	556475	1550	1806	1849	2464.5625	3073.4375	3280.25	3191	3481.4375	3642.9375	3081.5	urbano
512635	555905	1419	1718	1566	2233.25	3152.5625	3471.625	4012	3597.625	3178.4375	2627.375	urbano
512415	555915	1932	2092	2322	2613.3125	2870.25	2990.625	2702	3049.4375	3470.4375	3262.375	urbano
513055	555665	2970	3112	2946	3267.625	3786.8125	3921.1875	4412	3953.5625	4032.3125	3460.4375	urbano
512845	556885	2058	2300	2390	2724	3288.4375	3536.5625	3286	3705.5625	3993.3125	3404.375	urbano
512725	557025	2362	2806	2852	2940.6875	4035.8125	4418.375	4552	4705.25	3983.5	3102.8125	urbano
513315	555965	2166	2368	2288	2784.375	3211.375	3368.5	3298	3479.5625	3991.9375	3812	urbano
513025	556015	1570	1824	1726	2588.3125	3438.125	3670.3125	3978	3901.0625	3839.6875	3408.9375	urbano
513325	555905	2718	2996	3182	3198.375	3434.3125	3638.875	3823	3698.8125	4282.8125	4280.0625	urbano
512815	555655	2026	2122	2356	2549.0625	2875.5625	2997.125	2855	3168.5	3971.0625	3590.9375	urbano
513355	555915	2636	2722	2864	3000.3125	3383.125	3581.5625	3243	3701.25	4085.8125	4057	urbano
512705	556865	1700	1962	1916	2310.75	3295.5	3611.1875	3429	3913.5	3641.3125	2956.3125	urbano
512875	556935	1613	1843	1905	2290.75	3182.375	3511.4375	3459	3774.75	3758.1875	3124.1875	urbano
513405	556335	2168	2320	2390	2566.75	3215.5625	3453.5625	3148	3659.5625	3698.4375	3156.375	urbano
512225	555695	1778	2028	2210	2491.875	2912	3110.5	2935	3236.5625	3448.4375	3083.6875	urbano
512845	555795	2494	2652	2610	2779	3316.125	3567.1875	3354	3681	3723.625	3287.125	urbano
512515	555965	2222	2408	2662	2855.6875	2997.75	3102.6875	2897	3114.125	3630.9375	3433.3125	urbano
512565	556945	2070	2156	2188	2732.1875	3599.125	3907.5	3948	4112.125	3882.375	3129.8125	urbano
512795	556515	1690	1784	2058	2451.25	3089.125	3287.625	2743	3518.3125	3486.5625	3015.4375	urbano
513045	556465	1710	1886	2102	2536.5625	3421.875	3719.5625	3822	3882.9375	3822.375	3128.875	urbano
512605	556775	2852	3258	3512	3427.5	3786.875	4012.25	4116	4137.375	4462.9375	3767.4375	urbano
512605	555745	1570	1902	1896	2279.625	3510.25	3923	4044	4152.9375	3336.8125	2558	urbano
512785	555625	1908	2048	2020	2278	2865.8125	3083.75	3336	3326.625	3818.125	3339.9375	urbano
512525	556245	1450	1692	1670	2345.875	3166.1875	3427.1875	3585	3545	3364.9375	2839.3125	urbano
512695	556915	1786	1961	2256	2774.25	3277.75	3512.8125	3124	3715	4072.9375	3667.1875	urbano
512955	556295	2088	2140	2202	2589.25	3138.75	3365.1875	3237	3576.6875	3987.375	3623.5	urbano
513165	556385	2124	2280	2656	2827.5625	3101.8125	3305.375	2831	3304.75	4021.3125	4511.875	urbano
512395	555645	1932	2280	2188	2446.6875	2957.125	3057.8125	3326	3177.625	3395.875	2981.4375	urbano
512795	557015	2008	2220	2388	2617.1875	2909.4375	3019.625	2843	3212.875	3663.6875	3320.3125	urbano
513095	555525	1394	1641	1435	2112.6875	3282.125	3636.375	3962	3801.875	3055.5	2400.6875	urbano
512925	555635	1982	2108	2220	2424.625	2820.6875	2919.5	2877	3128.5625	3956	3653.625	urbano
512755	556005	2372	2644	2688	2736.125	3136.25	3280.9375	3464	3376.5	3667.375	3265	urbano
512885	555655	1992	2028	2146	2530.9375	3081.1875	3404.25	3209	3649.9375	4067.4375	3750.1875	urbano
513235	556285	2260	2546	2766	2858.375	3273.3125	3416.8125	3564	3545.6875	4148.625	3937.8125	urbano
512275	555635	1735	1845	2174	2491.3125	2906.3125	3122.0625	2783	3194.8125	3567.3125	3220.4375	urbano
513235	555995	2030	2216	3160	2996.6875	3176.0625	3324.5625	3512	3454.1875	4232.1875	4126.4375	urbano
512915	556125	1512	1732	1664	2151.6875	3349.9375	3708.1875	3632	3901.375	3239.625	2556.5	urbano
512775	556285	2019	2268	2250	2671.1875	3304.625	3495.875	3181	3537.8125	3539.1875	3208.25	urbano
512595	556685	1880	2130	2110	2378.1875	3111.375	3438.25	3009	3726.5625	3599.25	2893	urbano
512885	556665	1752	1974	1960	2544.5	3425.9375	3712.9375	4000	3917.1875	3960.4375	3491.75	urbano
513115	555535	1798	2038	2030	2464.75	3456.8125	3749.4375	3735	3879.125	3311.875	2741	urbano
512505	555575	1624	1835	2322	2451.5	3193.9375	3455.75	3286	3546.375	3250.6875	2813.1875	urbano
512835	556525	1640	1865	1814	2479	3357.5	3576.375	3820	3730.875	3424.9375	2956.6875	urbano
512665	556675	1503	1752	1632	2218.625	3497.75	3891.0625	3744	4212.1875	3417	2429.1875	urbano
512645	556865	1740	1968	1976	2431.9375	3513.0625	3874.8125	4024	4220.1875	4006.875	3016.8125	urbano
512545	555645	2238	2416	2604	2842.5	3425	3616.6875	3450	3825.625	3820.25	3323.5	urbano
512535	555985	2394	2476	2758	2864.9375	3093.375	3165.3125	2996	3178.6875	3745.6875	3603.5625	urbano
512935	555815	2454	2598	2656	2811.5	3404.125	3604.25	3300	3715.75	3824.1875	3368.8125	urbano
512905	555745	1568	1870	1938	2339.1875	3323.375	3648.8125	4003	3965.1875	3587.375	2816.8125	urbano
512275	555695	1746	1946	1978	2460.3125	2909.375	3077.25	2926	3184.0625	3324.0625	3041.75	urbano
512855	555775	2250	2372	2392	2611.125	3130.375	3362.625	3033	3618.75	3778.8125	3391.625	urbano
513505	556155	1807	2050	1828	2593.75	3499.75	3783.0625	4243	4033.75	3884.1875	3460.9375	urbano
512975	556465	1838	2000	1888	2542.25	3450.25	3745.9375	4357	4128	3928.4375	3366.8125	urbano
513515	556175	2312	2242	2172	2532	3543	3758.3125	3364	3942.0625	3728.1875	3156.6875	urbano
512635	555845	2184	2334	2408	2645.625	3136.375	3281.875	3132	3269.6875	3425.1875	3092	urbano
513185	555415	2120	2262	2560	2710.1875	3140.625	3280	3031	3304	3686.5625	3441	urbano
512355	555755	1454	1686	1626	2356.5	3013.25	3213.3125	3542	3474.125	3768.4375	3375.1875	urbano
513175	555395	2286	2386	2454	2627.875	3124.75	3265.6875	3101	3429.5625	3715.3125	3486.5625	urbano
512385	555805	3632	4384	3938	3685.5625	4319.25	4488.375	4929	4312.5625	4006.0625	3519.75	urbano
512585	555695	1914	2056	2148	2394.3125	3068.375	3461.9375	2997	3729.0625	3864.9375	3293.375	urbano
513435	556015	1866	2072	2214	2594.5	3098.9375	3270.1875	3130	3474.75	3987.625	3766.4375	urbano
513235	556025	2154	2348	2276	2679.25	3073.875	3252.5625	3260	3447.8125	3915.5	3661.0625	urbano
512705	555955	1874	2032	2336	2507.25	3276.8125	3487	3659	3655	3388.8125	2912.8125	urbano
512505	556195	1751	1892	1877	2336.125	3023	3281	3416	3396.8125	3215.75	2772.5	urbano
513275	555955	1727	1910	2036	2445.8125	3080.6875	3318.75	2951	3554.375	3887.375	3525.1875	urbano
513235	555645	2086	2198	2482	2650.25	3364	3545.75	3767	3611.625	3766.3125	3355.5625	urbano
512915	555585	1883	1998	2092	2307.375	2795.625	3019.25	2879	3292.875	3930.875	3539.25	urbano
512905	556145	1431	1680	1435	2305.8125	3463.125	3802.3125	3856	4096.6875	3499.6875	2965.1875	urbano
513215	556255	1773	2046	2046	2539.1875	3266.0625	3494.1875	3453	3606.5	3826.3125	3501	urbano
512865	556665	2100	2164	2222	2567.5625	3211.3125	3473.375	3278	3685.875	3919.1875	3507.75	urbano
513255	556445	2368	2416	2568	2865.4375	3156.125	3334.625	3154	3327.5625	3783.9375	3552.3125	urbano
512355	555965	1639	1879	2014	2488.625	3239.5	3414.1875	3354	3485.3125	3406.0625	3012.5625	urbano
512655	556905	2096	2222	2292	2627.8125	3327.4375	3602.375	3580	3760.375	3757.875	3202.125	urbano
513475	556155	2402	2350	2390	2830.375	3369.25	3485.875	2924	3717.8125	4197.5	4118.6875	urbano
512905	556515	1675	1999	1879	2419.125	3156.625	3399.0625	3320	3584	3872.6875	3364.25	urbano
512525	555995	1769	1814	2150	2630.375	3052.3125	3164.5625	2638	3242.0625	3526.875	3235.3125	urbano
512425	555915	1963	2122	2410	2663.4375	2969.25	3085.875	2789	3064.3125	3520.3125	3311.625	urbano
513115	556215	1624	1920	1864	2336.5	3297.6875	3517.3125	3796	3656.6875	3508.375	2892.75	urbano
513395	555805	2276	2418	2586	2729.1875	3122.125	3251.3125	3142	3293.0625	3742.1875	3472.6875	urbano
512965	556285	2416	2592	2642	2646.5	3155.9375	3376.8125	3641	3565.3125	4074.5	3717.5625	urbano
513205	555945	2608	2786	2810	2579.5	3278.4375	3528.9375	3205	3686.1875	3841.75	3410.6875	urbano
513095	556225	1560	1842	1835	2397.5625	3258.4375	3537.6875	3491	3828.125	3616.125	2929.5	urbano
512185	555765	2068	2180	2378	2483.5	2650.125	2811.9375	2719	2765.125	3303.875	3090.6875	urbano
512995	556275	1720	1978	1942	2547.0625	3105.625	3331.5625	3241	3668.6875	3943.8125	3480.5	urbano
512625	556775	2268	2588	3004	3766.375	3749.25	3860.9375	3314	4042.4375	4609.5	3961.3125	urbano
513055	556015	1532	1726	1698	2320.125	3389.9375	3749.75	4071	4013.75	3651.1875	3052.75	urbano
512995	555725	1588	1752	1836	2397.625	3529.75	3838.4375	3777	4064.375	3366.625	2649.1875	urbano
513065	556365	2136	2312	2428	2621.1875	3035.9375	3202.8125	3272	3442.25	4128.25	3803.375	urbano
513145	556015	1490	1742	1614	2135.25	3582.25	4091.3125	4343	4328.5625	3361.6875	2463.9375	urbano
513075	556355	1863	2202	2286	2633.9375	3041	3248.5625	3453	3578.4375	4038	3636.75	urbano
512955	556705	2112	2266	2390	2784.3125	3097.9375	3220.625	3105	3462.6875	4105.75	3765.5625	urbano
512735	556585	1434	1662	1606	2361.125	3339.375	3658.6875	3578	3906.125	3570.5625	2853.8125	urbano
512565	555805	1614	1792	2038	2638.375	3089.3125	3256.875	2675	3266.125	3642.875	3327	urbano
512875	555735	1748	1950	1958	2412.125	3178.25	3479.4375	3301	3730.375	3860.625	3250.625	urbano
513195	555425	2272	2438	2618	2698.6875	3172.75	3307	3085	3334.5	3636.5625	3294.4375	urbano
513115	556525	1886	2044	2198	2647.375	3160.125	3400.6875	3297	3548.4375	4113.6875	3770	urbano
513245	556375	1796	1903	2338	2534.5625	2848.5	2982.625	2529	3073.75	3580.9375	3408.3125	urbano
513545	555945	1789	2130	2088	2639.3125	3539.375	3801.5	3961	3949.9375	3866.125	3201.8125	urbano
513315	555815	2006	2304	2344	2748.75	3273.1875	3404.375	3494	3518.0625	3744	3407.0625	urbano
512605	556005	1870	2064	2252	2704.5625	3029	3124.5	3126	3175.125	3500.75	3270.1875	urbano
512675	556885	1526	1760	1746	2361.8125	3227.5	3524.9375	3509	3829.8125	3651.5	2911.1875	urbano
513395	555925	2252	2386	2648	2815.875	3335.8125	3469.5625	3364	3566.4375	3824.875	3582.375	urbano
512645	556825	3234	3260	3410	3670.625	4079.9375	4265.9375	3728	4430.75	4649.5625	3997.9375	urbano
513365	556415	1813	2158	2092	2480.0625	3408.125	3736.5	3622	3820.25	3602.8125	2990	urbano
513025	555665	2432	2582	2578	2553.3125	3130.25	3281.75	3119	3375.9375	3645.3125	3211.3125	urbano
512585	556415	1713	1968	2158	2512.125	3279.5	3565.5	3558	3839.75	3994.5625	3217.25	urbano
513155	555585	1840	2168	2394	2803.9375	3750.125	4040.0625	4345	4252.4375	3840.25	2986.625	urbano
512405	555765	2456	2552	2832	2978.6875	3134.125	3192.375	3085	3249.875	3968.5	3808.5625	urbano
512375	555735	1710	1903	2134	2348.5	2899.5625	3110.25	2800	3379.625	3527.6875	3123.25	urbano
513195	556175	1608	1817	2040	2518.5	3096.75	3303.5	3008	3444.875	3621.625	3196.5625	urbano
513275	555995	2260	2394	2754	2971.875	3315.4375	3447.8125	3370	3520.1875	4162	3958.6875	urbano
513225	555615	1997	1920	1952	2631.5625	3144	3371.3125	3329	3520.6875	4038.5625	3794.375	urbano
513345	555955	1828	2206	2150	2447.875	3460.3125	3824.1875	3952	3956.25	3535.5	2986.3125	urbano
513085	556285	2208	2252	2216	2362.8125	2909.4375	3093.875	2771	3350.5	3591.875	3235.375	urbano
513175	555615	2140	2384	2708	2776.0625	3632.125	3863.4375	3721	4085.25	3957.4375	3300.6875	urbano
512445	555685	2162	2536	2764	2622.3125	2987.3125	3251	3076	3509.1875	4001.625	3741.4375	urbano
512855	556325	2116	2260	2392	2851	3082.1875	3279.25	3089	3415.0625	3926.0625	3724	urbano
513115	555555	1758	1988	2160	2521.75	3336.5625	3617.1875	3442	3693.6875	3482.0625	2948.25	urbano
513245	556425	2058	1828	1886	2477	2986.6875	3159.6875	3146	3448.375	3719.625	3476.625	urbano
513245	556155	1842	2074	2108	2596	3240.8125	3471.5625	3376	3553.875	3723.9375	3453.0625	urbano
513025	555995	1972	2194	2238	2659.125	3432.75	3754.6875	3946	3935.4375	3677.75	3193.625	urbano
513185	556265	1952	2166	2142	2394.0625	2854.5625	3021.875	2871	3229.5625	3585.25	3241.1875	urbano
512785	556005	1700	2066	1982	2529.3125	3292.4375	3617.875	3706	3719.625	3410.6875	2909.5	urbano
513145	555905	2062	2302	2550	2768.4375	3536.3125	3695.375	3474	3890	3817.6875	3301.9375	urbano
512835	556955	2318	2526	2626	3074.125	3473.5625	3641	3470	3731.25	3915	3564.0625	urbano
513065	555965	2198	2350	2404	2858.625	3282.9375	3392.75	3158	3458.5	3910.5625	3688.5	urbano
513515	556205	2064	2234	2448	2763.9375	3516.75	3725.125	3587	3771.8125	3729.125	3144.125	urbano
513545	555975	3220	3840	3128	3158.875	3758.0625	4049.6875	4259	4197.875	4259.5	3826.0625	urbano
512805	556115	1339	1648	1362	2107.5625	3700.8125	4310.5625	4699	4689.8125	3712.0625	2755.75	urbano
513135	556065	1472	1790	1582	2255.125	3588.6875	4021.6875	4331	4370.25	3354.6875	2543.9375	urbano
513305	556315	1622	1968	1860	2760	3445.25	3691.5	4019	4008.125	4068.75	3538.125	urbano
513025	555715	1740	1964	1979	2532.8125	3376.375	3708.3125	4042	3838.75	3538.625	3012.75	urbano
513105	555745	2346	2594	2938	3022.8125	3409.375	3456.625	3149	3571.75	3948.9375	3691.8125	urbano
513175	556185	1920	2148	2256	2502.1875	3297.1875	3598	3700	3807.6875	3612.9375	3115.0625	urbano
513135	555685	1530	1810	1760	2351	3511.625	3892.4375	4125	4204.8125	3882.8125	3169.25	urbano
512485	555575	1626	1788	1900	2288.5625	3228.6875	3521.5625	3455	3727.5625	3170.3125	2586.25	urbano
512655	556005	2100	2384	2360	2547.3125	3122.625	3360.125	3331	3504.25	3497	3062.625	urbano
513555	556185	1872	2132	2344	2632	3301.6875	3568	3540	3811.6875	3973.0625	3405.9375	urbano
513055	556085	1558	1813	1740	2337.1875	3744.3125	4138.5	4001	4312.6875	3394.25	2657.6875	urbano
513115	555955	1552	1807	1780	2363.25	3508.5	3914.625	4133	4172.9375	3697.125	2858.0625	urbano
512455	555785	1898	2066	2584	2566.625	3076.25	3294.9375	3172	3326.25	3506.375	3221.75	urbano
512925	556625	1623	1832	1831	2382.0625	3086.625	3294.8125	3144	3539.75	3538.6875	2966.9375	urbano
512825	555625	2174	2322	2510	2414.0625	3055.5	3232	3188	3413.8125	3750.75	3302.3125	urbano
512945	555765	1640	1880	1866	2343.125	3530.0625	3929.1875	3787	4167.375	3638.5	2810.125	urbano
512905	556335	1988	2138	2398	2480.8125	3542.4375	3860.375	3609	4106.25	3577.25	2933.25	urbano
513105	555465	1781	2082	2062	2509.25	3516.125	3955.1875	4361	4262.125	3646.5625	2916.625	urbano
512995	555675	1877	2012	2118	2423.75	2843.0625	2996.1875	2976	3296.25	3828.625	3511.4375	urbano
513495	556085	1916	2094	2214	2608.1875	3549.375	3821.75	3731	4044.3125	3798.4375	3200.75	urbano
513005	556525	1682	1978	2006	2641.6875	3300.4375	3525	3490	3772.375	3906.625	3360.25	urbano
513485	555985	2734	2768	2670	2747.25	3160.625	3309.625	2875	3408.4375	3790.25	3507	urbano
513495	556005	2138	2404	2504	2569.6875	3157.9375	3335.875	3112	3482.1875	3701.9375	3282.9375	urbano
513335	556325	1706	1928	2100	2840.9375	3706.5625	3938.1875	3806	4101.3125	4015.125	3525.5	urbano
512585	555945	1405	1615	1522	2249.1875	3261.375	3553.3125	3467	3658.4375	3101.0625	2535.625	urbano
512895	555625	1762	2094	1974	2357.8125	3184.875	3412.5	3678	3606.75	3728.9375	3201.625	urbano
513055	556475	1682	1835	2136	2601.125	3352.375	3582.9375	3532	3702.0625	3938.875	3306.9375	urbano
512905	555795	2150	2412	3120	2959.1875	3445.0625	3611	3780	3779.5625	3986.4375	3531.0625	urbano
512745	556465	1462	1674	1601	2102.3125	3126.3125	3427.25	3308	3654.9375	2958.6875	2296.75	urbano
512765	556025	2726	2932	3102	3081.1875	3433.5	3601.875	3564	3683.3125	3966.625	3696.125	urbano
513185	556375	1973	2078	2384	2808.4375	3239.875	3425.6875	2914	3378.25	3979.125	4369.3125	urbano
513425	556295	2412	2516	2538	2568.5625	3271.375	3507.3125	3468	3579.75	3634.0625	3130.4375	urbano
513075	556275	2130	2282	2144	2351.8125	3248.4375	3482.375	3306	3727.5	3452.875	2927.875	urbano
512795	557045	2194	2424	2706	2835.25	3155.625	3297.3125	3139	3429.4375	3875.9375	3499.5625	urbano
512785	557015	2122	2334	2562	2573.3125	2942	3106.75	3175	3357.0625	3688.9375	3255.625	urbano
512485	556055	2616	2650	2718	2941.1875	3033.75	3089.9375	3008	3154.875	3791.0625	3667.0625	urbano
513255	556385	2618	2344	2236	2513.375	3003.4375	3191.1875	3276	3283.875	3641.1875	3404.125	urbano
512875	556645	2116	2160	2202	2498.375	3109.5625	3336.875	3155	3572.1875	3910.375	3459.5	urbano
513245	556355	1990	2005	2252	2645.25	2907.0625	2996.5625	2705	3026.5	3675.8125	3427.5	urbano
512415	555955	1712	1984	1962	2463.25	2949.625	3130.5625	3328	3282.125	3364.0625	3060.8125	urbano
512845	555545	1608	1764	2142	2556.75	3133.8125	3403.625	3429	3643.9375	4323.1875	3828.75	urbano
512895	556755	2064	2188	2310	2770.1875	3324.5625	3541.5625	3323	3766	3982.0625	3650.5625	urbano
512345	555715	2060	2222	2744	2743.5625	3322.625	3471.875	3379	3630.3125	3633	3116.5625	urbano
513085	555915	2100	2230	2566	2848.8125	3195.125	3320.6875	3147	3387.875	3922.5625	3782.25	urbano
513245	556335	2642	2602	2696	2765.0625	2977.0625	3022.625	2728	3064.375	3808.5	3582.5625	urbano
512895	556495	1584	1825	1954	2468.375	3192.375	3449.8125	3396	3630.625	3776.625	3228.8125	urbano
512535	555815	1822	2086	1954	2859.375	3223.625	3362.0625	3098	3527.75	3915.125	3592.4375	urbano
513275	555655	2096	2208	2450	2688.1875	3076.5	3198.4375	3091	3182.5	3471.9375	3167.125	urbano
512725	556465	1398	1572	1458	2048.4375	3169.75	3516.5625	3461	3791.875	2941.875	2279.5	urbano
512945	556225	2015	2128	2250	2529.875	3139.625	3342.4375	2937	3537.25	4036.1875	3656.5625	urbano
512885	556085	1858	2038	1970	2468.875	3094.8125	3358.625	3216	3639.3125	3825	3357.375	urbano
512885	555665	2114	2236	2244	2583.8125	3041.5625	3239.75	3048	3543.8125	4185.8125	3914.0625	urbano
513375	555765	2548	2670	2780	2651.0625	3067.25	3269.3125	3267	3439.9375	3928.625	3622.25	urbano
513055	556565	1890	2078	1924	2498.5625	3209.875	3436.0625	3291	3594.0625	3862	3393.0625	urbano
512365	555805	2666	2962	2870	2647.5625	3134.4375	3228.0625	3410	3342.75	3955.5625	3705.5	urbano
512485	556075	1942	2128	2276	2871.9375	3133.375	3183.125	3104	3242.0625	3765.625	3498.625	urbano
513255	556245	2244	2454	2498	2669.3125	3205.6875	3423.75	3351	3548.1875	4026.1875	3748.1875	urbano
513265	555895	2108	2288	2416	2604.6875	2961.75	3107.375	3214	3212.6875	3891.6875	3637.1875	urbano
512855	556905	1988	2252	2410	2606.4375	3196.9375	3426.75	3600	3631.375	3942.1875	3302.4375	urbano
512715	556335	2130	2324	2482	2628.4375	3118.9375	3270.375	3345	3383.6875	3405.1875	3013.9375	urbano
513075	556205	1748	1980	2048	2473.375	3210.0625	3501.5625	3342	3781.4375	4076.8125	3281	urbano
513385	556285	1566	1822	1766	2350.9375	3245.75	3542.125	3583	3798	3729.375	3056.375	urbano
512495	556125	2056	2076	2130	2495.25	3142.4375	3288.6875	3437	3503.3125	3633.375	3266.6875	urbano
512615	556455	1734	1912	2082	2688.25	3356.8125	3621.5625	3995	3790.0625	3856.9375	3282.875	urbano
512695	556955	2358	2534	2588	2696.125	3502.5	3775.5	3622	3979.1875	3992.875	3373.4375	urbano
512435	555655	1539	1798	1748	2410	3380.9375	3653.375	3827	3772.5	3600.75	3128.6875	urbano
512685	555805	2200	2362	2584	2687.5	3200	3329.6875	3330	3483.875	3595.4375	3304.3125	urbano
512975	555755	1553	1822	1762	2277.0625	3404	3936.5	3929	4157.375	3897.25	3430.8125	urbano
512565	556755	1600	1978	2088	2679.5625	3662.75	3999.6875	4084	4299.1875	4080.6875	3163.1875	urbano
513005	556655	1623	1782	1897	2529.625	3307.875	3551.25	3604	3873.5625	3927.375	3364.5625	urbano
512745	555865	1506	1766	1742	2322.875	3273.875	3704.375	3740	3851.9375	3234.625	2755.6875	urbano
513205	556005	1944	2026	2396	2772.0625	3134.9375	3289.4375	3331	3412.4375	4200.75	3981.8125	urbano
512445	556005	2288	2500	2698	2672.375	3097.375	3201	3350	3333.875	3434.125	3124.25	urbano
513215	556035	2038	2136	2216	2544.125	3101.5	3280.0625	3282	3497.625	3790.1875	3412.125	urbano
512525	555635	2072	2360	2698	2964.75	3553.375	3768.625	3384	3777.1875	3787	3537.9375	urbano
512585	555755	1471	1762	1688	2237.75	3389.3125	3732.8125	3844	3976.4375	3307.9375	2602.4375	urbano
512575	556465	1512	1684	1712	2396.125	3083.875	3346.6875	3198	3620.125	3751.3125	3054	urbano
513125	556405	2058	2108	2362	2397.5	3115.1875	3332.5625	2643	3402.3125	3354.125	2931.25	urbano
513085	556565	1862	2094	2202	2634.125	3095.3125	3277.0625	3322	3441.25	4202.3125	3821.875	urbano
512915	556135	1469	1750	1592	2116.3125	3442.0625	3827.5	3677	4003.375	3174.5	2464.125	urbano
513145	555795	1950	2188	2196	2569.1875	3319.625	3526.1875	3576	3609.0625	3512.25	3029.6875	urbano
512605	556435	1586	1852	1883	2601.4375	3226.5625	3448.5	3596	3624.8125	3848.25	3239.0625	urbano
512915	556175	2190	2430	2642	2744.125	3429.3125	3694.5625	3481	3809	3766.375	3356.625	urbano
512765	557055	1550	1858	1775	2334.625	3646.1875	4042.0625	4108	4338.3125	3686.4375	2813.4375	urbano
513245	555835	2778	3116	2922	3122.4375	3385.0625	3572.8125	3103	3624.3125	4134.5625	3926.8125	urbano
512665	555795	1709	2005	2116	2654.875	3247.625	3466.8125	3030	3551.375	3498	3086.25	urbano
512905	556165	1892	2226	2270	2780.25	3479.375	3734.9375	3573	3941.3125	3944.9375	3648.4375	urbano
512745	556935	1510	1778	1748	2353.375	3452.1875	3756.1875	3680	4081.6875	3494.25	2666.3125	urbano
512645	555975	1902	2112	2414	2682.0625	3046.1875	3197.0625	3000	3289.0625	3509.0625	3192.5	urbano
513415	555865	2390	2560	2636	2818.8125	3170.3125	3297.375	3085	3374.9375	3968.375	3812.1875	urbano
512555	556075	3342	3364	3254	2775.5	3200.625	3360.1875	3500	3366.1875	3724.75	3500.1875	urbano
513335	556155	1749	1952	1942	2457.125	3331.375	3624.6875	3649	3797.1875	3850.25	3265.8125	urbano
512355	555865	1652	1847	2054	2577.375	3019.875	3139.4375	3452	3231.4375	3382.875	3101.75	urbano
512465	555955	2021	2288	2338	2798.5625	3168.125	3282.4375	3121	3310.125	3701	3357.125	urbano
512375	555865	2294	2380	2560	2665.6875	3094.25	3184.75	3297	3294	3510.3125	3211.625	urbano
513075	556025	1650	1834	1916	2321.5	3129.8125	3383.4375	3306	3686.25	3893.3125	3402.625	urbano
512505	556225	1422	1681	1538	2376.25	3314.1875	3683.9375	3967	3791.6875	3338.1875	2811.6875	urbano
512855	556435	2104	2278	2594	2479.3125	3152.25	3381.625	3580	3558.1875	3620.6875	3085.3125	urbano
512415	555835	1748	1944	2192	2529.375	2850.6875	2979.0625	2640	3047.0625	3521.1875	3236.75	urbano
513175	555715	1790	1955	1996	2458.0625	2977.6875	3251.5625	2959	3475.3125	4608	4252.625	urbano
512985	556555	3446	3758	3280	3031.8125	3544.125	3642.375	4276	3787.0625	4453.6875	4140.9375	urbano
513065	555515	2500	2794	2976	2869.125	3170.9375	3306.4375	3390	3357.5	3474.625	3084.5	urbano
512845	556505	2838	2802	3056	2541.875	3244.3125	3444.5	3448	3572.625	3632.0625	3282.8125	urbano
512445	555815	1604	1683	2058	2415.875	2620.8125	2794.125	2413	3045.625	3743.625	3662.8125	urbano
513105	556025	1772	2074	2009	2305.1875	3415.375	3746.8125	3404	4013.0625	3655.1875	2948.125	urbano
512845	556275	1983	2196	2506	2710.375	2965	3113.8125	2939	3221.0625	3686.5625	3399.9375	urbano
513115	555495	1571	1875	1752	2267.125	3525.875	3887.9375	4389	4106.625	3370.5	2581.0625	urbano
513215	555725	1853	2132	2316	2497.1875	3161.8125	3392.3125	3587	3706.4375	3776.25	3142.0625	urbano
513165	556215	2516	2722	2730	2649.125	3011.125	3142.9375	3178	3210.6875	3903.3125	3817	urbano
513045	556275	1540	1788	1742	2517.1875	3351.25	3573.375	3454	3902.9375	3887.3125	3228.75	urbano
512585	555965	1682	1886	1785	2331.625	3325.25	3663.5	3969	3818.8125	3167.3125	2667.8125	urbano
512605	556465	2028	2284	2460	2600.125	3309.0625	3578.25	3503	3801.0625	3841.3125	3161.0625	urbano
512805	556635	1647	1939	2040	2648.3125	3572.75	3968.0625	3758	4252.25	4466.5625	3399.25	urbano
512335	555855	1852	1984	2158	2483.4375	2825.5	2941.5625	2707	2964.0625	3476.75	3199	urbano
513565	556075	2628	2560	2624	3055.1875	3314.8125	3594.0625	3452	4034.1875	4658.875	4730.9375	urbano
512555	555955	1608	1831	1734	2481.5625	3174.9375	3384.3125	3427	3480.125	3427.1875	3039.375	urbano
512685	556965	1514	1710	1692	2544.125	3516.6875	3824.5	3787	4078	3846.9375	3093.6875	urbano
512775	556955	1780	2062	1944	2472.4375	3256.6875	3575.0625	3755	3627.8125	3363.1875	2798.375	urbano
512765	556495	1311	1641	1409	2249.75	3264.75	3688.6875	3644	3852.6875	3039.5625	2435.5	urbano
513445	556115	1869	2174	2110	2695.0625	3695.9375	4057.25	3944	4325.6875	4178.9375	3626.75	urbano
513035	555645	1710	1881	1852	2718.0625	3399.75	3657.5	3578	3803.3125	3745.125	3212.6875	urbano
512945	556495	1462	1654	1650	2070.8125	3383	3919.0625	3688	4201.6875	3319.8125	2524.875	urbano
512425	555825	2074	2160	2436	2564.625	2821.875	2950.625	2856	2988.25	3492	3209.875	urbano
512665	556785	2570	2534	2704	2776.875	3524.25	3763.3125	3602	3988.5625	3974.1875	3291.1875	urbano
513185	556405	2130	2146	2288	2424.25	3037	3257.875	2909	3317.875	3681.75	3440.8125	urbano
513225	555945	2154	2326	2344	2643.625	3089.8125	3277.375	3513	3514.3125	4181	4013.0625	urbano
513025	555675	2064	2172	2506	2653.25	3092.625	3197.375	2974	3263.25	3669.0625	3308	urbano
512675	556425	3242	3454	3732	3020.6875	3540.5625	3627.4375	4174	3712.9375	3871.625	3546.5	urbano
513055	556485	1657	1886	1971	2598.875	3264.625	3447.8125	3225	3575.6875	4000.625	3434.8125	urbano
513195	555895	2004	2172	2156	2514.9375	3137.875	3405.3125	3387	3629.75	3757.8125	3419.3125	urbano
512605	556885	1886	2074	1982	2562.25	3490.3125	3852.0625	3574	4054.8125	3614.6875	2912.3125	urbano
513315	555925	2054	2220	2052	2749.9375	3284.5	3503.3125	3519	3588.4375	4307.625	4301.25	urbano
512655	556515	1836	2086	1988	2445.375	3435.3125	3842.8125	3859	4035.625	3712.8125	3013.625	urbano
512835	556685	1948	2068	2142	2531.9375	2891.375	3077.9375	2910	3288.3125	4071.6875	3757.25	urbano
513015	556035	2560	2142	2228	2637.625	3118.125	3288.6875	3757	3870.875	4313.5625	4450.5625	urbano
513465	555975	1884	2068	2072	2457.375	2946.125	3127.3125	3053	3225.8125	3894.625	3655.1875	urbano
513095	556485	2018	2320	2474	2700.1875	3300.0625	3510.875	3499	3690.4375	3938.875	3440.5	urbano
513125	555615	1644	1907	1948	2626.25	3557.6875	3850.875	3974	4075.875	3659.375	3063.0625	urbano
512705	556925	1914	2290	2320	2993.25	3530.25	3669.8125	3652	3958.5	4243.4375	3809.1875	urbano
512495	555745	1709	1863	2698	2680.9375	3425.3125	3682.375	3293	3783.125	3699.5625	3178.6875	urbano
512235	555655	1691	1842	1867	2344.75	2858.8125	3034.5	3294	3385.25	3782.9375	3474	urbano
512755	555805	1773	1954	2076	2431.375	3336.1875	3645.1875	3510	3916.25	3463.625	2844.5	urbano
512985	556535	1492	1802	1670	2568.8125	3254.625	3507.8125	3259	3735.25	3919.75	3409.25	urbano
512875	556265	1872	2120	2130	2705.625	3081.8125	3254.9375	3489	3472.4375	3644.8125	3291.75	urbano
512575	556245	1602	1880	2082	2662.75	3073	3175.8125	2853	3217.3125	3664.875	3394.625	urbano
513075	555915	2458	2530	3406	3088.4375	3275.375	3348.5625	3506	3307.625	4005.6875	3902.25	urbano
512665	555925	1496	1824	1722	2261.875	3274.4375	3557.5	3532	3798.375	3288.9375	2625.875	urbano
512355	555735	1703	1957	1958	2345.625	2948.5625	3198.75	3255	3447.8125	3598.0625	3121.6875	urbano
512675	556965	1794	2122	2250	2810.875	3663.5625	3937.5	4083	4202.5	4013.8125	3290.5625	urbano
512535	556215	1653	1776	2132	2490	2927.0625	3075	2572	3117.5	3417.875	3058.375	urbano
513025	555835	1962	2112	2210	2633.625	3248.5	3495.625	3072	3596.875	3573.8125	3023.4375	urbano
512815	555555	1888	2048	2132	2408.625	2794.125	2982.875	2851	3252.3125	4072.375	3622.125	urbano
513095	556385	1449	1670	1692	2197.5625	3329.25	3720.25	3832	3938.1875	3284.8125	2583.375	urbano
512515	555735	1822	2108	2422	2741.8125	3407.75	3687.4375	3917	3816.5625	3800	3202.125	urbano
512305	555685	1926	2108	2262	2732	3159.25	3311.5625	3002	3467.6875	3727.1875	3288.5	urbano
512565	556055	2332	2572	2624	2793.625	3098.8125	3146.0625	3210	3083.125	3648.375	3478.625	urbano
513255	556265	2072	2298	2250	2492.3125	3062.25	3311.6875	3161	3473.875	3891.8125	3520	urbano
512735	556845	1458	1745	1614	2188.625	3720.6875	4239.1875	4197	4550.3125	3486.5	2529.6875	urbano
512875	555615	1422	1655	1518	2292.5625	3185.25	3467.25	3365	3694.375	3372.6875	2739.5625	urbano
513105	556335	1653	1911	1957	2409.5625	3267.25	3559.375	3698	3742	3465	2877.625	urbano
512735	556805	2582	2568	2850	2961.125	3705.4375	4030.875	3768	4299.8125	4091	3222.3125	urbano
512615	556125	2094	2240	2532	2767.9375	3058.4375	3135.25	2786	3185.375	3421.9375	3172.8125	urbano
513395	556285	1703	2004	2026	2476.5625	3207.5625	3461.3125	3574	3655.4375	3737.375	3152.125	urbano
512535	556185	1968	2158	2290	2523.4375	2971.375	3119.0625	3424	3240.8125	3447.25	3115	urbano
513505	556085	2230	2372	3096	2742.0625	3439.125	3670.25	3540	3816.9375	3883.3125	3562.25	urbano
513465	555925	1704	2130	2196	2813.1875	3345.375	3471.6875	3593	3551.8125	3904.3125	3590.5	urbano
512805	555605	1878	2032	2104	2354.9375	2736.6875	2931.0625	3011	3220.625	3956.1875	3556.125	urbano
513445	556095	1700	2030	2188	2803.75	3736.4375	4015	4269	4224.25	4150.375	3485.125	urbano
512255	555815	1911	1988	2242	2487.5	3139.875	3297.6875	2880	3414.5625	3394.5	3038.125	urbano
512595	556485	2090	2308	2598	2718.25	3435.25	3657.5625	3764	3740.4375	3785.875	3302	urbano
513405	555975	1775	1974	2000	2551.25	3145.6875	3379.3125	3277	3472.3125	3854.125	3510.375	urbano
513395	555895	2278	2284	2484	2801.625	3006.75	3110.3125	2812	3166.875	3822.4375	3732.9375	urbano
513045	555695	2448	2538	2802	2811.0625	3193.125	3313.125	3166	3434	3847.5	3403.3125	urbano
513375	555875	2140	2266	2842	2818.25	3255.125	3394.0625	3432	3455.0625	3917.5625	3679.4375	urbano
513215	556345	2088	2264	2162	2457.0625	3165.3125	3374.1875	2904	3388.625	3552.6875	3203.8125	urbano
512755	556975	2090	2428	2890	2801	3520.75	3757.625	3642	4026.5625	3873.625	3193.4375	urbano
512715	555915	2042	2346	2578	2800.0625	3222.3125	3336.25	3502	3337.875	3759.4375	3514.8125	urbano
512685	555965	1736	1966	1899	2375.875	3256.375	3515.6875	3835	3619	3359.8125	2858.9375	urbano
512735	555885	1495	1741	1550	2395	3208.125	3562	3545	3702.0625	3611.625	3240.0625	urbano
513505	555975	1942	2120	2746	2901.375	3541.75	3713.6875	3796	3736.5	4052.5625	3620.25	urbano
512885	556715	2164	2378	2460	2805.25	3280.1875	3416.0625	3347	3699.1875	4338.75	4084.3125	urbano
512745	556965	1688	2030	2068	2618.3125	3738.6875	4054.6875	3928	4312.125	3669.1875	2908.375	urbano
513465	556145	2310	2520	2636	2881.8125	3419.1875	3530.375	3366	3713.75	4172.6875	3979.875	urbano
512835	555585	1780	2068	2008	2444.4375	2927.25	3200.375	3289	3457.6875	3976.4375	3548.25	urbano
513535	555925	1611	1871	1928	2468.5625	3522.8125	3868.25	3795	4176	3796.1875	3004.75	urbano
512535	555955	2078	2180	2404	2706.875	2982.5625	3101	2580	3027	3607.125	3415.875	urbano
513285	555895	2222	2372	2400	2582.4375	2954.25	3106	2836	3211.4375	3714.5	3505.3125	urbano
512775	555765	1599	1749	1691	2499.125	3504.8125	3828.6875	3842	4143.3125	3580.0625	2791.8125	urbano
512995	556265	1769	1919	2116	2568.9375	3147.3125	3408.5625	3546	3751.625	3917.1875	3403.0625	urbano
512585	555875	1844	2200	2076	2433.1875	3180	3409.75	3508	3497.125	3196.375	2772.0625	urbano
512745	555875	1552	1750	1696	2381	3285.625	3710.5	3536	3838.0625	3378.125	2947.5625	urbano
512825	555585	1856	2182	2146	2388.25	2914.1875	3184.5625	3500	3443.9375	4023.4375	3593.8125	urbano
513045	556015	1577	1796	1789	2418	3480.5625	3810.0625	3684	4045.8125	3657.3125	3080.0625	urbano
512965	556115	2240	2468	2698	2802.5	3158.625	3350.5	3286	3535.8125	3771.75	3297.0625	urbano
512295	555685	2160	2330	2470	2596	3069.25	3224.1875	3050	3347.5625	3608.5625	3234	urbano
512655	556685	1439	1672	1509	2033.125	3419.75	3838.5625	3863	4079.1875	3059.5	2172.1875	urbano
512645	555945	1570	1802	1990	2418.5	3148.0625	3402.875	3543	3495.4375	3334.75	2885.25	urbano
513085	555905	2216	2364	2434	2848.25	3138.25	3246.625	2913	3296.625	3890.4375	3750.625	urbano
512735	555825	1752	1926	2096	2391.5625	3172.75	3443.6875	3337	3589.5625	3288.75	2752.75	urbano
512605	556455	1832	2098	2288	2636.875	3340.6875	3641.75	3731	3859.6875	3933.9375	3239.6875	urbano
513195	555565	1904	2278	2344	2470.625	3485.5	3802.625	3885	4141.5	3605.3125	2895.75	urbano
512705	556465	1760	1892	1856	2234.5625	3165	3440.25	3478	3666.3125	3125.625	2563.8125	urbano
512195	555715	2162	2286	2340	2579.375	2764.6875	2868.75	2733	2898.375	3303.0625	3046.5	urbano
512765	556305	2312	2428	2544	2891.25	3354.375	3506.25	3701	3509.6875	3618.3125	3307.1875	urbano
512835	557015	2066	2258	2568	2959.25	3249.4375	3370.5625	3009	3444.5	3981.625	3626.375	urbano
513425	556185	1975	2024	2488	2793.625	3122	3243.3125	2989	3433.125	4147.3125	4032.5	urbano
512655	555775	1999	2314	2428	2702.875	3282.125	3407.3125	3301	3500.9375	3597.875	3181.125	urbano
512615	555855	1582	1750	1810	2301.4375	3104.4375	3394.125	3390	3550.75	3278.9375	2758.5	urbano
513005	556075	1778	2006	1956	2290.5	3338.375	3640.3125	3828	3831.1875	3413.9375	2785.25	urbano
512685	556555	2490	2462	2546	2607.625	3175	3348.5625	2903	3454.6875	3571	3118.6875	urbano
512855	556295	1924	2156	2636	2846.3125	3074.3125	3133.9375	2959	3110.75	3562.875	3272.5	urbano
512685	555995	2072	2216	2158	2470.8125	3349	3593.1875	3448	3661.4375	3442.5	2986.0625	urbano
512835	556435	1598	1852	1894	2357.9375	3230.8125	3520.5	3227	3789.75	3508.0625	2783.5625	urbano
513545	556075	2842	3138	3490	3090.0625	3675.875	3882.6875	4449	3954.5625	4523.875	4468.625	urbano
512895	556465	1828	2088	2318	2768.125	3464	3641.1875	4090	3773.5625	3960.125	3518.8125	urbano
513355	555785	1684	1902	1939	2486.125	3075.75	3259.625	3382	3342.625	3546.625	3227.8125	urbano
513465	556015	1908	2116	2164	2558.5	3215.1875	3432.1875	3145	3524.0625	3943.75	3693.875	urbano
512465	555755	1482	1686	1618	2149.1875	3289.75	3638.5	3808	3860	3203.875	2487.875	urbano
513205	556215	1648	1861	1800	2399.8125	2923.5	3172	3490	3343	3729.6875	3362.875	urbano
513445	556195	1736	2009	1861	2572.375	3153.8125	3318.3125	3325	3464.125	3850.3125	3535.5625	urbano
512955	556105	2360	2634	2622	2800.0625	3191.3125	3397.4375	3240	3519.6875	3657.125	3156.3125	urbano
512935	556265	1798	2056	2016	2668	3228.125	3439.3125	3259	3670.6875	4059.3125	3643.5	urbano
513135	555985	1450	1672	1620	2185.6875	3602.9375	4007	4043	4294.25	3332	2499.5	urbano
512645	556755	1773	2066	2274	2694	3732.3125	4082	4300	4381.25	4143.375	3206.375	urbano
512615	556515	1830	2038	1960	2441.25	3282.125	3501.25	3404	3678.6875	3530.9375	3000.625	urbano
512875	555635	1520	1866	1624	2387.4375	3251.375	3511.1875	3929	3632.75	3484.3125	2892.3125	urbano
513035	555745	1462	1728	1582	2232.6875	3553.6875	3999.5	4076	4265.8125	3436.375	2638.4375	urbano
513395	555825	1839	2074	2128	2696.1875	3144.75	3230.5	3241	3216.25	3675.3125	3381.75	urbano
513455	556365	2820	2744	2746	2798.25	3152.75	3271.75	3087	3407.25	3962.875	3611.0625	urbano
512505	556115	1786	2036	2084	2535.25	3141.9375	3333.6875	3488	3446.8125	3570.375	3238.1875	urbano
512675	556805	2038	2222	2316	2598.75	3680	4035.8125	3808	4302.25	3908.875	3082.875	urbano
512775	555795	1730	2007	2018	2544.375	3492.3125	3805.125	3692	4027.5625	3594.8125	2926.75	urbano
512535	556715	1862	2102	2302	2548.625	3489.5625	3843.1875	3734	4092.5	4127.8125	3261.3125	urbano
513075	555565	2094	2356	2598	2717.625	3170.3125	3345.5625	3029	3484	3646.875	3216	urbano
513325	556015	2620	2764	2918	3031.125	3263.4375	3373.9375	3498	3559.3125	4367.9375	4189.4375	urbano
513115	556545	2166	2370	2622	2807.25	3154.5625	3376.1875	3255	3528.375	4263.375	3973.6875	urbano
512835	556135	1686	1870	2040	2585.25	3432	3787.75	3757	4126.125	4452.8125	3559.8125	urbano
513385	556365	1424	1686	1675	2223.5	3343.375	3744.8125	4196	4000.75	3453.125	2730.9375	urbano
512915	556745	2462	2576	2638	2783.8125	3147.875	3278.375	3227	3514.4375	4183	4009.8125	urbano
512925	555735	1437	1653	1584	2275.1875	3464.375	3886.9375	3809	4180.375	3427.25	2591.125	urbano
512785	556915	2234	2656	2974	3179.875	3681.875	3857.25	4000	4063.625	4206.4375	3629.3125	urbano
512935	556235	1768	2048	1947	2537.6875	3168.5	3403.875	3487	3646.125	3935.9375	3505.3125	urbano
512965	556365	1942	2120	2206	2599.875	3033.5	3224.1875	3280	3462.25	4019.75	3580.875	urbano
512685	556715	1413	1662	1533	2153.1875	3744.6875	4206.6875	4533	4534.125	3548.25	2468.1875	urbano
512315	555825	1976	2020	2248	2537.3125	2924.4375	2994.8125	2726	3141.25	3681	3536.5625	urbano
513195	556455	1634	1876	2094	2446.5	3044.5	3257	3387	3387	3402.5	2934.8125	urbano
512895	555755	1407	1656	1513	2294	3346.3125	3701.375	4345	4016.9375	3583.4375	2826.9375	urbano
512935	556615	1365	1666	1466	2256.875	3016.125	3361.25	3598	3533.4375	3357.625	2752.875	urbano
513115	556465	1976	2256	2286	2581.6875	3378.375	3633.6875	3478	3870.125	3607.25	2996.1875	urbano
513445	556075	2096	2268	2348	2740.1875	3438.0625	3668.9375	3389	3826.125	3940.125	3439.1875	urbano
513475	555955	2322	2152	2220	2661	3074.5	3281.0625	3150	3443.3125	3998.5625	3744.3125	urbano
512925	556725	2038	2280	2588	2674	2998.6875	3191.5625	3351	3460.5625	4143.5625	3833.3125	urbano
512395	556075	2028	2074	2013	2371.875	3146.3125	3324.4375	3514	3442.9375	3315.4375	2865.375	urbano
513035	556025	1630	1854	1866	2463	3504.5625	3812.5625	3827	4055.8125	3883.8125	3417.0625	urbano
512905	556025	1424	1630	1543	2119.0625	3405.5625	3788.875	3519	4051.0625	3193.5	2325.125	urbano
512355	555855	1786	2014	1984	2553.625	3034.125	3208.8125	3513	3254.3125	3361.625	3029.75	urbano
512895	556075	1410	1679	1530	2225	3157.6875	3429.1875	3678	3704.9375	3552.9375	2963.3125	urbano
513065	555915	2476	2542	3110	3187.625	3334.5625	3394.375	3254	3294.875	4028.625	3915.25	urbano
512675	556705	1431	1712	1513	2123.0625	3711.8125	4168.0625	4412	4444.6875	3314.6875	2310.4375	urbano
512435	555645	1784	2044	2142	2465.8125	3236.9375	3424.0625	3391	3540.1875	3629.625	3289.5	urbano
513145	555695	1740	2126	2022	2610.125	3735.5625	4198.5625	3899	4415.9375	4480.6875	4063.3125	urbano
513145	555475	2046	2114	2244	2501.875	3280.0625	3504.0625	3036	3649.875	3461.8125	2973.6875	urbano
513275	556375	1728	2040	2230	2817.9375	3184	3279.25	2953	3446.875	4058.3125	3846.0625	urbano
513055	555945	2470	2566	2704	3082.4375	3401.9375	3570.4375	3608	3638.375	4010.3125	3693.9375	urbano
512555	555625	2196	2568	2782	2717	3486.4375	3727.875	3453	3979.5	3572.4375	2960.9375	urbano
512715	555955	1772	1976	2062	2652.875	3306.625	3492.25	3255	3626.0625	3461.875	3020.5625	urbano
512515	556725	1701	1962	1866	2503.75	3450.25	3806.75	3800	4129.0625	4164.875	3446.3125	urbano
512695	556525	1885	2096	2238	2573	3307.6875	3499.625	3572	3730	3670.25	3131.0625	urbano
512965	556065	1475	1698	1581	2305.1875	3367.125	3664.9375	3952	3913.625	3448.375	2756.25	urbano
512505	556735	1356	1796	1680	2597.5625	3620.3125	3994.3125	3858	4255.8125	4039.625	3327.1875	urbano
513175	555555	1920	2144	2310	2495.125	3159.125	3521.875	3686	3756.75	3681.625	3082.625	urbano
512875	556705	2226	2390	2472	2884.4375	3347.6875	3498.1875	3459	3766.6875	4284.9375	4004.6875	urbano
512515	556035	2826	2416	2426	2618.8125	3006.8125	3217.5625	3177	3410.9375	3899.125	3808.25	urbano
513565	556015	1882	2142	2180	2697.75	3657	4020	4107	4232.1875	4037.5625	3495.3125	urbano
513065	555845	2100	2180	2164	2843.0625	3170.5	3324.1875	3386	3376.75	3741.25	3483.1875	urbano
513175	555905	2022	2202	2212	2432.875	3044	3260.4375	2994	3438.75	3841.375	3449.75	urbano
512965	555635	2002	2112	2214	2313.8125	2912.0625	3154.25	2845	3358.1875	3753.8125	3322.9375	urbano
513245	556005	2268	2506	2650	2754.6875	3187.0625	3361.0625	3353	3460.1875	4054.6875	3779.9375	urbano
512585	556975	2024	2204	2210	2696.1875	3489.25	3749.25	3626	3978.5	3758.3125	3083.25	urbano
512695	556405	2158	2360	2466	2792.25	3183.0625	3297.1875	3171	3308.3125	3595.875	3244.875	urbano
512675	555965	1778	1984	2042	2463.125	3019.625	3213.0625	3258	3356	3476.9375	3099.3125	urbano
513305	555805	1762	1936	2118	2652.3125	3302.5625	3498.75	3329	3622.625	3683.875	3316.875	urbano
512975	556325	2660	2532	2646	2678.875	3048.3125	3316.6875	3651	3720.875	4161.625	3761.125	urbano
512735	556945	1748	1994	2262	2574.875	3508.1875	3879.1875	3586	4104.1875	3635.25	2818.8125	urbano
512665	556945	1855	2182	2026	2791.125	3684.25	3955.875	4167	4217.0625	4001.75	3361.875	urbano
512775	555955	1632	1844	1754	2484.5625	3446.875	3822.6875	3918	4009.5625	3595	3059.6875	urbano
513055	555805	1702	1959	1965	2661	3595	3880.0625	4084	4173.25	3883.1875	3152.5625	urbano
513485	555915	1876	1982	2112	2581	3389.6875	3669.5625	3316	3799.75	3748.75	3237.875	urbano
512645	556075	1452	1748	1514	2492.625	3451.5625	3752.0625	4034	3892.5625	3359.375	2766.5625	urbano
512835	557025	2078	2334	2612	2787.25	3004.8125	3160.6875	3038	3306.5	3768.875	3470.625	urbano
513255	556185	1966	2208	2190	2532.25	2963.5	3156.875	3193	3360.0625	3818.75	3591.1875	urbano
512715	557005	1540	1866	1814	2462.5625	3807.3125	4281.3125	4227	4645.75	3902.4375	2844.125	urbano
513015	556045	3322	2294	2432	2694.375	3141.375	3289.5625	3989	3993.125	4365.6875	4471.6875	urbano
513535	556125	2682	2610	2888	2705.4375	3158.0625	3338.3125	3274	3380.5	3812.875	3575	urbano
513375	555985	1970	2296	2382	2717.75	3154.875	3304.4375	3392	3556.4375	4079.8125	3918.75	urbano
512955	556055	1488	1766	1670	2362.1875	3105.625	3414.9375	4043	3537.125	3402.875	2886.75	urbano
512605	556095	2238	2418	2646	2642.625	3054.5	3141.5	2918	3197	3637.375	3294.3125	urbano
513315	555645	2166	2232	2596	3038.1875	3217.875	3409.375	3222	3546.5	3836.625	3675.0625	urbano
512655	556455	2010	2282	2390	2756.25	3311.6875	3497.5625	3404	3543.375	3702.0625	3344.4375	urbano
512875	555685	1812	2234	2112	2480.625	2955.6875	3144.5	3023	3450.3125	4178.875	3752.625	urbano
512765	556425	2204	2312	2146	2567.75	3026.6875	3218.75	3087	3353.1875	3794.625	3552.9375	urbano
512955	556365	1703	1983	1896	2651.125	3141	3362.5625	3420	3581.25	3857.25	3474.125	urbano
513255	556175	2096	2190	2294	2539.25	2908.5	3111.125	2937	3270.1875	3831.75	3681.0625	urbano
512905	555655	1858	2210	2148	2662.125	3064.4375	3310.4375	3451	3562.8125	4292.6875	4029.75	urbano
513555	556005	1853	2024	2232	2717.5625	3695.1875	4042.25	3971	4154.0625	4169.8125	3739.1875	urbano
512815	555725	1589	1866	1686	2237	3365.0625	3715.1875	4124	3967.8125	3466.5	2764.5625	urbano
513125	556315	2000	2296	2440	2639.4375	3106.75	3265	3192	3320.6875	3540.875	3223.875	urbano
512735	555915	2062	2246	2502	2851.9375	3331.25	3513.125	3250	3571.625	3709.9375	3461.0625	urbano
513265	555605	2218	2296	2242	2489.875	3113.9375	3419.6875	3318	3557.5625	3462.125	3121	urbano
513235	555835	2566	2802	2816	2978.3125	3456.6875	3639.9375	3380	3791.9375	4009.1875	3616.4375	urbano
513345	556355	2240	2324	2550	2872	3320.75	3521.8125	3750	3545.125	4001.875	3810.375	urbano
513325	555565	2246	2220	2454	2722.1875	3103.25	3177.125	2886	3195.25	3646.0625	3350.0625	urbano
512515	556835	2632	3220	3554	3437.9375	3887.875	4052.25	4100	4239	4296.875	3590.9375	urbano
512945	556435	2584	2952	3054	2942.5625	3628.75	3872.0625	3768	4039.6875	4454.1875	3886.9375	urbano
513575	556045	3184	3168	3170	2851.1875	3676.0625	3907.5625	4476	4116.5	4338.9375	3917.125	urbano
512905	555805	2344	2454	2802	2880.5625	3287.1875	3399	3208	3524.1875	3923.3125	3571.6875	urbano
512875	555565	1877	2040	2216	2494.3125	2867.875	3031.625	2914	3269.3125	4242.0625	4010.75	urbano
512555	556815	2158	2434	2576	2727.0625	3557.75	3813.625	3750	4125.9375	4170.625	3420.6875	urbano
512755	556945	1415	1661	1516	2303.125	3554.375	3876.5625	3911	4063.0625	3363.8125	2548.5625	urbano
512785	556855	2306	2500	2654	2986.25	3566	3831.3125	3940	4150.875	4210	3434.875	urbano
512945	556715	2258	2384	2434	2646.1875	2953.625	3091.625	3064	3318.6875	4079.125	3726.875	urbano
512595	555965	2290	2362	2350	2377.6875	3257.5625	3556	3350	3679.625	3212.375	2774.8125	urbano
512665	556825	2432	2564	2368	3028.4375	4016.375	4353.0625	4919	4677.5625	4300.3125	3467.5625	urbano
512905	556285	1410	1702	1516	2426.625	3659.6875	3984.3125	4296	4216.8125	3531.75	2772.6875	urbano
512545	555925	2186	2666	3004	2826.875	3145.1875	3328.8125	3340	3303.8125	3590.6875	3296.9375	urbano
512795	555635	1877	2040	2080	2322.4375	2809.375	2974.5	2827	3230.875	3867.8125	3408.6875	urbano
512675	556835	1544	1800	1742	2695.875	3822.1875	4175.375	4629	4524.75	4117.1875	3176.4375	urbano
512725	556835	1441	1634	1484	2093.125	3624.75	4054	4060	4239.6875	3343.1875	2426.8125	urbano
512915	555785	1790	2076	2306	2812.5	3619.8125	3902	4107	4153.4375	3948.5625	3285.875	urbano
512825	555685	1977	2176	2440	2465.375	2801.875	2941.375	3046	3202	4150.5	3787.125	urbano
513295	555955	2050	2166	2504	2799.0625	3147.3125	3325.0625	3080	3497.875	4197.6875	4165.8125	urbano
512565	556705	1534	1842	1680	2245.25	3810.8125	4360.75	4852	4627.4375	3814.875	2701	urbano
512535	556785	2576	3306	3540	3480.75	3977.1875	4187	4153	4251.375	4185.3125	3511.75	urbano
512425	555965	1968	2272	2208	2601.25	3144.625	3298.5625	3500	3347.625	3438.0625	3062.3125	urbano
512705	556295	1845	2078	2196	2558.6875	3053.3125	3257.25	3220	3346.5625	3539	3191.375	urbano
513055	555455	1788	2098	2014	2279.1875	3585.25	4103.4375	4296	4345.4375	3406.0625	2537.4375	urbano
512525	556775	2086	2538	2780	3138	3955.6875	4194	4204	4330.9375	4026.8125	3296	urbano
512495	556705	2090	2230	2472	2891	3508.0625	3818.3125	3934	4036.3125	4253.4375	3565.625	urbano
512385	555775	2378	2388	2984	3280.1875	3525.5625	3676.5	3302	3782.125	4101.3125	3800.4375	urbano
512745	555895	2028	2178	2408	2523.5625	3276	3577.625	3420	3653.75	3717.25	3359.4375	urbano
513225	555725	1954	2232	2386	2583.0625	3334.9375	3550.9375	3751	3767.3125	3817.25	3190.1875	urbano
512925	555705	1660	1915	1818	2224.875	3194.875	3448.9375	3798	3766.4375	3521.625	2834.875	urbano
512675	555975	2030	2178	2340	2565.8125	3036.6875	3180.9375	2878	3299.875	3505.75	3180.5625	urbano
513565	556145	1787	1988	1961	2721.375	3250.6875	3461.375	3667	3565.3125	3966.6875	3644.6875	urbano
512955	555615	1552	1847	1766	2360	2970.4375	3177.75	3553	3417.875	3745.9375	3334.25	urbano
512415	555565	2340	2478	2882	2611.875	3385.625	3601.3125	3487	3741	3493.875	3089.25	urbano
512525	556215	1853	1959	2092	2383.375	3025.375	3222.0625	2887	3291.5	3317.125	2848.3125	urbano
512855	556925	2136	2332	2438	2694.625	3233.25	3472.3125	3312	3655.1875	3856.0625	3279.375	urbano
513175	556325	2020	2258	2466	2591.1875	2987.875	3199.0625	3295	3252.75	3681.5	3330.0625	urbano
512415	555945	1740	1924	1888	2437.8125	2974.3125	3163.875	3313	3306.875	3281.625	2953	urbano
512295	555825	2328	2112	2204	2649.75	3037.8125	3172.8125	3176	3434.5	3772.25	3756	urbano
513235	556395	1908	1979	2384	2709.8125	3001.3125	3061.4375	2875	3067.875	4017.5	4252.9375	urbano
512355	555915	1642	1834	2080	2402.1875	3208	3414.9375	3389	3522.625	3307.625	2820.875	urbano
513215	555975	1890	2116	2124	2632.0625	3221.375	3442.625	3226	3625.1875	4051.5	3680.75	urbano
512565	555695	2164	2356	2440	2457.5625	3025.5	3324.5	3176	3595.625	3932.125	3341.5	urbano
512485	555865	2096	2312	2440	2564.1875	3056.625	3137.375	3172	3285.1875	3442.125	3082.0625	urbano
512425	555585	1448	1670	1589	2337.3125	3613.3125	3957.8125	3920	4130.6875	3261.5	2618.8125	urbano
512845	556905	2152	2374	2588	2767.4375	3240.8125	3467.9375	3177	3634.6875	3985.5625	3385.8125	urbano
513005	556255	1555	1872	1926	2495.4375	3380.8125	3725.0625	3874	4018.625	3858.1875	3064.5625	urbano
512385	555825	1407	1742	1557	2792.75	3378.125	3588	3810	3733.0625	3695.4375	3225.75	urbano
512815	555715	1630	1816	1754	2251.5	3167.1875	3486.5625	3579	3722.9375	3572	2951.1875	urbano
512295	555625	1613	1874	1942	2892.375	3380.625	3660.8125	3453	3664.875	4078.25	3917.75	urbano
512365	555795	2890	2792	2874	2731.1875	3255.3125	3345.1875	3037	3405.75	3985.1875	3787	urbano
513155	555605	1946	2212	2810	2903.75	3931.5	4214.375	4428	4480.1875	3878.6875	2969.125	urbano
513425	555965	2452	2564	2748	2792.375	3169.875	3362.75	3569	3537.125	3960.25	3789.25	urbano
513235	556385	1982	2046	2354	2721.0625	3002	3038.625	2632	3025.75	3939.4375	4148.8125	urbano
512255	555795	2332	2316	2500	2647.5625	2925.3125	3026.0625	2877	3104.5	3505.3125	3270.3125	urbano
512705	555985	2178	2238	2172	2490.1875	3371.875	3592	3652	3730.75	3390.875	2910.1875	urbano
513295	555875	2068	2246	2292	2672.8125	3154.1875	3318.8125	2914	3410.625	3731.5625	3544.3125	urbano
512695	555865	2572	2550	2770	2716.875	3056.5	3168.4375	3082	3173.5625	3519.4375	3232.25	urbano
512635	556885	1442	1738	1692	2482.375	3498.4375	3786.5625	4044	4081.5625	3834.75	3063.6875	urbano
513405	556015	2456	2410	2392	2621.375	3145.4375	3393.125	3164	3655.0625	4310.4375	4216.8125	urbano
513225	555635	1977	2332	2116	2649.6875	3311.9375	3579.375	3884	3712.6875	3892.875	3529.875	urbano
512965	555665	1672	1845	1849	2360.125	2972.0625	3297.5	3349	3521.875	3680.3125	3187	urbano
512575	556805	2015	2464	2566	2830.3125	3495.6875	3747.125	3744	3992.625	4149.625	3378	urbano
512865	556735	2104	2198	2268	2616.5	2961.0625	3160.875	2920	3471.5	4236	3979.6875	urbano
512705	555965	2054	2278	2482	2588.75	3377.9375	3623.5	3761	3792.5	3394.4375	2938.4375	urbano
513335	556345	1754	1855	2632	3152.3125	3577.625	3777.3125	3265	3781.0625	4132.875	3899.875	urbano
513135	556505	1681	1882	1932	2437.8125	3193.125	3444.75	3359	3667.6875	3735.875	3197.75	urbano
513165	555395	1712	1938	1961	2622.5	3183.125	3323.6875	3618	3482.625	3765.375	3580.1875	urbano
513375	555885	2300	2564	2578	2717.25	3236.375	3381.6875	3230	3452.6875	3808.1875	3545.3125	urbano
512755	555785	2244	2538	2730	2792.4375	3616.0625	3842.4375	3922	4036.9375	3746.5	3106.5625	urbano
512805	556505	2186	2248	2480	2369.9375	3174.875	3409.1875	3059	3578.3125	3450.6875	3013.5	urbano
512715	555815	2388	2560	2806	2563.5	3295.4375	3483	3910	3648.8125	3445.75	3088.5	urbano
512925	555715	1606	1878	1796	2205.875	3311.25	3582.5625	3613	3895.875	3426.5	2674	urbano
513015	556025	1940	2112	2202	2618.8125	3121.125	3295.3125	3105	3714.0625	4161.6875	4211.4375	urbano
512715	556035	1929	2082	2636	2910.8125	3671.5	3888.8125	3448	4074.125	4052.375	3559.375	urbano
513095	556035	2176	2388	2394	2482.625	3220.25	3426.5625	3534	3584.25	3892.875	3429.875	urbano
512565	556145	1745	2026	2054	2397.1875	2990.1875	3129.25	3061	3289.5	3277.4375	2901.6875	urbano
512845	556475	1504	1806	1678	2272.4375	3154.875	3531.3125	3510	3641.625	3262.125	2698	urbano
513245	555625	2010	2112	2410	2706.0625	3078.25	3277.625	3091	3404.1875	3863.25	3762.1875	urbano
512655	556315	1956	2214	2384	2670.9375	3021.4375	3135.1875	2896	3145.0625	3532.125	3244.875	urbano
512515	556175	1848	1948	2310	2587.875	2886.8125	3072.25	2730	3117.3125	3447.5	3113.6875	urbano
512715	555875	2366	2324	2350	2571.125	3042.0625	3278.125	3280	3438.125	3580.25	3344.5	urbano
513145	556265	1476	1833	1697	2382.25	3186.0625	3405.5	3636	3461.3125	3487.5625	3078.875	urbano
512275	555815	1782	1946	1917	2493.8125	3099.375	3278.625	3426	3422.25	3620.375	3408.375	urbano
513175	555465	1921	2036	2090	2381.5	3015.25	3160.4375	3148	3313.9375	3387.125	2995.4375	urbano
513255	555865	2324	2526	2804	2846.8125	3305.9375	3437.1875	3568	3626.8125	3954.75	3644.3125	urbano
512825	556845	2620	2816	3200	3032.8125	3464.8125	3630.25	3714	3836.625	4083.875	3543.875	urbano
512975	556675	2000	2300	2278	2688.125	3155.4375	3298.125	3221	3456.375	4128.375	3812.8125	urbano
513265	556235	2244	2412	2576	2805.3125	3311.6875	3462.25	3376	3568.1875	3959.6875	3890.6875	urbano
512735	556835	1478	1760	1624	2273.375	3744.5625	4196.5625	4244	4426.4375	3591	2617.0625	urbano
512685	556775	1437	1682	1560	2153.6875	3311.3125	3730.625	3821	3879.5625	3334.25	2453.5625	urbano
512615	555775	2116	2360	2426	2738.3125	3252.125	3440.25	3160	3497.5625	3686.8125	3263.125	urbano
513065	555545	2172	2324	2428	2663.4375	3020.375	3097.9375	2938	3148.4375	3442.375	3111.3125	urbano
512945	556335	2066	2252	2368	2718.0625	3301.8125	3550.3125	3156	3838.9375	3943	3525.25	urbano
512845	555715	1980	2030	2016	2394.75	2968.625	3222	3244	3481.8125	4077.5	3530.9375	urbano
513105	556415	1616	1872	1809	2360.375	3172.125	3461.25	3842	3596.3125	3251.375	2688.625	urbano
512815	556885	2494	2678	2730	3027.1875	3549.0625	3742.8125	3944	3949.6875	4397.1875	3859.625	urbano
513315	555985	2072	2168	2350	2949.625	3457.3125	3590	3550	3672	4066.6875	3804.75	urbano
512595	556015	1704	2048	2136	2562.1875	2939.1875	3027.25	3227	3145.5625	3428.4375	3149.5	urbano
513205	556405	1658	1828	1680	2548.6875	3227.875	3433.5	3583	3488.5625	3572.25	3551.9375	urbano
512415	556105	2064	2374	2272	2627.5	2865.3125	3103.25	2831	3205.3125	3557.8125	3323.1875	urbano
512875	556625	1667	1880	1920	2553.5625	3355.5	3621.875	3888	3868.375	3937.1875	3304.25	urbano
513025	556115	1475	1726	1618	2130.6875	3555.0625	4049.25	4116	4332.375	3264.6875	2467.625	urbano
512695	555855	2120	2262	2574	2650.125	3065	3197.3125	3002	3225.1875	3469.3125	3116.25	urbano
512865	556115	1830	2102	2010	2870.25	3734.5625	4024.625	4216	4225.375	4029.25	3476.875	urbano
512985	556255	2122	2464	2450	2602.5	3208.625	3488.9375	3504	3712.6875	3874.75	3407.75	urbano
512435	555825	1786	1982	2086	2485.875	2742.8125	2879.125	2650	2919.125	3541.625	3333.3125	urbano
512645	556855	1937	2146	2212	2605.8125	3482.6875	3797.9375	3938	4045.5625	4116.125	3201.9375	urbano
513105	556535	1951	2254	2352	2694.75	3099.6875	3329	3427	3465.75	4221.6875	3931.3125	urbano
513195	555845	1806	2056	2102	2601.125	3167.375	3357	3248	3625.6875	3970.25	3410.1875	urbano
513285	555965	1747	1954	2004	2563.8125	3119.1875	3323.75	3215	3498.875	3959.375	3644.1875	urbano
512725	556335	2122	2258	2434	2665.3125	2994.8125	3127.625	3340	3140.5625	3448.5625	3124.3125	urbano
513375	556365	1498	1690	1570	2314	3235.625	3572.4375	3764	3848.75	3586.875	2998.3125	urbano
512885	556755	1988	2268	2362	2715.75	3369.75	3608.9375	3577	3863.625	3881.9375	3450.4375	urbano
513235	556235	2996	3066	3554	2888.9375	3274.5625	3412.5625	3806	3564.25	4263.4375	4068.25	urbano
512515	556235	1512	1782	1660	2357.875	3220.1875	3623.1875	3875	3722	3357.9375	2801.8125	urbano
513425	555975	2078	2262	2374	2724.75	3103.6875	3278.5625	3050	3475	3968.75	3851.1875	urbano
512475	555885	2015	2226	2496	2721.9375	2987.9375	3127	2794	3169.8125	3416.0625	3166.75	urbano
513235	555565	1420	1655	1677	2332.875	3481.0625	3840	4115	4031.5	3323.25	2680	urbano
513315	556365	1480	1668	1643	2491.75	3167.8125	3379.25	3636	3635.5	3793.0625	3372.375	urbano
513095	555555	1900	2164	2106	2483.3125	3262.125	3497.375	3284	3586.4375	3366.1875	2847.375	urbano
512595	556035	1756	1927	1976	2431.375	2992.875	3132.25	3192	3190.3125	3340.6875	2963.5	urbano
512775	556815	3990	3676	4432	3819.125	4265.6875	4617.625	5156	4957.3125	4833.6875	3869.1875	urbano
512645	555815	1600	1742	2384	2759.1875	3333	3475.5	2989	3511.75	3599.375	3144.25	urbano
513335	556005	1897	2010	2316	2763.9375	3217.375	3359.5	3109	3514.8125	4098	3844.875	urbano
512345	555975	2318	2520	2722	2702.0625	3362.625	3522.8125	3513	3528.75	3643.4375	3372.5	urbano
513185	555505	1616	1828	1924	2401.0625	3315.375	3657.625	3911	3988.625	3638.6875	2868.1875	urbano
513125	555425	1814	2024	1934	2714.25	3513.5	3719	3791	3842.8125	3799.25	3275.4375	urbano
512535	555765	2116	2300	2592	2743.0625	3178.6875	3366.6875	3258	3475.625	3826.625	3433.1875	urbano
512975	556565	2150	2204	2574	2805.3125	3225.125	3439.375	3112	3573.5625	4382.6875	4012.9375	urbano
512925	555695	1559	1817	1722	2263.125	3013.125	3357.8125	3590	3666.3125	3695.875	3078.125	urbano
513465	556115	1454	1746	1632	2451.125	3682.25	4106.1875	4441	4383.125	4060.9375	3266.8125	urbano
512835	556925	1948	2252	2424	2775.3125	3151.625	3261.0625	3433	3452.5	3918.1875	3502.3125	urbano
512785	556555	2814	2866	2994	2761	3264.5625	3416.6875	3558	3519.875	3681.4375	3247.4375	urbano
512835	556335	2448	2796	3136	3096.375	3450.3125	3603	3943	3690	4274.375	4057.1875	urbano
512615	556715	1435	1666	1700	2253.375	3307.3125	3636.875	3552	3974.625	3650.6875	2730.3125	urbano
512565	556795	2296	2534	2788	3093.625	3558.4375	3761.5625	3740	3976.4375	4267.25	3592.6875	urbano
512445	555585	1410	1608	1451	2166.375	3446.1875	3790.5	3990	4006.1875	3081.0625	2438.125	urbano
512515	555595	2386	2642	2718	2808.125	3056.25	3169.3125	3145	3220.8125	3673.5625	3529.9375	urbano
512725	555875	2976	2294	2138	2378.875	3125.6875	3508.375	3791	3696.875	3515.25	3191.5	urbano
512875	556685	2200	2670	2552	3000.1875	3683.125	3873.375	4164	4166.8125	4136.0625	3739.75	urbano
512785	555765	1522	1785	1714	2435.375	3524.4375	3921.5625	4108	4228.4375	3497.6875	2691.4375	urbano
513235	556345	2418	2556	2744	2815.5625	2995.5625	3051.125	3088	3065.375	3738.5	3557.0625	urbano
513375	556375	1523	1698	1745	2319.5625	3311.4375	3644.125	3941	3902.5625	3547.1875	2942.875	urbano
512405	555595	2610	2870	2896	2606.1875	3889.0625	4281.8125	4740	4433.1875	3551.5	3101.8125	urbano
512995	555645	1961	2180	2236	2439.5625	2983.8125	3224.1875	3027	3435.75	3850.6875	3527	urbano
512675	556475	2004	2274	2444	2667.625	3296	3495.875	3376	3699.0625	3616.5	3228.4375	urbano
513105	556275	1623	1876	1820	2389.3125	3308.8125	3608	3824	3797.8125	3427.375	2918.875	urbano
512625	555875	2132	2230	2274	2479.875	3005.6875	3164.875	2996	3267.3125	3260.125	2919.6875	urbano
512595	556125	2370	2414	2592	2685.25	2925.9375	3028.4375	2887	3027.8125	3374.6875	3170.1875	urbano
513455	556105	1667	1914	1970	2607.25	3780.1875	4193.9375	4224	4491.625	4104.25	3257.5625	urbano
512685	556755	1498	1713	1574	2074.6875	3548.25	3958.375	3814	4198.9375	3352.875	2361.4375	urbano
512445	555675	1875	2294	2472	2541.9375	3186.4375	3499.5	3364	3666.5625	3676.875	3182.8125	urbano
512635	555835	2238	2356	2450	2794.875	3244.625	3339.125	3134	3345.5625	3493.5625	3162	urbano
512555	556915	2044	2188	2478	2844.875	3466.9375	3714.625	3697	3975	3989.125	3349.8125	urbano
512715	556745	1524	1754	1840	2332.125	3356.5625	3710.8125	3562	4068.75	4064.75	2959.5	urbano
513375	555915	2340	2326	2746	2961.4375	3380.6875	3527.625	3212	3509	3934.3125	3791.1875	urbano
512795	556055	1976	2148	2290	2876.375	3376.8125	3604.5625	3437	3814.8125	4079.625	3781.8125	urbano
513205	556295	1714	2010	1980	2435.75	3053.5	3247.8125	3768	3449.25	3724.4375	3333.0625	urbano
513475	556105	1563	1809	1742	2313.875	3679.375	4103	4040	4385.0625	3937	2965.75	urbano
513265	555805	2070	2338	2360	2940.5625	3295.5	3490.5	3361	3691.3125	4181.125	4097.75	urbano
513195	555535	3088	2302	2092	2380.4375	3125.875	3480.6875	3407	3871.3125	3647.6875	3003.5625	urbano
512805	556825	4244	3844	4002	3609.625	4118.875	4551.25	5533	5005.8125	4711.25	3828.125	urbano
513395	556165	1695	1922	1847	2725.625	3381.375	3623.8125	3917	3814.125	4140.75	3841.75	urbano
512585	555705	1614	1864	1835	2316.9375	3321.125	3724.8125	3644	4008.1875	3733.3125	3011.125	urbano
513025	556555	2026	2252	2366	2801.375	3285.3125	3492.0625	3277	3703.3125	4065.8125	3633	urbano
512965	556085	1744	2016	2152	2576.0625	3324.5625	3634.125	3791	3820.5625	3695.5	3005.5	urbano
513275	555635	2224	2274	2498	2597.8125	3167.1875	3282.5	3320	3322.5	3376.875	3055.75	urbano
513245	556315	2786	2920	2846	2823.4375	3057.125	3198.125	3328	3262.625	3992.75	3765.1875	urbano
513165	556505	1592	1876	1786	2231.375	3210	3548.0625	3662	3762.5625	3479.75	2872.625	urbano
513185	555785	2346	2462	2540	2727.125	3208.9375	3329.5625	3207	3384.1875	3776.875	3464.625	urbano
512715	555925	2040	2240	2394	2757.1875	3167.4375	3298.25	3248	3379.625	3702.8125	3392.4375	urbano
513575	556085	3408	2854	2696	3020.625	3340.4375	3602.625	3942	3998.875	4613.5	4494.8125	urbano
512765	556895	1632	2012	2009	2674.375	3554.875	3837.25	4297	4117.125	3942.75	3116.9375	urbano
512525	556085	1800	1928	1940	2356.25	2974.75	3165.125	3348	3359	3519.9375	3155.125	urbano
512305	555805	3186	2386	2438	2645.1875	2900.4375	3036.9375	3510	3495.0625	4003.8125	4167.3125	urbano
513195	555735	2010	2248	2450	2579	3070.375	3278.5625	3363	3549.875	3910.75	3396.0625	urbano
512635	555815	1648	1932	1964	2846.0625	3407.5	3611.5	3706	3703.75	3601.625	3175.25	urbano
512265	555685	1960	2216	2274	2408.3125	2817.375	2971.875	3082	3086.1875	3308.375	3010.125	urbano
513335	556025	2334	2462	2600	2967.5	3249.125	3373.25	3135	3479.8125	4379.5	4136.75	urbano
513125	555475	1546	1852	1766	2602.8125	3532.9375	3849.125	4375	4081.0625	3552.3125	2996.75	urbano
512295	555675	2096	2322	2478	2558.5	2874.25	3032.0625	2892	3188.1875	3791.6875	3533.5	urbano
512405	556025	1316	1558	1328	2052.5625	3109.3125	3475.0625	3584	3635.0625	2882.0625	2281.0625	urbano
512585	555665	1520	1842	1604	2329.25	3423.25	3738.6875	4193	4012.375	3446.625	2731	urbano
512875	555675	1975	2078	2234	2571.375	2958.0625	3092.5	3092	3356.9375	4161.625	3810.875	urbano
513315	555955	2460	2450	2408	2804.125	3158.625	3330.5	2919	3523.6875	4144.3125	4074	urbano
512515	556105	1892	2194	2346	2501.625	3040	3243.8125	2853	3300.4375	3529.9375	3218	urbano
512815	556905	2718	2936	2986	3240.875	3604.9375	3724.625	3962	4023.375	4383.8125	3960.6875	urbano
513205	555955	1900	2072	2174	2547.25	3291.75	3553.3125	3482	3712.8125	3811.375	3348.6875	urbano
512845	556545	2218	2338	2448	2563	3272.5625	3502.6875	3231	3658.6875	3514.9375	3045.1875	urbano
513415	556295	2628	2598	2636	2582.6875	3183.125	3354.9375	3105	3492.25	3696.6875	3239.3125	urbano
512795	556365	2288	2496	2666	2789.3125	3087.6875	3183.25	2968	3156.9375	3520.8125	3245.375	urbano
513355	555875	1731	1879	2000	2762.8125	3307.1875	3472.125	3464	3576.3125	3857.4375	3647.6875	urbano
512885	556105	1758	2056	1980	2567.875	3282.6875	3525.6875	3754	3741.625	3849.9375	3347.9375	urbano
513115	556055	1386	1667	1424	2346.8125	3519	3917.6875	4116	4142.9375	3486.3125	2760.1875	urbano
513365	556295	1639	1876	1950	2229.6875	3272.875	3537.5	3338	3884.375	3756.1875	2992.625	urbano
512435	556055	1720	1901	1898	2350.125	2965.25	3156.8125	3284	3315.375	3500.75	3111.5	urbano
512665	556685	1478	1763	1664	2163.375	3513.75	3935.1875	3909	4270.0625	3266	2312.5625	urbano
513035	556605	2005	2174	2330	2584.875	3338.4375	3578.375	3425	3802.4375	3937.875	3335.3125	urbano
512565	556855	1638	1922	1884	2492.75	3696	4095.6875	4095	4413.5	3839.625	3009.1875	urbano
513225	555835	1864	2130	2138	2802.25	3525.1875	3745.0625	3978	3934.0625	3909.3125	3380.875	urbano
512565	556035	1966	2208	2494	2754.1875	3072.5	3117.5625	3120	3088.0625	3639.25	3416.6875	urbano
513195	555455	1930	2146	2296	2592.25	3226.125	3437.5625	3290	3462.375	3611.8125	3274.5	urbano
513515	555955	1744	1908	2448	2818.75	3671.25	3904	3785	3992.75	3994.5625	3322.4375	urbano
512605	556995	2136	2362	2318	2637.125	3433.625	3726.3125	3171	3971.6875	3768.25	3037.0625	urbano
512795	555575	1780	1932	1944	2316.25	2886.8125	3070.9375	3010	3402.4375	3909	3435.1875	urbano
512795	556485	2114	2230	2450	2588.375	3179.4375	3350.75	3088	3386.375	3503.6875	3279.8125	urbano
513005	556265	1761	1986	2084	2511.8125	3209.4375	3491.6875	3566	3878.375	3963.0625	3337.6875	urbano
513375	556135	1990	2112	2162	2608.5625	3306.875	3487.4375	3474	3732.1875	4044.3125	3610.125	urbano
512705	556545	1784	1944	2046	2597	3224.5625	3382	3442	3506.125	3546.375	3169.25	urbano
512385	555955	1882	1988	2226	2413.3125	2753.5	2855.375	2488	2888.5	3452.375	3178.0625	urbano
512575	556725	1542	1727	1708	2219.4375	3572.8125	4140.0625	4152	4427.3125	3730.6875	2695.9375	urbano
512715	556305	1842	2054	2250	2574.0625	3026.875	3204.5625	3114	3262.875	3412.8125	3052.375	urbano
513395	556345	2030	2194	2130	2472.75	3467.0625	3809.5625	3380	3943.0625	3610.4375	2961.875	urbano
512545	555785	1924	2140	2306	2772.5	3016	3122	3040	3179.375	3829.6875	3658.125	urbano
512705	556485	1683	1836	1974	2372.5625	3047.1875	3187.25	3245	3321.125	3323.1875	2911.3125	urbano
512285	555785	2578	2700	2666	2672.4375	2929.75	3036.5625	2891	3125.75	3843	3946.9375	urbano
512635	556415	2082	2302	2538	2804.375	3174.875	3330	3265	3433.3125	3781.125	3539.6875	urbano
512515	555975	2538	2438	2856	2805.75	3024.125	3161.8125	3221	3198.4375	3573.375	3348.3125	urbano
512465	555985	3356	2960	3236	2872.625	3119.75	3182.5	3210	3156.375	3666.3125	3453.125	urbano
512975	556225	1971	2152	2162	2453.9375	2989.75	3219.5	3012	3506	3772	3403.8125	urbano
512705	555835	1968	2136	2344	2676.625	3192.25	3398.625	3404	3417.125	3453.75	3108.8125	urbano
513225	555955	1982	2162	2320	2623.375	3070.8125	3255	3313	3496.25	4144.5625	3890.0625	urbano
513365	556325	1732	1958	1984	2371.0625	3283.5625	3619.0625	3721	3844.8125	3810.1875	3125.75	urbano
513505	556145	2476	2564	2366	2755.0625	3479.625	3726	3315	3922.75	3954.3125	3619.5	urbano
512345	555845	2060	2138	2420	2565	2967.125	3118.625	3171	3155.6875	3383.5	3088.25	urbano
512785	556645	1762	2050	2162	2788.6875	3435.3125	3704.375	3588	4047.125	4547.4375	3610.25	urbano
512995	555665	2078	2222	2182	2411.375	2869.625	3047.5625	3126	3341.25	3826.625	3526.875	urbano
513315	556415	1618	1854	1664	2255.9375	3224.125	3513.0625	3743	3738.75	3580.0625	3036.4375	urbano
513535	555965	2578	2890	2954	3359.4375	3930.875	4213	4120	4232.875	4252	3766.3125	urbano
512335	555905	1539	1750	1695	2270.4375	3016.6875	3253.125	3299	3349.0625	3292	2924.5	urbano
513045	555805	1819	2064	2218	2642.625	3625	3937.4375	4072	4254.5625	3962	3126.25	urbano
512605	556805	3352	3122	3182	3464.625	4015.0625	4101.125	4031	4243.875	4534.1875	3672.1875	urbano
512905	556035	1328	1632	1444	2121.9375	3479.625	3899.625	4067	4119.4375	3167.1875	2310.0625	urbano
513195	555495	1583	1861	1856	2489.8125	3265.125	3552.1875	3792	3724.375	3527	2945.0625	urbano
513045	556505	1652	1912	1824	2846.375	3504.5625	3656.875	3467	3849.125	4079.9375	3591.375	urbano
513245	555685	1927	2122	2122	2601.1875	3057.625	3223.25	3169	3233.5625	3451.625	3083.6875	urbano
512575	556035	1942	2186	2282	2595	3011.375	3078.75	3010	3076.4375	3487.125	3183.8125	urbano
513355	555835	2620	2620	3116	2903.1875	3306.25	3478.25	3601	3497.5625	3989.6875	3812.6875	urbano
513105	555925	1556	1818	1794	2554.1875	3452.1875	3736.9375	4090	3855.875	3651.8125	3118.75	urbano
513415	555895	2802	2904	3088	2944.8125	3120.25	3258.75	3460	3291.5	3923.4375	3822.6875	urbano
513385	556065	1915	2078	1982	2368.0625	3083.5	3307.125	3482	3448.125	3703.25	3293.6875	urbano
512605	556335	2222	2424	2528	2677.5625	3033.875	3132.8125	3038	3224.125	3519	3232.3125	urbano
513055	555735	2750	2930	2648	2644.6875	3185.625	3392.75	3195	3500.875	3698.5	3294.125	urbano
512465	555865	1991	2208	2434	2710.875	2981.25	3058.4375	2957	3094.8125	3545.625	3295.0625	urbano
512325	555745	1636	1766	1996	2443.0625	2850.875	2976.3125	2750	3113.625	3376.1875	2999.375	urbano
513295	556345	2178	2398	2484	3273.0625	3574.125	3733	3412	3834.9375	4147.4375	3947.25	urbano
512785	556835	2536	2726	2910	3424.125	3873	4238.5625	3841	4607	4669.9375	3752	urbano
512765	556545	2118	2246	2238	2621.875	3081.9375	3196.125	2614	3289.1875	3686	3295.1875	urbano
513135	556265	2722	2808	2770	2523.25	3165.6875	3299	3822	3337.9375	3541.1875	3142.125	urbano
512935	555795	1484	1749	1735	2575.125	3543.8125	3898.8125	3924	4193.125	3899.9375	3161.625	urbano
512945	555815	1988	2332	2264	2606.5	3541.375	3819.75	3890	4004.75	3768.5625	3144.9375	urbano
512485	555995	1616	1992	1954	2608.75	3213.25	3403.5	3566	3451.1875	3497.375	3077.6875	urbano
512765	556955	1476	1877	1735	2446.125	3475	3835.625	4100	3900.4375	3400.1875	2712.875	urbano
512405	555925	2016	2134	2284	2568.5	2943.875	3074.375	3289	3144.25	3301	3026.25	urbano
513065	556235	1442	1682	1536	2397.4375	3432.9375	3763.75	3809	4000.375	3574.375	2743.375	urbano
512415	555585	1343	1716	1488	2502.9375	3758.9375	4119.9375	4123	4297.5625	3400	2902.9375	urbano
512695	556965	1562	1696	1651	2372.375	3513	3861	3720	4099.0625	3697.125	2935.3125	urbano
513205	555485	2378	2504	2460	2688.875	3249.6875	3424.25	3318	3476.625	3643.8125	3325.125	urbano
512945	556585	1440	1708	1626	2248.25	3456.875	3850.1875	3598	4146.75	3572.75	2674.375	urbano
513275	556335	1854	2060	2400	2803.25	3159.875	3322.6875	2996	3326.625	3887.625	3643.75	urbano
512495	556155	2888	2516	2616	2674.0625	3129.625	3315	3386	3354.9375	3664.4375	3391.5	urbano
512725	555805	1934	2216	2194	2511.375	3306.9375	3551.5625	3304	3717.1875	3470.6875	2948.1875	urbano
512325	555775	1778	1878	2118	2540.8125	2879.0625	2990.5625	2829	3144.25	3629.875	3319.3125	urbano
512475	556185	1974	2218	2410	2687	3091	3219.6875	2999	3273.5	3474.9375	3140.0625	urbano
512885	556025	1529	1742	1742	2177.1875	3339.5625	3665	3589	3879.125	3240.375	2488.625	urbano
513345	556325	1776	1974	2028	2585.3125	3412.6875	3672.5625	3750	3886.4375	3851.875	3293	urbano
513305	555775	1890	2164	1915	2566.0625	3496.25	3694.5	4175	3861.3125	3709.1875	3306.75	urbano
513455	556345	2172	2430	2280	2879.375	3401.875	3669.125	3823	3799.875	4068.0625	3718	urbano
513185	555535	1983	2000	1916	2384.9375	3141.875	3489.0625	3734	3888.125	3677.0625	3036.25	urbano
512965	556335	2578	2284	2392	2683.6875	3103.4375	3378.125	3946	3797.3125	4203.875	3772.125	urbano
513375	556095	2150	2300	2352	2740.0625	3239.1875	3414.3125	3217	3603.6875	4030.625	3805.3125	urbano
512695	555935	1862	1897	2164	2452.25	3035.6875	3260.625	2900	3482.6875	3535.1875	3048.5	urbano
513035	556475	1694	2022	2052	2466.625	3398.125	3713.375	3755	3940	3820.4375	3122.8125	urbano
512675	556385	1886	2134	2056	2659.3125	3313.125	3522.5625	3712	3596.125	3494.75	3145.125	urbano
513475	556175	2250	2250	2316	2638.5625	3261.625	3557	3490	3820.5625	4107.0625	3971.75	urbano
513285	555905	2368	2418	2632	2584.8125	2946.25	3037.5	2839	3145.8125	3764.5	3610.4375	urbano
512865	556045	1650	1867	1898	2479.8125	3198.4375	3439.625	3487	3742.375	3667.4375	3130.3125	urbano
513105	556265	1694	2016	1892	2420.75	3362.5625	3675	4115	3920.375	3411.3125	2859.5	urbano
512475	555955	1706	1858	2066	2866.6875	3246.8125	3317.9375	3238	3320.3125	3758.5	3456.25	urbano
513545	556065	2248	2610	2850	3045.3125	3716	3917.0625	4234	3997.875	4490	4370.6875	urbano
512265	555745	2336	2542	2744	2921.0625	3249.9375	3345	3041	3321	4037.5	3988.6875	urbano
512715	556325	2084	2250	2550	2667.4375	3109.5625	3240.125	3042	3345.5625	3440.25	3075.625	urbano
512555	556085	2266	2576	2466	2486	3376.375	3628.0625	3739	3752.5625	3565.25	3052.5625	urbano
513615	556125	1888	1996	2112	2698.9375	3584.125	3836.125	4000	3958.1875	4042.25	3522.0625	urbano
512735	555805	1668	1924	2021	2472.75	3302.5625	3578.3125	3532	3759.1875	3458.1875	2872.8125	urbano
512955	555725	1389	1666	1511	2129.625	3601.0625	4083.75	4100	4322.5	3122.0625	2217.9375	urbano
512945	556325	2322	2412	2506	2614.0625	3221.25	3506.3125	3200	3793.6875	3870.5	3418.625	urbano
513115	555445	2154	2394	2470	2755.3125	3522.875	3775.8125	3776	3854.625	3786.25	3343.4375	urbano
512685	556495	1778	1884	2014	2553.125	3062.5625	3251.8125	3080	3419.25	3569.5625	3190.5625	urbano
512585	555795	2028	2328	2124	2562.3125	3218.3125	3460.9375	3611	3578.6875	3573.75	3149.5	urbano
512425	556115	1660	2026	1982	2819.0625	3186.875	3367.1875	3384	3514.5	3751.6875	3574.8125	urbano
513235	556355	2058	2226	2566	2791.75	2961.6875	3028.6875	3025	3026.5	3687.4375	3565.5	urbano
512985	555675	1930	2082	2190	2406	2837.5625	3049.8125	2884	3371.5	3808.5625	3464.125	urbano
512605	556895	1964	2018	2102	2591.75	3451.3125	3783.75	3584	3971.0625	3635.125	2988.25	urbano
512895	555555	1866	1926	2226	2514.25	2920.875	3172.75	3045	3408.0625	4305.625	3881.0625	urbano
513225	555965	2120	2320	2510	2628.125	3007.9375	3207.5	3219	3477.25	4103.1875	3824.6875	urbano
513105	555735	2086	2246	2536	2819.9375	3267.125	3412.375	3142	3594.25	3801.3125	3364.9375	urbano
512725	555935	2332	2556	2766	2871.5	3277.75	3408.1875	3435	3473.5	3674.6875	3368.75	urbano
513015	556585	1853	1952	2174	2560	3149.4375	3332.25	3191	3558.6875	4017	3562.125	urbano
512365	555825	2042	2166	2300	2464.1875	2960.375	3081.9375	2637	3218.8125	3604.9375	3252.625	urbano
512615	556865	1698	2048	2246	2386	3556.9375	3950.5625	4098	4271.5625	3704.4375	2789.9375	urbano
512745	555745	1625	1826	1902	2421.125	3422.375	3805.0625	3469	4092.5	3560.375	2709.875	urbano
512875	555765	1921	2086	2268	2502.5	3148.4375	3378.5625	3197	3581.3125	3756.75	3241.25	urbano
512555	556805	2216	2538	2578	2950.625	3532.4375	3738.0625	3412	4031.4375	4267.75	3601.6875	urbano
512435	556005	1673	1932	2226	2585.125	3133.125	3291.5	3407	3315.625	3397.375	3002.75	urbano
513545	555925	1665	1874	2228	2568.1875	3539.4375	3830.75	3783	4115	3895.5625	3210.25	urbano
512565	555705	1836	2050	2090	2264.1875	3097	3465	3303	3724.875	3654.875	2941.5	urbano
513055	555605	1735	1990	2416	2802.75	3855.25	4116	4108	4224.625	3964.3125	3389.1875	urbano
513375	555995	2352	2410	2788	2805.8125	3121.1875	3244.25	3308	3484.6875	4205.25	4135.625	urbano
513345	556165	1937	2114	2126	2531.125	3222.875	3476.6875	3600	3735.6875	3920.75	3414.8125	urbano
512625	556175	2142	2366	2502	2508.8125	3116.625	3373.3125	3061	3470.5625	3434.9375	3006.1875	urbano
512635	555885	2116	2288	2332	2474.4375	3147.8125	3268.1875	2987	3315.5	3288.3125	2895.1875	urbano
512705	555785	1941	2182	2250	2663.375	3304.125	3552.5	3382	3721.25	3577.9375	3057.25	urbano
513255	556455	2378	2454	2500	2877.5625	3139.0625	3296.9375	2958	3250.3125	3765.375	3510.875	urbano
513175	555895	2098	2254	2344	2489.625	3151	3363.8125	3149	3604.25	3832.625	3423.75	urbano
512345	555675	1983	2260	2354	2689.1875	3175.8125	3390.1875	3123	3491.9375	3654.8125	3192.875	urbano
513045	556565	1668	1930	1879	2533.125	3277	3534.5625	3597	3670.1875	3848.8125	3362.1875	urbano
512875	556915	1644	1780	1766	2211.6875	3009	3228.3125	3208	3575.9375	3916.0625	3276.625	urbano
513455	556335	1913	2146	2234	2816.625	3528.125	3796.375	3951	3904.125	4052.6875	3661.5	urbano
512755	556485	1863	1888	1826	2182.125	3151.75	3544.875	3518	3657.9375	2931.25	2298.75	urbano
512835	557005	2592	2766	2916	3292.5625	3584.0625	3684.75	3342	3742.9375	4210.4375	3823.6875	urbano
512935	556455	1650	1818	2202	2982.1875	3615.75	3731.125	4002	3876.8125	4469.875	4114.625	urbano
512825	555575	1990	2130	2164	2419.75	2866.5625	3085.1875	2958	3360.8125	4099.3125	3708.9375	urbano
512775	556295	2550	2636	2694	2775.1875	3342.375	3520.4375	3279	3529.4375	3605.4375	3309	urbano
513525	556155	1990	2240	2178	2694.75	3398.6875	3663.0625	3872	3834.9375	4131.8125	3808.3125	urbano
512395	555745	1868	2048	2182	2655.1875	3033.5	3133.8125	3288	3168.375	3633.375	3421.9375	urbano
512615	556885	1558	1924	2070	2545.25	3487.1875	3831.125	4153	4078.9375	3680.5625	2964.9375	urbano
513065	555905	2298	2476	2800	3090.4375	3237.4375	3292.5	2913	3216.1875	3951.25	3832.625	urbano
512655	555965	2010	2224	2470	2625.4375	3007.75	3166.1875	3104	3265.5625	3520.5	3201.5	urbano
513375	555855	2468	2692	2708	3015.375	3323	3460.4375	3502	3506.875	4005.0625	3830.6875	urbano
512935	556585	1576	1860	1911	2327.25	3386.625	3714.0625	3974	4015.25	3538.75	2713.625	urbano
512975	555645	1664	2046	1910	2345.1875	2979.4375	3163.6875	3727	3448.3125	3758.6875	3361.1875	urbano
512915	556155	1449	1740	1575	2333.75	3494	3822.875	3967	4049.9375	3431.4375	2852.0625	urbano
513565	556115	2174	2440	2622	2828.25	3274.5	3379.625	3112	3435.9375	3906.125	3509.3125	urbano
512495	555795	2120	2406	2676	2810.875	3114.6875	3261	2996	3383.8125	3866.6875	3604.25	urbano
513405	555825	2050	2236	2318	2693.5625	3142.75	3249	3114	3252.75	3629.9375	3340.25	urbano
513105	555765	2636	2936	3342	3316.25	3524.375	3541.5625	3348	3530.5	4223.9375	4129.375	urbano
512525	556845	2184	2584	2816	3188.9375	3838.375	4062.75	3937	4238	4211.875	3501.4375	urbano
513455	556095	1694	2090	2140	2686.25	3775.5625	4100.3125	4388	4389.375	4118.75	3271.1875	urbano
512955	556245	2274	2454	2874	2643.8125	3167	3423.5625	3829	3515	4221.5	3934.4375	urbano
512555	556895	2206	2362	2646	2951.625	3623.1875	3910.1875	4041	4012.4375	4019.8125	3469.875	urbano
512465	556165	1690	1884	2580	2575.75	3340.8125	3560.6875	3862	3711.5	3489.0625	2999.8125	urbano
512825	556625	1534	1807	1774	2296.3125	3592.1875	4064.625	4082	4312.4375	3864.5625	2807.4375	urbano
512325	555815	2454	2588	2860	2699.3125	3089.4375	3204.3125	3218	3267.75	3724	3543.0625	urbano
512995	555755	1702	1792	1902	2517.5	3236.9375	3613.1875	2847	3826.625	4157.375	3838.0625	urbano
512315	555835	1876	2076	2078	2472.5625	2935.8125	3035.0625	2904	3109.75	3576.1875	3338.75	urbano
512805	556925	2206	2526	2576	3029.5625	3345.0625	3397.125	3007	3367.8125	4005.8125	3741.1875	urbano
512425	555795	2244	2490	2304	2817.1875	3236.8125	3304.25	3388	3224.5	3583.5	3281.5	urbano
513165	555915	1740	1983	2002	2489.125	3082.0625	3270.6875	3145	3414.3125	3798.875	3360.125	urbano
512795	556405	1532	1632	1700	2195.875	3055.3125	3301.6875	3089	3578.75	3246	2675.1875	urbano
513495	555925	1694	1990	1944	2452.5625	3511.8125	3819.1875	3699	3974.625	3593.625	3014.375	urbano
512965	556685	1845	2066	2104	2814.1875	3178.5	3366.125	3556	3569.75	4179.875	3926.625	urbano
512555	556445	1556	1807	1780	2295.9375	3413.375	3791.625	3757	4095.125	3556.75	2720.75	urbano
513425	555945	2042	2194	2474	2787.6875	3247.375	3432.5625	3362	3619.9375	3920	3676.625	urbano
512555	555615	2015	2324	2506	2528	3447.3125	3751.625	3648	4070	3490.3125	2861.3125	urbano
512605	556185	1579	1772	1861	2313.1875	3240.375	3503.9375	3469	3718.375	3314.875	2796.9375	urbano
512435	556025	1831	1946	2166	2512.6875	3028.5	3202.1875	2692	3301.8125	3331.5625	2976.75	urbano
512935	556685	2046	2214	2266	2644.3125	2995.875	3165.125	3274	3454.4375	4136.75	3853.125	urbano
513015	556525	1897	2112	2370	2861.875	3469.875	3654.0625	3445	3871.8125	4059.625	3555.1875	urbano
512795	556895	2160	2624	2914	3285.375	3797.625	4024.25	3954	4262.875	4581.8125	3967.5625	urbano
513255	555975	2066	2214	2350	2570.6875	3052.75	3188.0625	3069	3375.1875	4093.9375	3793.9375	urbano
513345	555785	1911	2148	2098	2520.25	3101.0625	3279.4375	3070	3394.125	3522.6875	3191.5	urbano
512925	556715	1921	2334	2354	2730.5	3072.5625	3262.1875	3305	3478.6875	4234.1875	3904.9375	urbano
512495	555585	1544	1712	1952	2408	3189.4375	3424.25	3568	3450.875	3319.6875	2890.1875	urbano
512405	555825	2056	2198	2296	2801.9375	3157.5	3315.375	2837	3435.5625	3641.0625	3250.875	urbano
512555	555755	2080	2224	2238	2381.5625	3033.4375	3180.625	3169	3309.5	3307.75	2882	urbano
512505	555795	2652	2786	3014	3021.125	3246.0625	3365.5	3164	3403.9375	4120.0625	3984.25	urbano
512575	556825	1662	1886	1885	2506.4375	3602.4375	3936.0625	3552	4216.5625	3886.4375	2972.0625	urbano
512775	556375	2320	2412	2634	2780.875	3005.8125	3078.375	2876	3032.5	3542.4375	3278.125	urbano
512655	556715	1396	1628	1448	1949.1875	3557	4052.9375	3895	4290	3060.5625	2131.4375	urbano
513335	556335	1790	1780	2716	3063.4375	3710.375	3895.4375	3301	3966.1875	4110.125	3801.125	urbano
512625	555915	1445	1652	1672	2292.75	3045.3125	3334.9375	3269	3446.6875	3197.875	2716.8125	urbano
512725	555785	1850	2044	2116	2561.75	3434.8125	3754.0625	3708	3954.25	3604.75	2895.9375	urbano
513255	555525	1836	1971	2178	2507.125	3539.875	3875.875	4187	4105.1875	3626.4375	2949	urbano
512445	555825	1771	1844	2126	2459.125	2728.9375	2881.875	2641	2975.375	3724.375	3613.4375	urbano
513185	555895	1858	2068	2112	2514.875	3172	3431.9375	3678	3678.25	3768.375	3408.75	urbano
513075	555945	3182	3056	3328	3163.0625	3407.1875	3562.5	3566	3561.875	4121	3941.8125	urbano
513035	556255	2662	3226	3496	3171.25	3687.625	3940	4272	4209.8125	4278.9375	3517.625	urbano
512955	555805	1602	1860	1843	2437.375	3539.5625	3908.375	4301	4193.3125	3943.8125	3146.875	urbano
512425	556095	2110	2308	2496	2582	2831.8125	3002.75	2766	3102.8125	3560.3125	3318.6875	urbano
512785	556575	1466	1706	1664	2493.5625	3543.8125	3995.875	3828	4219.6875	3664.125	2875.8125	urbano
512565	556835	1594	1906	1852	2496.4375	3733.25	4107.3125	4284	4395.6875	3859.125	2925.125	urbano
513335	555965	1894	2072	2238	2653.375	3272.3125	3516.1875	3453	3646.25	3771.5	3403.3125	urbano
513185	556395	1855	1910	2072	2426.25	2984.5	3282.625	3023	3318.125	3624.75	3376.4375	urbano
512625	556535	2166	2256	2376	2562.75	3247.3125	3447.125	3653	3600.5	3622.5625	3071.0625	urbano
513255	555835	2694	2970	2854	3176.4375	3351.6875	3514.0625	3123	3569.4375	4253.0625	4197.25	urbano
513355	555925	1933	2136	2056	2766.9375	3513.875	3673.1875	3656	3856.75	3923.4375	3637	urbano
512465	555605	1902	2140	2144	2448.875	3046.0625	3302.8125	3013	3320.8125	3216.0625	2834.1875	urbano
512475	555865	2260	2490	2668	2663.0625	3015.875	3094.125	3205	3182.0625	3498.875	3196.6875	urbano
512605	556905	1735	2068	2062	2576.75	3438.9375	3726.75	3548	3925.6875	3683.375	3060.25	urbano
512625	555735	1358	1567	1379	2062.8125	3463.75	4007.5625	4084	4294.0625	3151.0625	2300.5625	urbano
512635	556535	1682	1904	1978	2499.4375	3367.1875	3632.875	3943	3811.5	3663.125	3002.25	urbano
513065	556325	2050	2274	2280	2543.0625	3108.625	3319.5	3201	3526.5625	3931.9375	3485.5625	urbano
513435	556035	1565	1828	1809	2453.5	3150.5625	3450.125	3740	3604.625	3749	3338	urbano
513485	556185	1645	1889	1908	2506.0625	3515.125	3783	4144	4102.5625	3874.5625	3489.25	urbano
512995	555635	1852	2002	2092	2460.6875	3011.9375	3196.0625	3170	3380.25	3824.5625	3460.5	urbano
512515	556045	2554	2446	2510	2741.4375	2893.4375	3030.6875	3037	3226.3125	3979.375	4008.25	urbano
513135	555745	1736	1894	1832	2433.0625	3383.625	3774	3642	3916.1875	3658.9375	3053.0625	urbano
513535	556055	1980	2272	2382	3105.8125	3765	3890.0625	3779	3947.875	4276	3941.6875	urbano
512235	555755	1917	2372	2516	2871.375	3277.3125	3383.5625	2839	3372.3125	4006.625	3924.375	urbano
512615	556195	1487	1725	1716	2349.125	3164.6875	3407.375	3554	3566.6875	3317.8125	2789.8125	urbano
512775	555985	2626	2884	3028	2846.25	3319.75	3447.875	3435	3439.1875	3761.6875	3424.9375	urbano
512845	556055	2218	2516	2604	2617.125	3377.5625	3602.5	3854	3864.875	3839.875	3274.9375	urbano
512785	555945	1597	1938	1664	2332.3125	3376.3125	3733.1875	4121	3854.375	3458.25	2872.25	urbano
512445	555785	2098	2266	2516	2552.75	3056.875	3248.125	2847	3273.0625	3446.25	3177.75	urbano
512935	555715	1401	1562	1517	2077.3125	3391.25	3740.9375	3442	4054.625	3227.6875	2378.1875	urbano
512405	555905	2062	2132	2468	2695.9375	2923.5	3008.375	2825	3083.8125	3570.75	3413.1875	urbano
512725	555775	2010	2274	2426	2535.75	3470.4375	3792.6875	3907	4074.75	3654.25	2919.3125	urbano
513115	556085	1572	1883	1762	2308.1875	3509.4375	3811.1875	4160	4104.6875	3626.9375	2881.5	urbano
512805	555585	1792	1930	1916	2336.25	2906.3125	3128.9375	3232	3376.9375	3976.5	3503.6875	urbano
512745	555795	1661	1962	1894	2648.75	3505.0625	3773.8125	4140	3956.1875	3619.6875	2995.3125	urbano
513045	555845	2020	2240	2278	2717.125	3138.5625	3281	3033	3332.6875	3610.6875	3249.25	urbano
513055	556555	2104	2086	2132	2529.1875	3148.625	3361.6875	3252	3540.6875	3924.5	3476.6875	urbano
512485	555935	2192	2490	2712	3074.8125	3222.5	3303	3218	3304.375	3726.4375	3515.5625	urbano
512745	555785	2150	2366	2498	2763.0625	3606.5625	3851.625	4013	4040.75	3724	3062.5625	urbano
512835	556445	1642	1797	1781	2231.3125	3162.9375	3463.5	3132	3694.75	3299.1875	2616.1875	urbano
513275	556305	2144	2266	2462	2730.875	3208.125	3365.8125	3119	3568.3125	4072.5	3859.8125	urbano
513105	555985	1408	1686	1582	2185.25	3477.1875	3854.25	4228	4174.9375	3497.75	2607.4375	urbano
512635	556715	1382	1554	1522	2009.3125	3427.625	3939.3125	3995	4200.0625	3224.625	2274.5625	urbano
513195	556375	1990	2210	2108	2622.5	3137.1875	3372.25	3199	3373	3737.4375	3650.875	urbano
513195	555545	2454	2004	1959	2414.8125	3237.125	3604.0625	3562	3958.4375	3621.0625	2969.1875	urbano
513025	556205	1725	2022	2148	2623.4375	3510.5625	3817.75	3917	4117.0625	3955	2984.375	urbano
512765	556535	1902	1996	1982	2516.625	3172.3125	3422.375	3057	3599.5625	3614.5	3113.5625	urbano
512925	556635	1800	2108	2098	2497.4375	3155.5625	3318	3581	3545.375	3715.1875	3212.1875	urbano
513195	555975	1477	1784	1664	2510.5625	3111.125	3309.3125	3714	3561.75	3806.625	3472.125	urbano
513195	556255	1849	1936	1984	2436.75	3116.3125	3335.125	3302	3503.1875	3710.8125	3330.75	urbano
513025	555605	1419	1662	1507	2293.75	3443.5	3798.6875	4132	4076.5	3508.0625	2865.4375	urbano
513045	556435	1673	1946	1872	2494	3367.875	3610.8125	3684	3786.9375	3582.5625	2983.75	urbano
512435	555585	1438	1612	1590	2225.125	3509.0625	3848	3789	4033.5625	3155.1875	2463.875	urbano
513075	555665	1678	1907	2042	2775.75	3476.6875	3668.3125	3643	3909	3928.4375	3336.0625	urbano
512425	555865	2021	2360	2218	2625.625	3102.8125	3308.3125	3387	3382	3573.75	3337.5625	urbano
512465	556105	1620	1938	1956	2863.5	3285.125	3501.5625	3589	3619.4375	3886.5625	3488.0625	urbano
512865	556145	2556	2960	3032	3245.4375	3881.1875	4137.6875	4392	4437.8125	4774.75	4613.3125	urbano
513285	556255	1880	2056	2122	2691.3125	3317.0625	3611.25	3220	3731.0625	3870.8125	3654.8125	urbano
513105	555945	1960	2196	2324	2563.25	3444.6875	3771.1875	3701	3987.3125	3814.25	3120.1875	urbano
513225	555815	1758	2182	2210	3053.75	3497.9375	3703.125	3511	3768.5625	4070.75	3807.875	urbano
512605	556835	1633	1835	1826	2503.4375	3531	3893	3989	4077.5625	3949.3125	2942.1875	urbano
512975	555775	2026	2520	2366	2626.25	3466.0625	3984.875	4388	4248.3125	4642.5	4515.875	urbano
512695	555845	1920	2094	2300	2634.125	3084.25	3233.625	3169	3274.125	3460.25	3097.3125	urbano
513565	556055	1913	2142	2246	2842.5625	3523.5	3743.0625	3586	4006	4401.625	4097.875	urbano
512585	556785	1754	2036	2050	2830.3125	3664.5625	3949.5625	4018	4168.875	4239	3378.4375	urbano
512595	555675	1462	1735	1634	2212.8125	3275.75	3617.25	3588	3925.0625	3507.875	2799.1875	urbano
513415	556255	2294	2344	2468	2606.8125	3153.5	3295.0625	3166	3360.875	3659.75	3322.4375	urbano
513155	555395	1702	1891	1802	2644	3309.375	3468.5625	3577	3606.875	3854.625	3704.0625	urbano
512805	555615	1722	1902	1929	2356.375	2691.8125	2863	2990	3168.125	3932.5	3552	urbano
512955	556655	1860	1992	2106	2632.625	3034.5625	3189.875	3201	3324.6875	4133	3769.625	urbano
512605	556515	2070	2240	2116	2517.3125	3240.375	3448.1875	2978	3582.375	3559	3083.5625	urbano
513115	556235	1514	1776	1654	2467	3332.6875	3656	4268	3765.625	3416.875	2831.9375	urbano
513455	555955	1694	1808	1938	2500.125	2889.3125	3075.25	3195	3235.75	3747.5	3532.5	urbano
512905	556485	1554	1857	1739	2615.0625	3362.3125	3634.5	3674	3764.125	3919.125	3369.625	urbano
513225	556195	2174	2296	2484	2934.5625	3366.0625	3449.625	2971	3522.875	4209.375	4009.3125	urbano
513185	556215	1946	1946	2052	2502.8125	2868.3125	3021.0625	2996	3207.375	3863.6875	3698.4375	urbano
513155	555475	1734	1913	2038	2408.75	3167.4375	3379.5625	3235	3543.3125	3432.25	2943.5625	urbano
512965	556105	2076	2380	2554	2833.6875	3214.9375	3444.3125	3512	3622.0625	3786.875	3270.4375	urbano
512775	556625	4900	5064	5244	3986.8125	4605.4375	4753.9375	5230	4785.625	4799.375	4096.125	urbano
512545	555775	2194	2422	2434	2732.5	2978	3089	2987	3147.625	3715.5625	3520.875	urbano
513425	556035	1626	1854	1724	2461.1875	3147.75	3441.8125	3568	3614.0625	3791.5625	3445.4375	urbano
513375	556085	2094	2288	2342	2610.9375	3116.375	3282.5625	3283	3483.3125	3926.125	3675.125	urbano
513495	556045	2062	2156	2314	2627.625	3157.5625	3334.5625	3061	3440.25	3831	3414.875	urbano
513155	555755	2054	2270	2374	2567.1875	3050.6875	3300.875	3414	3495.9375	3851.3125	3426.5625	urbano
512605	555925	2162	2600	2836	2570.3125	3090.6875	3283.3125	3468	3346.625	3348.75	3014	urbano
512855	556315	2009	2150	2334	2709.5	2927.5625	3027.25	2881	3146.6875	3760.6875	3548	urbano
512375	555935	1956	2128	2786	2743.375	3227.5625	3377	3485	3392.4375	3458.625	3101.25	urbano
513105	556035	2036	2298	2284	2373.875	3405.25	3705.1875	3768	3925.75	3702.125	3061.125	urbano
512595	555925	2050	2324	2612	2458.9375	3140.0625	3325.4375	3056	3371.875	3312.25	2914.5	urbano
512885	555765	1576	1828	1750	2460.5	3346.3125	3653.6875	3743	3822.9375	3635.75	3002.75	urbano
513085	555425	1559	1800	1730	2409.125	3278.5625	3591.625	3931	3853.6875	3721.875	3005.1875	urbano
513235	555855	2102	2296	2394	2791.0625	3410.625	3640.4375	3619	3911.25	3953.5	3524.4375	urbano
512835	556915	2216	2474	2682	2812.4375	3165.375	3330.6875	3375	3554	4008.0625	3535.9375	urbano
512855	556345	1893	2214	2266	2916.6875	3531.3125	3620.6875	3886	3719.875	3940.3125	3618.125	urbano
512775	557015	2176	2344	2476	2550.9375	3152	3425.25	3114	3696.6875	3797.8125	3172.875	urbano
512805	556285	2440	2526	2754	2899.1875	3190.8125	3313.4375	3159	3254.875	3884.5625	3688.4375	urbano
513125	555515	2174	2434	2560	2664.5625	3303.9375	3516.875	3232	3631.4375	3476.8125	2963.8125	urbano
513015	555715	1545	1742	1670	2425.9375	3389.625	3728.4375	3735	3879.75	3497.375	2894.75	urbano
512425	555675	1562	1898	1855	2404.25	3368.6875	3714.1875	4212	3908.75	3633.875	2952.625	urbano
513105	555455	2306	2552	2504	2630.75	3501.875	3845.5625	3654	4013.875	3780.6875	3145.875	urbano
513445	556015	2100	2290	2496	2680	3125.8125	3271.5625	3234	3389.25	4073.875	3864.3125	urbano
512565	555855	1656	1792	1879	2434.25	3248	3540.5	3450	3754.75	3373.5625	2861	urbano
513135	556485	1438	1641	1634	2352	3317.0625	3602.625	3562	3831.25	3529	2870.6875	urbano
512445	555615	1750	1996	2148	2505.5625	2946.875	3200.4375	2577	3268.375	3424.4375	3106.625	urbano
513005	556375	1996	2180	2134	2655.875	3103.875	3330.6875	3446	3520.75	4162	3860.875	urbano
513125	555415	2556	2766	2880	2731.25	3510.5	3772.5	4008	3938.4375	3992.75	3506.3125	urbano
512575	555975	1442	1752	1580	2318.3125	3465.6875	3856.3125	4165	4017	3246.125	2699.25	urbano
513115	555965	1412	1650	1472	2247.25	3542	4000.375	4385	4200.8125	3510.375	2672.6875	urbano
512905	556045	1386	1650	1522	2153.3125	3559.875	4031.875	3961	4228.3125	3149.5625	2304.1875	urbano
512635	556365	2432	2240	2416	2672.1875	3123.4375	3307.625	2982	3473.375	3687.625	3486.625	urbano
513225	556285	1980	2272	2376	2826.1875	3321.25	3471.0625	3370	3575.1875	4078.125	3815.25	urbano
512625	556525	1717	1990	1897	2509.75	3266.625	3486.75	3700	3653.1875	3591.4375	3019.625	urbano
512395	555985	2146	2106	2230	2415.5	2625.375	2831.75	2778	3014.1875	3622.4375	3365.125	urbano
512735	556515	1468	1719	1687	2230	3319.125	3752.0625	3820	4031.6875	3361.0625	2586.625	urbano
512955	555775	1648	1894	2014	2374.375	3499.0625	3952.0625	4108	4239.625	3957.3125	3241.1875	urbano
512535	556115	1822	1922	2028	2482.6875	3149	3431.125	3398	3562.125	3479.5625	3089.1875	urbano
513035	556535	3122	3018	3398	3228	3714.25	3882.0625	4297	3977.5625	4281.875	3873.3125	urbano
512505	555785	2990	3078	2922	3125.375	3319.5625	3447.375	3558	3496.125	4209.875	4148.9375	urbano
513065	555835	2256	2438	2268	2770.1875	3237	3401.0625	3566	3504.25	3768.25	3404.5625	urbano
512565	555845	1976	2154	2294	2556.9375	3267.5	3559.6875	3518	3745.25	3561.875	3111.875	urbano
512785	556565	2016	2278	2312	2593	3378.1875	3717.0625	3736	3889.125	3644.3125	3012.3125	urbano
513105	556325	1678	1988	2084	2452.5	3282.5625	3568.5625	3813	3709.625	3509.5625	2938.8125	urbano
512975	556355	2156	2332	2566	2632.1875	3031.375	3183.1875	3076	3442.625	4259.75	3804.5625	urbano
513365	555965	1505	1761	1692	2450.3125	3342.4375	3656.25	3803	3900.6875	3694.8125	3156	urbano
512545	555615	1730	1986	2226	2590.875	3383.1875	3653.625	3858	3909.25	3544.4375	2971.375	urbano
512855	556955	1606	1924	1861	2662.4375	3623.5	3919.8125	4228	4138.6875	3865.4375	3173.9375	urbano
512795	556135	1693	2034	2050	2469.125	3727.5625	4292.8125	4412	4550.6875	4406.25	3808.5	urbano
512555	556145	1682	1902	1935	2505.5625	3185.5625	3369.25	3692	3500	3385.3125	3003.5625	urbano
513035	555605	1470	1838	1589	2419.5	3642.0625	3990.8125	4588	4246.1875	3622.3125	2952.8125	urbano
512495	555925	1949	2100	2440	2852.5	3061.8125	3162.625	2803	3184.375	3589.25	3356.875	urbano
513305	555955	2218	2158	2598	2845.1875	3148.9375	3304.6875	3031	3520.625	4258.0625	4244.4375	urbano
512795	556835	3480	3504	3620	3525.0625	3964.8125	4323.5625	4640	4683.4375	4687.5	3793.6875	urbano
513085	556555	1777	1920	2376	2602.875	3073.4375	3249.1875	3238	3365.75	4169.9375	3789.625	urbano
512595	556495	2394	2406	3220	2777.875	3442.3125	3655.875	3740	3684.6875	3755.5	3326	urbano
513505	555915	1353	1550	1408	2255.0625	3460.3125	3869.1875	4012	4064.125	3464.125	2753.875	urbano
512825	556635	1463	1622	1602	2322.5	3547.6875	4003.0625	4253	4238.375	3845.25	2901.125	urbano
513205	555575	1655	1975	1902	2408.1875	3489.25	3828.3125	3822	4079.9375	3470.75	2759.75	urbano
513215	556025	2080	2356	2440	2646.3125	3091.5	3259.75	3226	3444.1875	3918.0625	3596.1875	urbano
513425	556025	1848	1886	1941	2503.625	3108.6875	3379.1875	3700	3578.125	3885.625	3604.6875	urbano
513215	555525	1682	1919	1912	2403.8125	3236.875	3541.75	3289	3691.75	3462.3125	2849.6875	urbano
512805	556005	1570	1820	1732	2330	3339.375	3676.75	3510	3783.0625	3240.3125	2678.875	urbano
513015	556355	1882	2092	2222	2637.9375	3023.1875	3208.6875	3061	3388.5	3967.4375	3702.875	urbano
513405	556095	2172	2316	2476	2872.0625	3337.25	3527.1875	3552	3688.8125	4199.75	4066.875	urbano
513075	556375	2012	2160	2284	2510.9375	3088.25	3284.25	3229	3517	3858.3125	3426.0625	urbano
512505	555765	2288	2572	2546	3011.625	3546.75	3684.625	3394	3799.6875	4139.8125	3910.375	urbano
512845	555735	1870	2001	2064	2390.0625	3068.875	3314.75	2913	3570.0625	3891.9375	3326.6875	urbano
513405	556375	1397	1606	1497	2132.25	3213.5625	3582.625	3874	3782.375	3337.5625	2617.9375	urbano
512565	556435	1576	1874	1941	2514.9375	3509.875	3854.625	4256	4190.625	4025.75	3098.75	urbano
512455	556115	1963	2158	2180	2863.9375	3252.25	3444.125	3237	3516.8125	3736.5	3358.5	urbano
512705	556985	1553	1790	1773	2426.1875	3782.5	4202.125	3933	4424.25	3671	2816.125	urbano
513075	556105	2396	2642	2876	3113.75	3598.0625	3839.9375	3184	4033.625	4335.25	4059.625	urbano
513485	556095	1441	1654	1558	2468.375	3715.375	4063	3901	4338.5625	3809	2964.25	urbano
512415	555655	1396	1656	1496	2203.4375	3104.3125	3381.6875	3802	3578.5625	3345	2781.25	urbano
512665	556245	2018	2172	2328	2656.625	3261.3125	3416.4375	3019	3441.5	3430.875	2932.625	urbano
512875	556615	1684	1940	1984	2622.6875	3490	3804.125	4028	4072.625	3898.5625	3133.25	urbano
512905	556415	1501	1804	1747	2377.5	3324.875	3574.375	3872	3843.8125	3641.1875	3036	urbano
513545	555955	1848	2050	2180	2823.4375	3585.375	3856	3507	3960.875	3959.5	3357.3125	urbano
513275	556285	2964	3022	2960	2821.5625	3308.875	3553.6875	3806	3663.3125	4030.875	3735.9375	urbano
513245	556245	2028	2248	2314	2709.4375	3168.0625	3378.5625	3289	3528.25	4092.4375	3800.75	urbano
513005	556225	1466	1730	1642	2293.4375	3380.125	3762.3125	3813	4091	3688	2787.3125	urbano
512925	555725	1457	1628	1648	2206.125	3362.25	3758.6875	3601	4054.625	3410.5	2595.5	urbano
512405	555995	1840	1610	1714	2299.5	2659.3125	2915.375	2676	3166.875	3498	3157.8125	urbano
512705	556445	1424	1672	1510	2264	3265.125	3631.3125	3853	3761.6875	3113.25	2485.375	urbano
513305	556435	1769	1979	1921	2415.5	3292.125	3632.4375	3454	3755.25	3531.625	3003.8125	urbano
513205	556455	1647	1840	1816	2347	2956.5	3180	3318	3249	3326.5	2867.4375	urbano
513075	555785	2566	2670	2772	2775.9375	3535.25	3773.8125	3177	3869.25	3862	3509.5625	urbano
512665	556965	2094	2438	2696	2973.3125	3744.875	4015.5	3783	4240.6875	4078.25	3393.75	urbano
512725	555985	1818	2026	2158	2572.0625	3369.3125	3595.1875	3701	3714.5625	3428.0625	2892.4375	urbano
512955	556085	1968	2186	2250	2653.1875	3233.6875	3448.875	3272	3495.6875	3560	2997	urbano
512735	555845	1560	1740	1678	2207.0625	3261.625	3614.5	3525	3734.125	3156.9375	2602.1875	urbano
512585	556135	1838	1991	2178	2575.125	2934.5	3109.5625	2922	3127.125	3285.9375	3040.9375	urbano
512825	556405	1495	1848	1704	2283.8125	3488.0625	3898.3125	4115	4164.125	3352.6875	2511.3125	urbano
512965	556585	1622	1939	1988	2502.75	3332.25	3652	4091	3938	3920.875	3281	urbano
512385	555615	2102	2260	2334	2676.25	3315.5	3524.3125	3338	3680.8125	3689.375	3277.75	urbano
512725	556445	1462	1734	1672	2123.375	3144.6875	3497.375	3304	3686.375	2990.5625	2289.6875	urbano
513025	556605	1746	2012	2168	2593.375	3254	3463.5625	3374	3680.375	3968.875	3423.5625	urbano
512495	555955	3034	2878	3398	3095.375	3309.25	3317.625	3549	3333.9375	3768.9375	3601.125	urbano
513035	555795	1824	2152	2358	2562.625	3621.5	3998.4375	4030	4338.5625	4051	3140.25	urbano
512635	556765	4094	4460	3714	3325.5	3617.3125	3818.5	4214	3995.75	4437.375	3650.375	urbano
512295	555645	2232	2746	2568	2607.8125	2960.5	3120.75	3182	3256.6875	3839.3125	3530.5625	urbano
513075	556545	2002	2114	2194	2534.9375	3105.375	3303.8125	3245	3426.8125	4034.5625	3622.6875	urbano
512485	556085	2064	2292	2388	2789.3125	3164.625	3185.375	3242	3199.6875	3750.375	3465.875	urbano
512865	556455	1688	1866	2130	2515.75	3113.25	3312.375	3221	3458.8125	3517.5	3026.9375	urbano
513155	556405	1596	1740	2478	2597.6875	3357.4375	3565	4342	3709.75	3668.0625	3380.0625	urbano
512765	555815	1634	1883	1816	2337	3390.4375	3765.25	3858	4055.5	3406.3125	2712.25	urbano
513355	556115	2056	2228	2272	2672.375	3074	3292.25	3312	3541.25	4135.0625	3870.6875	urbano
513415	555835	1897	2170	2196	2684.75	3167.5	3294	3342	3334.625	3640.0625	3335.5625	urbano
513105	555795	1788	2042	2094	2794.0625	3598.625	3780.8125	4120	3941.8125	4008.5	3473.4375	urbano
512575	555855	1850	2060	2166	2459.1875	3220.5	3487	3324	3658.6875	3427.9375	2985.625	urbano
512945	555755	1585	1740	1735	2208.375	3468.6875	3872.5625	3618	4189.625	3492	2633.375	urbano
513255	556425	1362	1640	1557	2477.875	3108.5	3316.0625	3797	3548.0625	3656.4375	3345.5625	urbano
513275	555625	1894	2058	2124	2538.125	3169.5625	3346.625	3787	3440.5625	3368.625	3016.6875	urbano
512795	556535	1794	1888	2160	2598.6875	3086.5	3239.0625	2816	3401.1875	3514.5	3088.25	urbano
513245	555725	1744	2050	1956	2653	3502.875	3778.5625	4144	3973.625	4001.625	3465.5	urbano
513325	555925	3310	3016	3380	2847.3125	3424	3560.9375	3664	3635.3125	4266.375	4253.75	urbano
512815	557055	2030	2250	2544	2840.375	3038	3172.4375	3032	3199.6875	3809.9375	3510.4375	urbano
513145	555495	1882	2050	2400	2575.1875	3354.125	3632.75	3464	3730.125	3444.5625	2855.5625	urbano
512645	556445	2160	2462	2556	2705.0625	3247.25	3411.5	3349	3502.875	3777.875	3434.6875	urbano
512755	555975	2676	2748	2830	2847.875	3257.1875	3369.8125	2927	3466.6875	3781.1875	3452.125	urbano
513075	556505	2116	2382	2686	2798.375	3199.1875	3337.625	3464	3435.75	4040.25	3587.25	urbano
512295	555875	2462	2330	2656	2718.4375	3114.875	3192.5625	2904	3241	3647.125	3397.8125	urbano
513065	556455	1888	2150	2454	2656.5	3501.8125	3722.1875	3718	3931.875	3823.125	3213.3125	urbano
513365	555955	1647	1927	1850	2469.9375	3482.8125	3831.25	3768	3955.5625	3601.9375	3000	urbano
512425	555985	2188	2454	2562	2589.875	2977.875	3143.375	3102	3162.6875	3506.9375	3182.5	urbano
512635	555865	2074	2324	2408	2573.8125	2975.1875	3148.4375	3220	3192.1875	3359.125	3059.8125	urbano
512525	555745	1884	2202	2252	2691.8125	3396.25	3649.9375	3950	3710.5625	3714	3182.625	urbano
512765	556795	3632	3612	3928	3681.6875	4147.4375	4371.4375	4940	4620.4375	4713.4375	3849.3125	urbano
512805	556275	2214	2324	2982	2899.0625	3181.4375	3304.3125	3238	3253.125	3956.1875	3769.3125	urbano
512315	555675	2134	2320	2476	2821.375	3096.875	3196.5	3148	3310.625	3876.25	3533.75	urbano
513245	556465	2560	2738	2776	2659.375	3052.8125	3159.125	3390	3200.375	3653.0625	3321.3125	urbano
513095	555415	1848	2060	1904	2331.3125	3280.0625	3592.5	3589	3834.375	3586.0625	2902.1875	urbano
512205	555655	2034	2154	2314	2629.4375	2985	3140.25	2687	3275.625	3802.625	3527.9375	urbano
512535	556255	1468	1768	1625	2348.0625	3225.1875	3461.125	3652	3612.3125	3425.875	2949.3125	urbano
512655	555975	2076	2250	2556	2691.3125	2967.5625	3095.1875	3016	3207.8125	3558.5	3265.125	urbano
512825	556345	3368	3544	3294	3060.9375	3402.3125	3418.25	3670	3544.875	4240.4375	4002.5	urbano
512525	556695	1670	1976	1910	2540.5	3487.9375	3790.1875	4054	4154.9375	4168.9375	3263.0625	urbano
512875	555645	1796	2148	1992	2432.8125	3163.125	3434.0625	3580	3618.25	3701.9375	3189.9375	urbano
512645	556405	1860	1990	2074	2780.3125	3165.3125	3332.1875	3269	3365.25	3733	3481.4375	urbano
513175	555495	1777	2036	2218	2389.0625	3341.875	3744.125	3852	4019.625	3574.1875	2833.1875	urbano
513205	556265	1560	1824	1692	2362.75	3186.8125	3421.125	3739	3528.1875	3688.8125	3273.25	urbano
512885	556455	2032	2194	2290	2684.875	3257.5	3453.5	3412	3599.875	3755.125	3277.8125	urbano
512575	556715	1612	1886	1808	2274.3125	3645.4375	4158.1875	4278	4438.4375	3791.5625	2764.3125	urbano
512535	556075	1778	1934	2026	2487.4375	2992.75	3158.75	3088	3284.5	3622.5	3308	urbano
512765	556445	1648	1773	1960	2367.5625	3038.1875	3300.3125	3004	3395.8125	3464.0625	3037.4375	urbano
512715	556925	2082	2438	2528	2947.75	3506.125	3633.8125	4017	3949.9375	4154.375	3613.1875	urbano
513035	555635	2102	2400	2390	2708.1875	3386.75	3712.5	3679	3847.4375	3814.875	3339.5625	urbano
512605	556825	1596	1838	1776	2772.6875	3663.9375	3932.6875	3555	4060	4175.1875	3171.5625	urbano
512695	555965	1574	1832	1700	2417.75	3375.8125	3652.5	3932	3764.5	3332.3125	2805.3125	urbano
513185	556355	2622	2572	2670	2648.25	3199.3125	3289.8125	2966	3369.75	3737.1875	3841.9375	urbano
512535	556125	2384	2764	2614	2703.5625	3233	3421.875	3540	3525.375	3626.1875	3365.0625	urbano
512595	555795	1737	2022	1918	2586.25	3322.5625	3573.8125	3798	3712.125	3630.6875	3137.875	urbano
512845	557015	2052	2224	2558	2798.75	3182.8125	3344.1875	3071	3462	3947.375	3546.625	urbano
512405	555785	2332	2532	2996	3337.75	3850.4375	3740.6875	3423	3784.25	4110.875	3740.375	urbano
512775	555965	1770	1908	1958	2613.6875	3373.125	3629.5625	3766	3758.6875	3650.5	3209.0625	urbano
512505	555885	1443	1708	1592	2409.375	3222.875	3521.6875	3603	3653.9375	3279.75	2802.625	urbano
512525	555645	2338	2536	2746	3160.75	3666.625	3930.375	3501	4054.5625	3998.5	4003.8125	urbano
512825	556725	1925	2210	2234	2674.6875	3240.25	3481.625	3841	3779	4220.3125	3885.1875	urbano
513115	555425	1434	1722	1666	2553.25	3419.5	3689.5	4101	3862.4375	3592.75	3034.8125	urbano
512635	555725	1371	1651	1481	1989.5	3551.4375	4157.0625	4496	4419	3090.625	2207.75	urbano
513175	556445	1678	1802	2078	2696.5625	3196.125	3408.9375	2987	3455.9375	3815	3668.5625	urbano
512855	556355	2024	2140	2338	2818.4375	3553.25	3661.5	3486	3746.9375	3838.8125	3430	urbano
512845	555785	2736	2808	2766	2705.5	3295.75	3589.5625	3300	3735.1875	3688.875	3243.6875	urbano
512805	555595	1872	1999	2066	2351.8125	2844.0625	3054.1875	2974	3307.875	3982.0625	3541.875	urbano
513005	555685	2216	2426	2368	2507.75	2924.0625	3050.6875	2998	3246.25	3799.125	3456.4375	urbano
512605	556925	1524	1700	1696	2525.9375	3440.0625	3765.5625	3696	3980.625	3763.375	3100	urbano
512525	556045	2060	2056	2122	2694.3125	2890.8125	3013.5625	3038	3191.9375	3898.125	3868.75	urbano
512665	556855	1904	2128	2206	2502.8125	3533.6875	3830.8125	3779	4103.875	4057.6875	3143	urbano
513525	556145	2032	2286	2340	2734.4375	3315.0625	3569.375	3644	3688.5625	4121.6875	3861.5625	urbano
512645	556745	1492	1846	1819	2382.375	3701.0625	4152.125	4764	4509.9375	3852.625	2858.75	urbano
512515	556005	1554	1751	1680	2290.875	3144.3125	3396.5625	3542	3550.5625	3324.375	2817.3125	urbano
513285	556075	1983	2252	2226	2585.5	3103.0625	3300.6875	3454	3484.375	3890.5	3471.5625	urbano
513065	556535	2104	2124	2210	2643.9375	3263.6875	3409.9375	3357	3527.5625	4043	3605.9375	urbano
512755	557055	1450	1753	1952	2471.875	3784.0625	4144.6875	4286	4393.4375	3825.3125	2969.3125	urbano
512655	557005	1372	1486	1550	2317.25	3372.625	3763.5625	3488	3999.125	3575.4375	2675.5625	urbano
513105	556075	1930	2102	2262	2418.3125	3327.6875	3638	3529	3984.6875	3664	3048.8125	urbano
513205	556195	1990	2146	2042	2572.625	3145.5	3246.5	3208	3377.8125	3920	3607	urbano
512755	557025	1331	1542	1441	2053.375	3444.6875	3935.625	4357	4240.4375	3495.6875	2532.4375	urbano
512985	555695	2008	2184	2306	2395.5	3041.375	3304.875	3316	3559.1875	3703.6875	3180.75	urbano
512235	555735	2012	2546	2620	2880.625	3278.75	3503.0625	3679	3514.8125	3935.5	3819.5625	urbano
512355	555885	2384	2490	2522	2654.3125	2859.75	2933.1875	2785	3019.1875	3508.625	3272.75	urbano
512685	555825	1988	2096	2464	2672.9375	3126.125	3273.0625	3092	3355.5	3532.3125	3265.25	urbano
513075	555975	2280	2356	2482	2711	3271.75	3456.1875	2981	3550.625	3854.4375	3503.625	urbano
513205	556375	1641	1950	1806	2505	3087.0625	3351.75	3468	3363.5	3640.3125	3526.625	urbano
512755	556935	1368	1608	1463	2227.875	3453.625	3751.1875	3648	4048.6875	3363.4375	2543.1875	urbano
513465	556005	2522	2558	2484	2555.0625	3248.375	3464.4375	3238	3511.375	3943.75	3728.6875	urbano
513375	556025	1944	2054	2196	2522.875	3013.5625	3209.1875	3164	3406.875	3849.5625	3545.375	urbano
512835	556145	1817	2162	2090	2534.25	3438.5	3800.75	3862	4150.375	4521.4375	3615.4375	urbano
512865	555715	1620	1898	1930	2452.3125	3220.4375	3510.6875	3572	3767.1875	3991.4375	3405.6875	urbano
513005	555655	1810	2016	2066	2403.875	3041.625	3267.0625	3408	3433.75	3758.625	3362.875	urbano
512725	556455	1592	1752	1742	2086.8125	3134.75	3489.1875	3188	3703.625	2936.625	2238.5	urbano
513245	556015	1966	2138	2300	2698.25	3188.875	3381.0625	3456	3507.3125	3949	3648.0625	urbano
512975	556425	1618	1926	1830	2446.5625	3350.3125	3602.4375	4140	3866.4375	4020.75	3329.5	urbano
512925	556155	1596	1824	1742	2442.25	3599	3955.125	4232	4196.3125	3463.3125	2789.1875	urbano
512585	556725	1664	1894	2032	2402.3125	3474.9375	3942.1875	3776	4246.4375	3894.0625	2898.8125	urbano
512685	556005	1466	1708	1586	2399.9375	3454.5	3784.0625	4120	3932.3125	3446	2968.6875	urbano
512315	555645	1932	1853	1852	2500.125	2694.5625	2898.6875	2662	3236.75	4119.0625	3941.3125	urbano
512765	555945	1487	1928	1770	2694.4375	3539.1875	3863.5625	4061	3991.4375	3696.4375	3267.75	urbano
513285	556325	2016	2358	2296	2816.625	3335.8125	3544.4375	3458	3598.125	3934.1875	3612.1875	urbano
512755	556855	1960	2072	2018	2564.375	3525.875	4043.375	4276	4460.4375	3940.9375	3025	urbano
512835	556085	1409	1816	1530	2158.3125	3425.4375	3805.5	4344	4079.9375	3456.1875	2744.4375	urbano
513255	555985	2040	2250	2480	2712.0625	3111.25	3245.1875	3056	3364.5625	4171.8125	3898.3125	urbano
512525	556005	1518	1738	1770	2485.625	3065.9375	3250.1875	3149	3353.1875	3468.625	3082.4375	urbano
513375	555775	2276	2396	2528	2655.4375	3052.5625	3273.9375	3150	3359.125	3907.125	3612	urbano
512865	555815	2316	2388	2484	2721.875	3190.6875	3277.5	3185	3356.0625	3792.5	3455	urbano
513195	555865	2044	2256	2342	2620.75	3159.75	3353.5625	3484	3517.25	3977.9375	3544	urbano
512935	556125	1481	1740	1558	2260.875	3491.3125	3797.375	3829	4010.375	3314.875	2564.25	urbano
512595	555995	2188	2360	2328	2494.0625	2934	3085	2692	3202.625	3418.25	3144.6875	urbano
512625	556435	2980	2892	3294	2859.8125	3295.375	3414.25	3457	3516.875	3941.8125	3643.25	urbano
513015	555815	1410	1766	1602	2390.125	3440.4375	3774.6875	4086	3990.4375	3825	3023.125	urbano
512775	556805	4124	5028	4776	3928.875	4369.75	4670.6875	5598	4956.4375	4844.4375	3908.625	urbano
512655	555735	1525	1730	1670	2318.625	3398.9375	3830.5	3973	4085.75	3305.0625	2566.5625	urbano
512955	556095	2504	2546	2650	2768.1875	3204.9375	3423.3125	3307	3465.0625	3644.875	3119.4375	urbano
512245	555685	1620	1718	1917	2247	2766.9375	2953.5625	2638	3124.375	3255.0625	2837.6875	urbano
513075	556235	1436	1769	1582	2312.5625	3430.625	3774.1875	3943	4003.4375	3430.625	2642.75	urbano
512605	556665	1275	1416	1343	1957.5625	3444	3899.3125	3635	4174.3125	3184.875	2319.6875	urbano
513145	555625	1516	1780	1718	2557.375	3606.9375	3966.0625	4077	4203.8125	3698.0625	2889	urbano
513095	556085	1847	2112	2228	2666.3125	3462.6875	3605.5	3565	3778.6875	3827.5	3339.8125	urbano
513545	556145	3156	2882	2754	2730.375	3232.125	3496.625	3642	3754.625	4061.3125	3978.125	urbano
513175	555415	2050	2198	2530	2754.0625	3180.875	3317.5	3033	3409.5	3763.1875	3646	urbano
512405	555775	2426	2618	3002	3163.75	3397.8125	3387.0625	3468	3459.25	4068.625	3840.125	urbano
512595	555875	1850	2048	2142	2421.1875	3142.1875	3383.125	3416	3475.4375	3193.1875	2792.9375	urbano
512585	556825	1544	1702	1619	2354.3125	3508.3125	3894.1875	4002	4140.6875	3854.3125	2903.1875	urbano
512925	556565	1542	1795	1816	2364.875	3449.3125	3798.6875	3656	4044.5625	3584.5625	2873.8125	urbano
513105	555565	1968	2204	2528	2609.8125	3231.625	3523.875	3432	3663.4375	3619.6875	3087.375	urbano
512445	555635	2750	2522	2996	2584.8125	2945.4375	3074.5625	3702	3272.6875	3719.125	3498	urbano
512835	556705	2162	2330	2490	2672.8125	3111.5625	3303.3125	3476	3546.375	4142.1875	3865.875	urbano
512705	555805	1486	1720	1615	2602.6875	3281.8125	3439	3624	3634.4375	3526.0625	3192.25	urbano
513365	556145	2066	2218	2312	2597.9375	3127.625	3348.125	3203	3540.0625	4065	3601.875	urbano
512775	556825	2372	2444	2442	3440.875	3945.0625	4345.375	4238	4766.9375	4739.5625	3784.0625	urbano
512775	556305	2204	2350	2702	2915.5625	3366.125	3509.8125	3370	3502.3125	3678.3125	3405	urbano
512935	556145	1753	2050	1944	2362.8125	3540	3896.125	4222	4104.125	3395.25	2668.75	urbano
512575	556325	1977	2210	2146	2568.125	3096.25	3286.9375	3301	3320.4375	3662.625	3420.625	urbano
513195	556305	1730	1872	1908	2361.25	2986	3201.3125	3216	3444.75	3681.4375	3266.5625	urbano
512995	556025	2646	2802	2800	2895	3179.25	3326.625	3248	3505.875	4071.6875	3887.375	urbano
513375	555865	2162	2268	2924	2917.625	3284	3420.3125	3556	3473.125	3983.1875	3774.5625	urbano
512495	556795	2572	3192	3476	3413.9375	3872.625	4094.5625	4152	4176.125	4143.4375	3416.6875	urbano
513455	556135	2062	2338	2354	2757.8125	3432.6875	3683.875	3630	3899.25	4052.6875	3603.375	urbano
513235	556145	1888	2058	2222	2415.6875	3491.5625	3865.375	3813	4007.0625	3488.875	2984.0625	urbano
513135	555715	1392	1730	1446	2238.625	3617.625	4083.75	4612	4390	3678.625	2794.3125	urbano
513345	555945	1672	1921	1836	2474.375	3514.875	3841.0625	4256	3957.8125	3554.125	3039.0625	urbano
513035	556455	1422	1727	1622	2381.0625	3493.375	3806.5625	4016	4070.4375	3660.375	2864.375	urbano
512535	555705	1940	2064	2428	2577.125	3172.75	3418.125	3163	3598.5	3659.375	3054.75	urbano
513335	555855	2542	2636	2764	2765.9375	3287.8125	3450.75	3375	3585.6875	4047.25	3827.625	urbano
512815	556455	1345	1632	1423	2216.1875	3262	3579.375	3933	3820.1875	3172.5	2567.75	urbano
512775	556515	1596	1980	1888	2305.625	3423.25	3778.125	4346	4081.6875	3330.25	2668.125	urbano
512535	556265	1836	2094	2010	2459.6875	3356.0625	3662.875	4128	3754.9375	3495.125	3092.4375	urbano
512555	556695	1439	1762	1626	2311.75	3805.3125	4323.75	4623	4682.9375	3922.375	2762.5	urbano
512725	556305	1580	1798	1888	2455.6875	2974.625	3177.6875	2978	3318.625	3390.9375	3004.625	urbano
512555	556055	3004	2992	2786	2874.875	3069.4375	3113.1875	2854	3072.875	3715.625	3641.875	urbano
512645	556815	3426	3718	3930	4115.875	4523.8125	4725.8125	4419	4668.75	4814.1875	4295.3125	urbano
512605	556065	1908	2164	2710	2764.6875	3287.75	3451.125	3491	3526.0625	3594.9375	3119.3125	urbano
513055	555765	1682	1954	1905	2436.375	3498.75	3845.1875	4032	3915.8125	3445.75	2877.6875	urbano
513325	555865	2698	2748	2666	2765.75	3215.4375	3408.4375	3041	3502.25	3906.125	3747.875	urbano
512235	555695	1564	1864	1816	2316.6875	2782.25	2992.5	2913	3146.5	3333.8125	2949	urbano
512375	555965	1876	2198	2230	2505.8125	2904.5	3030.875	2969	3031.5	3432.375	3099.5625	urbano
512745	556355	1832	1995	2228	2626.375	2815.25	2883.8125	2774	2951.125	3470.3125	3220.6875	urbano
512945	556595	1564	1807	1880	2253.1875	3393.375	3779.4375	3874	4080.3125	3551.25	2681.5	urbano
513045	555795	1650	1921	2010	2575.875	3721.5	4071.3125	4228	4342.6875	3889	3038.75	urbano
512465	556125	2310	2512	2510	2636.4375	3159.25	3334.125	3280	3530.3125	3651.5	3270	urbano
512675	556755	1419	1680	1549	2142.0625	3531.25	3939.625	4168	4194.3125	3436.125	2490.8125	urbano
513255	555635	2274	2392	2692	2702.3125	3064.5	3185	3209	3295.625	3671.375	3476.9375	urbano
513065	556105	2090	2354	2618	3012	3666.5625	3951.25	3419	4166.25	4199.875	3804.125	urbano
512575	556235	2852	2708	3366	2867.75	3210	3313.4375	3681	3426.9375	3828.625	3609.875	urbano
512505	556205	1517	1838	1575	2268.875	3203.5	3481.5	3808	3640.4375	3187.75	2651.5	urbano
512935	556705	2398	2472	2608	2710	3028.9375	3197.625	3101	3417.5625	4172.1875	3831.0625	urbano
512645	556895	1832	2198	2252	2613.3125	3435.0625	3679.0625	3585	3921.8125	3785.125	3160.0625	urbano
512905	555785	2182	2504	2852	2866.5625	3531.875	3768.9375	4056	3967.4375	3922.875	3342.0625	urbano
513435	556065	2028	2166	2186	2597.6875	3335.0625	3551	3347	3683.1875	3831.3125	3420.6875	urbano
513205	555685	1550	1807	1786	2347.6875	2950.9375	3173.1875	3349	3509.125	3943.1875	3490.0625	urbano
513125	555955	1675	1880	2088	2311.25	3564.5	4009.375	3527	4257.8125	3697.375	2857.1875	urbano
513375	555955	1602	1802	1828	2498.375	3407.625	3742.25	3409	3889.625	3643.6875	3100.3125	urbano
512905	556345	2064	2372	2622	2614.9375	3464.8125	3781.125	3852	4019.25	3660.75	3022.75	urbano
512525	556855	2318	2802	3098	3257.0625	3821.625	4032.5	3959	4211.8125	4299.4375	3629.3125	urbano
513225	556045	1810	1984	1824	2458.625	3149.5	3346.5625	3173	3534.125	3652.6875	3252.125	urbano
513575	556075	3806	3524	3214	3098.375	3317.8125	3605.375	4043	4072.625	4701	4753.9375	urbano
513285	555675	2084	2222	2386	2656.875	3110	3267.5	3375	3349.6875	3662.9375	3358.25	urbano
513355	555795	1638	1855	1926	2479	3063.8125	3245.0625	3414	3318.6875	3519.9375	3196.125	urbano
512965	555685	1660	1890	1916	2284.875	3156.5625	3460.3125	3237	3739.0625	3533.8125	2891.625	urbano
512515	556795	2554	3022	3390	3474.125	3933	4131.3125	4081	4193.3125	4130.875	3474.6875	urbano
513185	556295	1639	1792	1894	2303.75	2854.75	3083.0625	2870	3292	3638.375	3257.25	urbano
512825	556415	1668	1964	1950	2350.5625	3517.0625	3921.6875	3943	4193.5	3440.375	2571.5	urbano
513055	556615	1644	1911	1946	2516.4375	3362.0625	3637.3125	3872	3878.4375	3914.6875	3238.75	urbano
513145	556255	2026	2138	2120	2456.25	3151.1875	3364	3592	3448.9375	3460.1875	3046.125	urbano
512595	556765	1856	2234	2258	2910.4375	3694.25	3986.6875	3882	4182.375	4339.75	3469.75	urbano
512865	556285	2062	2224	2854	2802.625	3082.125	3206.6875	3244	3218.375	3482.625	3197.0625	urbano
513525	556125	2296	2406	2704	2770.5	3213.4375	3366.375	3003	3366.5625	3861.8125	3605.1875	urbano
513125	555765	2494	2780	3170	3078.0625	3586.25	3777.125	3762	3852.75	3998.875	3646.375	urbano
512585	556375	1508	1720	1762	2440.5	3190.4375	3399.0625	3426	3627.6875	3627.875	3140.1875	urbano
512695	556445	1407	1612	1542	2555	3396.875	3739.4375	3864	3766.0625	3269.75	2727.125	urbano
513375	555805	2168	2454	2488	2676.8125	3039.0625	3213.375	3194	3259.75	3621.375	3345	urbano
513125	556255	1774	1999	2102	2545.1875	3252.3125	3427	3037	3536.125	3481.4375	3013.9375	urbano
512825	556335	2534	2760	2892	3075.8125	3349.4375	3454.75	3436	3574.125	4267.8125	4064	urbano
512695	556545	1978	2084	2136	2601.5	3173.1875	3326.5	3276	3416.875	3537.125	3133.75	urbano
512645	555875	2200	2192	2312	2570.9375	3048.8125	3234.1875	2882	3262.5	3407.3125	3076.6875	urbano
512965	555645	1756	2001	1899	2327.9375	2969.6875	3132.25	2959	3400.0625	3748.4375	3336.3125	urbano
512525	556725	1668	1938	1836	2500.75	3438.25	3795.25	4124	4130.1875	4079.125	3347.4375	urbano
513155	556435	2118	2130	2956	2663.875	3291.875	3556.375	3041	3551.75	3889.5	3700.8125	urbano
513195	555655	1686	2008	1968	2383.4375	3370.625	3682.9375	3950	3929.4375	3781.125	3222.1875	urbano
512815	556535	1833	2338	2152	2418.4375	3207.6875	3436.6875	3818	3532.125	3405.0625	2943.875	urbano
512675	556815	1772	2048	1979	2663.8125	3824.8125	4210	4322	4495.6875	4023.5	3138.3125	urbano
513425	555875	2994	3030	3034	3002.6875	3255.8125	3337.1875	3070	3374.4375	4077.8125	3882.4375	urbano
513425	556165	2318	2228	3194	3003.125	3524.4375	3682.875	3431	3824.4375	4574.25	4519.1875	urbano
513305	555825	2190	2334	2440	2835.875	3396.5	3557.3125	3719	3616.375	3798.3125	3514.8125	urbano
512565	555745	1451	1692	1623	2124.0625	3331.5625	3725.875	4034	3970.375	3135.6875	2452.4375	urbano
513245	555845	2758	2780	2990	2999.8125	3397.1875	3559.9375	3498	3700.9375	4038.6875	3749.9375	urbano
512875	556035	1624	1884	1749	2292	3196.5	3498.5625	3443	3732.0625	3411.6875	2772.8125	urbano
512795	556845	2550	2892	2930	3256.6875	3728.4375	3991.1875	4041	4315.3125	4397	3611.5625	urbano
512865	555765	2100	2278	2408	2528.875	3080.0625	3288.9375	3228	3528.875	3813.8125	3361.75	urbano
512835	555635	1963	2124	2174	2456.8125	3187.625	3447.75	3605	3644	3702.9375	3219.5625	urbano
513245	556175	2122	2232	2346	2691.1875	3068.6875	3238.375	3136	3383	3954.4375	3774	urbano
512765	556815	3536	3460	3802	3685.625	4141.4375	4493.4375	4841	4867.1875	4677.5	3732.875	urbano
512755	555865	2028	2222	2172	2412.4375	3243.3125	3592.8125	3553	3741.0625	3280.625	2812.875	urbano
512845	556135	1744	1964	2094	2656.75	3532.5	3845.75	3670	4219.875	4415.9375	3695.4375	urbano
512445	556085	2720	2852	2774	2786.25	3229.6875	3316.1875	3432	3384.25	3918.0625	3562.875	urbano
512935	556055	1792	1957	2134	2325.5625	3188.0625	3508.5	3064	3773.6875	3398.875	2788.5625	urbano
512885	556315	1960	2074	2316	2409.6875	3255.875	3528.8125	3404	3641.6875	3418.6875	3003.125	urbano
513185	555465	1944	2142	2284	2517	3097.75	3245.3125	3199	3225.3125	3449.875	3068.3125	urbano
513035	556225	2052	2368	2758	2950.4375	3533.3125	3796.1875	3844	4080.75	4248.875	3299.9375	urbano
513105	555515	1504	1778	1684	2252.1875	3439.625	3842.875	4139	4044.875	3214.5	2487.1875	urbano
512415	555785	2266	2428	2460	3074.5625	3557.3125	3509.125	3042	3519.25	3914.25	3580.5	urbano
513095	555815	1796	2026	2028	2607.75	3496.625	3797.25	3532	3887.25	3763.875	3174.5625	urbano
512515	555995	1666	1882	1892	2453.125	3108.4375	3291.6875	3310	3423.1875	3388.125	2967.9375	urbano
513295	555585	2426	2404	2786	2697.6875	3115.9375	3216.625	3492	3253.375	3647.5	3240.6875	urbano
513245	555545	1766	1840	1982	2513	3539.125	3933.9375	3779	4170.125	3608.625	2922.5625	urbano
512275	555715	1910	2242	2156	2487	2970.25	3153.0625	3150	3284.3125	3456.4375	3270.375	urbano
512705	555925	1832	1952	2262	2653.0625	3094.625	3244.125	2884	3367.0625	3677.3125	3300.125	urbano
513245	556385	2080	2134	2324	2497.6875	2945.5	3090.875	2841	3114.25	3665.3125	3567.9375	urbano
512625	556065	2158	2550	2582	2518.9375	3292.3125	3557.6875	3588	3724.125	3439.3125	2821.9375	urbano
513335	556415	1628	1875	1818	2300.25	3169.0625	3420.5625	3262	3679.0625	3620.4375	3140.375	urbano
512645	555805	2388	2598	2626	2794.9375	3390.3125	3588.5625	3380	3637.0625	3661.3125	3162.4375	urbano
512445	555945	2610	2742	2832	2844.6875	3235.5	3413.25	3563	3480.5	3501.9375	3127.1875	urbano
513205	555615	3138	3074	3080	2891.1875	3293.875	3406.875	3187	3512.25	3944.125	3690.5	urbano
513105	556525	1867	2005	2104	2651.8125	3120.8125	3350.6875	3347	3478.8125	4115.625	3794.0625	urbano
512515	556785	2238	2996	3082	3385.5	3961.1875	4169	4325	4227.4375	4094.8125	3430.5	urbano
512715	556465	1492	1720	1648	2100.8125	3151.25	3470.1875	3457	3725.625	3016.625	2399.5	urbano
513585	556155	2896	2990	2904	2954.6875	3403.3125	3523	3200	3580.875	4098.125	3854.0625	urbano
512395	555855	2062	2208	2444	2587.75	2846.3125	2991.25	2942	3138.9375	3676.5	3489.6875	urbano
512655	556805	2720	2952	3166	3609.625	4303.375	4601	4476	4625.4375	4526	3959.5625	urbano
513555	556095	2024	2310	2708	2920.9375	3285.1875	3496.0625	3204	3682.75	4240.625	3986.6875	urbano
512565	556135	1670	1744	1872	2329.0625	3047.0625	3295.75	2836	3490	3259.3125	2826.0625	urbano
513155	556355	1860	1942	2130	2576.625	3206.625	3350.375	3072	3357.75	3767.5625	4030.9375	urbano
512645	556845	1898	2250	2376	2881.5625	3565.125	3828.625	3867	4046.625	4269.875	3433.1875	urbano
512815	555605	1780	1952	2005	2365.8125	2813.375	2993.375	2834	3273.3125	3930.375	3506.9375	urbano
513495	556175	1526	1752	1720	2347.25	3365.125	3740.375	3869	4065.1875	3832.6875	3398.3125	urbano
512895	556615	1858	2164	2252	2571.9375	3485.6875	3809.4375	4117	4096.9375	3799	2990.75	urbano
512535	555735	1560	1679	1906	2432.375	3159.75	3443	2898	3570.3125	3399.3125	2821.1875	urbano
512535	555795	3094	3226	3194	3028	3269.5	3390.5625	3690	3448.75	4117.3125	4036.9375	urbano
513135	556055	1490	1706	1601	2248.875	3736.5625	4205.5625	4340	4479.25	3361.5625	2508.8125	urbano
513375	556395	1367	1615	1491	2295.3125	3438.4375	3723.9375	3746	3969.25	3441.6875	2782.5625	urbano
512865	556625	2036	2092	2318	2543.875	3307.875	3552.25	3451	3811.0625	3897	3293.625	urbano
512615	555905	1534	1738	1847	2367.3125	3072.625	3318.75	2970	3459.75	3217.9375	2791.6875	urbano
513275	556325	1908	2272	2276	2692.375	3133.9375	3290.8125	3282	3345.375	3889.0625	3625.0625	urbano
512465	555875	2224	2338	2692	2766.875	2975.6875	3026.0625	2973	3047.125	3517	3310.5	urbano
512855	555815	2040	2264	2340	2746.625	3247.5625	3334	3320	3446.1875	3767.5	3388.5	urbano
512895	556285	1341	1681	1439	2320.375	3471.0625	3757.4375	4133	4019.9375	3439.25	2756.5625	urbano
513125	556265	2268	2332	2632	2555.5625	3216.9375	3365.5	3045	3451.375	3529.8125	3094.3125	urbano
512655	556815	2020	2588	2642	3605.9375	4307.875	4621.5625	4116	4696.5625	4545.3125	3949.0625	urbano
512675	556975	1838	2104	2268	2793.625	3610.5625	3884.25	4066	4140.3125	3976.375	3225	urbano
513015	555765	1634	1798	1783	2263.75	3169.8125	3490.1875	3186	3763.625	3865.25	3384.625	urbano
512535	555635	1724	2158	2176	2957	3594.5	3828.1875	4136	3900.625	3772.75	3404.5	urbano
512835	555575	1809	1986	2013	2525.3125	2894.75	3084.625	3032	3341.0625	4151.8125	3786.75	urbano
512405	555975	2080	2232	2322	2491.5	2687.875	2800.25	2786	2981.6875	3609.9375	3396.125	urbano
513225	555565	1561	1860	1762	2319.5	3511.5625	3883.4375	3979	4088.25	3304.75	2624.25	urbano
512825	556155	1860	2106	2158	2445.875	3434.375	3828.4375	3951	4165.75	4455.5	3521.8125	urbano
512435	556035	1974	2138	2260	2454.5	2987.1875	3164.25	2618	3282	3355	3014.5625	urbano
512715	556985	1651	2156	1899	2398.1875	3906.5	4377.9375	4916	4614.125	3653	2751.875	urbano
513325	556065	1830	2054	1988	2508.5625	2823.6875	2992.1875	2793	3288.875	4264.4375	3928.6875	urbano
512675	557025	1394	1598	1568	2084.5625	3360.875	3809.4375	3600	4174.5625	3400.625	2374.0625	urbano
512935	556065	1572	1805	1852	2332.1875	3318.1875	3592	3450	3844.0625	3323.125	2703.1875	urbano
512975	555765	1800	2100	2108	2532.6875	3479.5	4031.5	3957	4309.125	4362.75	4152.9375	urbano
512895	556185	2358	2496	2700	2872.1875	3351.125	3548.4375	3462	3751	4005	3742.8125	urbano
513065	555765	2010	2148	2424	2546.625	3355.25	3633.0625	3016	3684.9375	3643.25	3230.5625	urbano
512625	556085	1499	1810	1646	2444.4375	3255.0625	3485	3721	3654.9375	3449.5625	2911.75	urbano
513125	556515	2058	2198	2454	2570.875	3168.625	3387.6875	3291	3581.9375	3947.1875	3499	urbano
513045	556255	2310	2706	3118	3023.75	3596.875	3861	4096	4147.4375	4114.8125	3337.375	urbano
512455	555715	1705	1760	1744	2286.625	3096.3125	3525.5	3556	3904.125	3994.1875	3741.4375	urbano
512525	556795	2332	2792	3108	3401.375	3925.5	4142.9375	4062	4192.4375	4100.125	3424.5625	urbano
512435	555785	2324	2462	2484	2616.25	3105.625	3245.875	2820	3213.6875	3408.25	3154.25	urbano
513425	555985	2330	2434	2472	2628.75	3050.5625	3199.1875	2847	3441.5	3976.25	3914.0625	urbano
513385	556125	2302	2498	2504	2963.3125	3687.5625	3816.4375	3801	3947.0625	4172.125	3942	urbano
512415	556055	1808	1950	2008	2297.625	3259.6875	3495.625	3544	3706.375	3152.125	2666.25	urbano
512675	556365	1442	1736	1563	2203.9375	3413.1875	3796.375	4045	3901.3125	3160.1875	2526.9375	urbano
512635	556325	2194	2388	2494	2574.875	2920.25	3045.625	2744	3052.4375	3428.0625	3105.375	urbano
512655	556365	1674	1958	1900	2471.5	3223.4375	3448.375	3777	3585.875	3513.1875	3069.3125	urbano
512655	555835	2548	2644	2704	2675.75	3071.875	3104.375	2751	3108.5	3503.8125	3247.25	urbano
513205	555495	1706	1897	1926	2531.9375	3248.875	3449.5625	3317	3530.625	3518.5	3073.1875	urbano
512365	555765	1764	1984	1960	2509.5	3248.75	3514.3125	3928	3566.625	3833.9375	3432.6875	urbano
513445	555925	1920	2026	2368	2696.9375	3098.875	3229.875	2897	3363.875	3733.6875	3507.5	urbano
513095	556235	1690	2056	1995	2434.25	3402.1875	3730.75	3583	4016.3125	3468.5	2755.6875	urbano
512585	556965	1900	2036	2006	2839.75	3528.625	3751.6875	3352	3942.5625	3788.0625	3157.75	urbano
513535	556085	2462	2822	2874	2950.5625	3459.375	3663.1875	3940	3781.5625	4111.375	3779.125	urbano
512885	555675	1940	2152	2166	2572.625	2990.1875	3133.5	3127	3443.3125	4235.375	3946.625	urbano
512825	555745	1488	1660	1590	2239.375	3437.375	3911.25	3828	4068.4375	3378.9375	2625.375	urbano
512615	555785	2440	2728	2610	2737.9375	3396.375	3559.25	3164	3617.1875	3754.4375	3272.875	urbano
513055	555935	2078	2318	2350	2935.8125	3360.3125	3499.3125	3372	3548.625	3982.9375	3679.8125	urbano
513195	556425	2108	2306	2154	2465.5	3133.8125	3349.5625	3724	3360.75	3660.4375	3381	urbano
513265	556245	1834	2140	2196	2645.9375	3257.0625	3458.25	3641	3589.5625	3928.5625	3753.0625	urbano
512785	555635	1809	1982	2026	2305.75	2854	3049.3125	3018	3301.25	3841.625	3370.75	urbano
512365	556015	1616	1842	1957	2438.625	2997.875	3091.75	3065	3167.625	3477.5	3129.5625	urbano
512555	556195	2020	2170	2284	2588	3039.8125	3193.5625	3160	3308.625	3549.375	3279	urbano
513215	555965	1769	1993	2023	2566.375	3194.8125	3441.5	3546	3656.25	3958.5625	3522.5625	urbano
512845	556765	1888	2224	2110	2589.875	3176.6875	3420.75	3447	3658.625	3936.75	3488.375	urbano
512455	555645	1880	2070	2144	2504.0625	3150.6875	3331.25	2943	3480.9375	3646.9375	3320.1875	urbano
512815	555565	1904	2032	1994	2361.875	2868.875	3090.625	2941	3355.9375	4030.625	3568.375	urbano
513175	556205	2246	2264	2484	2602.625	2969.6875	3122.0625	2906	3272.1875	3881.1875	3721.1875	urbano
513105	555535	1443	1778	1606	2316.1875	3462.4375	3810.9375	4331	3951.4375	3175.3125	2543.0625	urbano
512955	556475	1624	1747	1746	2251.6875	3476.875	3917.75	3834	4115.25	3573.75	2819.25	urbano
513095	555785	2562	2692	2890	3012.875	3412.1875	3503.6875	3354	3632.1875	4098.375	3831.3125	urbano
513375	556005	2244	2462	2840	2819.9375	3102.5625	3263.25	3262	3506.0625	4206.25	4116.375	urbano
513325	556105	1995	2172	2252	2605	2930.3125	3137.8125	3097	3307.8125	4176.5625	3854.5	urbano
512325	555765	1800	1866	2156	2486.25	2783.9375	2901.375	2697	3058.125	3538.75	3204.8125	urbano
512515	556205	1754	2026	1926	2303.8125	3164.875	3415.5625	3424	3547.25	3222.875	2695.9375	urbano
513215	555845	1646	2000	1806	2594.25	3505.1875	3874.5625	4348	4110.0625	3894.3125	3321.875	urbano
512495	555995	1661	1880	1877	2490.5	3213.75	3443.5625	3514	3547.875	3422.4375	2942.8125	urbano
512615	556185	1680	1866	2008	2360.8125	3154.125	3410.3125	3061	3604.0625	3355.4375	2857.6875	urbano
513045	556295	1708	2000	1914	2420.875	3092.3125	3377.8125	3652	3642.5625	3807.1875	3287.25	urbano
512715	555905	2212	2326	2742	2804	3208.75	3337.9375	3237	3321.5	3777.875	3586.375	urbano
513435	555925	2038	2238	2298	2647.8125	3104.625	3231.125	3055	3380.625	3809.0625	3583	urbano
512555	555795	1963	2044	2300	2661.875	2972.3125	3091.375	2795	3143.125	3709.875	3451	urbano
512595	556245	1639	1902	1913	2421.875	3052.375	3270.75	3322	3425.875	3477.25	3023.0625	urbano
512815	556705	1939	2162	2352	2595.375	3070.3125	3241.5	3103	3487.25	4190.4375	3932.375	urbano
512475	555555	2032	2334	2404	2476.625	3253.75	3533.1875	3600	3663.375	3457.25	2981.4375	urbano
512615	556155	1667	1916	2054	2604.75	3301.6875	3451	3257	3579.125	3382.4375	3024.75	urbano
512865	555635	1398	1715	1508	2420.8125	3283.8125	3572.0625	3308	3719	3445.6875	2830.125	urbano
513155	556235	1696	1888	2084	2646.25	3113.5	3292.0625	3555	3294.625	3668.6875	3471.8125	urbano
513215	555655	1852	1974	2200	2595.75	3231.625	3417.5	3310	3645.875	3719.9375	3225.8125	urbano
513385	555935	1902	2216	2324	2811.5625	3457.5	3636.8125	3742	3742.125	3839.4375	3543.5625	urbano
512335	555805	2098	2378	2350	2728	3143.25	3260.875	3241	3284.8125	3702.8125	3467.9375	urbano
513065	556095	1670	2024	1916	2639	3653.6875	3948.25	4006	4104.75	3786.125	3209.875	urbano
512935	556495	1754	1988	2024	2325.4375	3346.5	3730.6875	3686	3973.5625	3603.4375	2920.625	urbano
513015	556115	1434	1642	1454	2082.5625	3409.6875	3898.75	3947	4178.125	3047.5625	2292.875	urbano
512515	556165	2056	2240	2500	2675.25	2917.9375	3089.4375	3026	3141.9375	3556.125	3265.875	urbano
513375	556175	2168	2354	2966	2816.75	3355	3498.625	3429	3613.9375	4071.25	3825.8125	urbano
513285	556015	2200	2286	2516	2848.25	3176.5	3323.375	3045	3393.5625	4192.5	3897.8125	urbano
512655	556465	2460	2672	2820	2809.75	3264.5625	3484.1875	3322	3560.125	3649.6875	3272.3125	urbano
512705	556755	1493	1761	1692	2193.8125	3514.75	3910	3934	4227.5	3654.375	2603.125	urbano
513095	556475	1824	2130	2228	2640.5625	3440.6875	3719.625	3921	3945.3125	3827.125	3200.5	urbano
512395	555835	1963	2138	2256	2533.5625	2996.125	3160.5625	3490	3400.9375	3635.0625	3279.8125	urbano
512285	555875	1726	1860	2134	2604.8125	3233.375	3387.75	2774	3449.625	3461.625	3096	urbano
513065	556495	1944	2112	2488	2664	3231.1875	3405.375	3344	3489.75	4040.875	3501.5	urbano
513055	556315	1828	2036	2102	2462.0625	3146.125	3396.5	3600	3704.0625	3881.4375	3406.5625	urbano
513395	556395	1385	1633	1574	2101.1875	3381	3758.125	3775	4087.1875	3275.6875	2490.3125	urbano
512665	555855	1908	2172	2340	2689.125	3029.125	3069.25	2943	3134.375	3524.9375	3285.75	urbano
513315	555835	2410	2748	2746	2875.875	3282	3453.8125	3452	3483.375	3851.9375	3643.125	urbano
513375	555925	1940	2070	3388	2978.8125	3542.5625	3634.375	3670	3689.5	3983.4375	3786.5625	urbano
512795	555615	1767	1955	1962	2291.125	2774.4375	2998.5	3076	3247.875	3886	3443	urbano
512505	555985	2134	2260	2172	2600.8125	3143.6875	3318.5	3588	3407.6875	3453.0625	3068.6875	urbano
513255	555965	1884	2044	2090	2461.25	3029.9375	3206.75	3034	3425.75	3997.8125	3656.1875	urbano
513055	556505	1796	1998	2422	2847.5	3428.6875	3565.875	3359	3720.25	4088.875	3604.5	urbano
512575	555805	1646	1840	1896	2581.3125	3169.3125	3373.9375	3302	3374.1875	3575.75	3214.5	urbano
512725	556485	1632	1786	1974	2216.375	3275.375	3595.6875	3867	3703.625	3096.9375	2527.8125	urbano
512445	555775	1882	2072	2164	2423.25	3110.625	3335.875	3232	3426.1875	3246.25	2877.25	urbano
513055	555835	2504	2542	2918	2772.0625	3290	3453.1875	3655	3548.75	3758.25	3323.1875	urbano
512545	556015	2338	2472	2680	2807.4375	3028.8125	3142.4375	3150	3276.375	3784.9375	3553	urbano
513515	556085	2132	2268	2816	2837.8125	3400.0625	3608.125	3468	3719.3125	3945.625	3709.25	urbano
513335	555975	1861	2066	2454	2691	3292.375	3484.1875	3278	3627.5	3867.375	3510.375	urbano
513215	556215	1653	1946	1778	2495.875	3030.25	3279.375	3576	3434.125	3802.375	3421.25	urbano
512525	556205	2028	2202	2262	2418.4375	3007.125	3145.6875	2967	3233.75	3329.625	2908.3125	urbano
512925	556475	1708	1874	2416	2922.5	3665.3125	3872.5625	3532	3897.4375	4230.0625	3797.75	urbano
512765	556845	2568	2564	2446	2856.5	3565.625	4075.125	4343	4514.125	4236.875	3331.8125	urbano
513335	556375	1854	2058	2232	2521.4375	3094.4375	3280.875	3037	3477.75	3833.3125	3556.9375	urbano
512835	555605	1844	2072	1904	2335	3134	3335.125	3335	3552	3742.875	3190.125	urbano
512755	556015	1936	2250	2460	2810.6875	3241	3429.875	3567	3572.3125	3746.125	3317.125	urbano
512655	556725	1338	1572	1472	1935.5625	3584.5	4129.8125	3918	4442.5	3152.1875	2174.3125	urbano
512735	556815	2466	2704	2416	2821.4375	3733.4375	4095	4536	4360	3904.0625	3016.25	urbano
513545	556105	2332	2528	2500	2712.8125	3145.25	3307.25	3241	3407.8125	3805.75	3450.3125	urbano
512635	556455	1847	1968	2242	2726.6875	3304.0625	3488	3384	3583.75	3787	3409.375	urbano
513045	555775	1438	1678	1563	2367	3635.125	4035.5	3986	4203.75	3488.5625	2743.9375	urbano
512385	555755	2190	2552	2548	2836.875	3085.8125	3206.9375	2902	3305.9375	3875.875	3652.3125	urbano
513085	556495	2106	2314	2432	2697.875	3181.6875	3368.625	3283	3484.25	4008.25	3552.75	urbano
513175	556355	2156	2308	2414	2804.75	3243.9375	3297.9375	3208	3365.75	3971.0625	4638.8125	urbano
512775	555935	1772	1908	1910	2556.3125	3395.8125	3650.1875	3692	3697.375	3559.75	3087.75	urbano
512775	555925	2002	2246	2424	2658.25	3293.75	3475.5	3062	3465.375	3586.0625	3230.8125	urbano
512935	556345	3850	3668	3972	2800.0625	3552.3125	3766.3125	4099	3923.4375	4070	3648.25	urbano
512545	556205	2130	2246	2300	2612.0625	2982.4375	3133.5625	3300	3187.0625	3533.9375	3288.625	urbano
513385	556375	1425	1676	1597	2164.6875	3348.8125	3733.375	3922	4038.1875	3381.0625	2633.625	urbano
513355	555895	2088	2216	2352	2858.25	3299.5625	3439.9375	3526	3527.5	3896.4375	3881.125	urbano
513255	555915	2024	2234	2316	2507.625	2928.25	3113.0625	2909	3312.625	3915.125	3682.625	urbano
512685	555985	2438	2600	2506	2487.3125	3296.1875	3509.9375	3185	3557.375	3423.25	2969.5625	urbano
512605	555845	1735	1807	1605	2326.3125	3171.6875	3514.8125	3392	3678.0625	3404.1875	2866.25	urbano
512965	556435	1684	1966	2026	2629.625	3482.6875	3711.25	3822	3975	4273.125	3633	urbano
512815	555985	1540	1848	1698	2545.875	3339.6875	3529.25	4033	3635	3342.1875	2871.9375	urbano
512825	556095	1303	1531	1303	2101.6875	3541.0625	4007.0625	4242	4315.375	3429.4375	2720	urbano
513095	556455	1810	2082	2078	2472	3485.3125	3806.375	4041	3984.0625	3518.6875	2850.625	urbano
512695	556055	3128	3744	3448	3749.5	4100.625	4221.75	4103	4177.875	4670.375	4728.125	urbano
513215	556465	1920	2092	2202	2399.5	2937.3125	3110.375	2921	3190.0625	3383.8125	2930.5625	urbano
512425	555835	1796	2078	2234	2543.125	2829.0625	2995.1875	2972	3038.6875	3477.5625	3211.75	urbano
512405	555845	2090	2334	2506	2584.0625	2886.125	3073.0625	3013	3135.9375	3590.0625	3346.8125	urbano
513465	556085	1696	1936	1985	2533.8125	3649.25	3993.4375	4179	4353.5	4015.4375	3138.3125	urbano
512505	555625	1913	2042	2218	2649.375	3119.375	3214.3125	3323	3176.125	3577.25	3324.375	urbano
513065	555715	1520	1788	1852	2529.3125	3406.875	3659.1875	3788	3878.25	3781.75	3220.625	urbano
513315	556385	1531	1780	1728	2240.875	3045.3125	3365.0625	3524	3540.0625	3656.5	3227.0625	urbano
513275	556355	2838	3028	2898	3014.9375	3236.9375	3370.25	3057	3424.1875	4064.0625	3917.5625	urbano
512425	556035	1892	2036	2036	2325.0625	3047.8125	3281.875	2938	3422.875	3189	2755.625	urbano
512505	556045	2528	2792	3062	2795.5625	2913	3034.5625	3216	3207.1875	3960.4375	3985.8125	urbano
512695	556535	1704	1980	1946	2575.5	3254.5625	3424	3271	3628.125	3620.875	3118.75	urbano
512955	556115	2266	2418	2664	2733	3162.375	3357.5	3222	3527.9375	3636.75	3133.1875	urbano
512495	555685	2618	2852	3138	3320.375	3664.125	3814.125	3700	3893.125	4118.375	3713.4375	urbano
512365	556005	1874	1891	2194	2559.3125	2919.4375	2992.4375	2658	3064.1875	3563.625	3307.5625	urbano
513215	555745	1731	1962	2240	2617.5	3086.9375	3307.0625	3073	3507	3878.875	3303.125	urbano
512765	556465	1648	1861	1906	2366.1875	3065.625	3268.0625	3417	3406.0625	3227.8125	2772.5	urbano
512785	556515	1744	1984	2068	2444.875	3182.25	3420.875	3524	3694.5625	3462.75	2935.375	urbano
512815	556095	1349	1660	1445	2263.0625	3566.1875	4122.1875	4196	4394.125	3629.3125	3096	urbano
513185	555875	2108	2252	2392	2607.4375	3176.75	3406.5	3403	3558.3125	3903.5625	3478.6875	urbano
512375	555755	1924	2134	2156	2576.125	3101.9375	3273.8125	2892	3408.3125	3861.125	3520.4375	urbano
512885	556035	1461	1748	1678	2205	3305	3618.1875	3865	3828.6875	3309.5625	2590.9375	urbano
512795	556465	1866	2068	2168	2450.6875	3091.1875	3279.375	3015	3407.625	3383.25	2999.0625	urbano
512695	555825	1974	2036	2332	2666.875	3144.0625	3301.875	3209	3383.9375	3528.1875	3238.1875	urbano
513015	556545	1988	2240	2504	2813.5625	3357.25	3577.625	3407	3779.1875	4124.375	3614.4375	urbano
512865	556785	1634	1964	2146	2541.5	3542.75	3838	3975	4042.0625	3609.8125	2970.625	urbano
512625	555905	1404	1691	1541	2265.9375	3097.375	3384.25	4064	3500.75	3173.3125	2684.5625	urbano
512595	556265	1974	2180	2466	2561.75	3050.9375	3202.4375	2921	3304.625	3473.375	3157.4375	urbano
513485	555945	2174	2340	2586	2781.25	3363.8125	3602.0625	3674	3769.5625	3932.875	3586.8125	urbano
512795	556815	3898	3764	3768	3859.125	4326.375	4699.75	5204	5017.3125	4861.25	3934.625	urbano
512975	556045	2330	2410	2512	2591.875	3253.5	3497.3125	3057	3722.6875	3681.875	3185.375	urbano
512785	555575	1778	1957	1994	2321.9375	2897.3125	3068.5625	3082	3418.8125	3904.25	3417.5625	urbano
512995	555775	2134	2572	2488	2558.375	3152.4375	3512.5625	4284	3771.6875	4948.25	4923.5625	urbano
512885	556045	1602	1818	1880	2274.5	3224	3528.0625	3736	3749.5625	3436.1875	2764.3125	urbano
513065	555985	2046	2256	2296	2691.375	3308.9375	3532.625	3563	3611.1875	3810.3125	3435.25	urbano
512885	556505	1809	2060	2238	2543.25	3207.8125	3433.375	3483	3587.4375	3775.4375	3275.375	urbano
512485	555695	2502	2864	3094	3157.9375	3486.6875	3648.8125	3771	3784.375	4191.375	3797.6875	urbano
513275	555665	2346	2522	2598	2693.0625	3117.5	3253.8125	3364	3276	3545.8125	3224.875	urbano
512915	555615	1952	2108	2154	2454.25	2771.75	2933.6875	2711	3107.5625	3922.125	3582.6875	urbano
512795	556965	2098	2234	2440	2614.4375	2907	2979.4375	2918	3083.0625	3456.1875	3135.4375	urbano
513445	556315	2088	2366	2340	2820.1875	3425.25	3594.75	3423	3739.0625	3909.875	3464.5625	urbano
513235	555865	1984	2156	2156	2698.1875	3272.375	3436.3125	3275	3694.25	3940	3528.3125	urbano
513315	556115	1892	2118	2198	2651.6875	3032	3262.75	3396	3443.5625	3935.6875	3611.5625	urbano
512525	555695	1938	2340	2292	2547.375	3243.875	3598.25	3496	3728.5	3623.5	2965.9375	urbano
512775	556915	1984	2384	2536	2802.125	3701.625	3956.75	4244	4226.375	3917.8125	3138.9375	urbano
512875	555805	2416	2418	2702	2669.25	3146	3225.1875	3170	3313.625	3774.0625	3438	urbano
512285	555675	2044	2266	2354	2494.4375	2834.125	2999.25	2882	3147.5625	3702.875	3472.5625	urbano
512965	556465	1621	1852	1948	2518.8125	3488.6875	3806.3125	3939	4151.25	3895.5	3313.125	urbano
512725	556495	1535	1714	1982	2265.125	3319.875	3679.8125	3480	3771.625	3202.625	2606.625	urbano
512515	555665	2722	2980	3164	3056.4375	3810.4375	3901	4034	4105.3125	4223	3913.5625	urbano
512915	556355	1868	2096	2322	2617.375	3549.8125	3859	3955	4074.5	3746.75	3081.9375	urbano
512595	555755	1666	1952	1925	2319.8125	3407.9375	3737.4375	3764	3954.9375	3367.125	2665.6875	urbano
513195	555765	2074	2268	2534	2777.5625	3204.625	3347.75	3588	3464.5625	3829.75	3448.9375	urbano
512625	555955	1526	1790	1769	2412.8125	3205	3481	4009	3640.375	3285.5625	2840.625	urbano
512695	556325	1782	2030	1836	2422.5	3246	3519.4375	3894	3596.125	3293.0625	2848.75	urbano
512635	555935	1809	1980	2332	2428	3025.0625	3189.375	2744	3270.4375	3285.25	2846.75	urbano
512215	555745	1890	2120	2216	2586.1875	2959.5	3066.5625	3268	3173.9375	3436.375	3197.9375	urbano
512395	555965	1904	2046	2168	2456.125	2713.75	2764.9375	2637	2840.625	3540.625	3339.4375	urbano
512535	556175	1802	2130	2146	2562.8125	2949.125	3099.6875	3289	3193.9375	3447.75	3116	urbano
512525	556715	1984	2134	2182	2621.25	3394.75	3699.25	3320	3941.0625	4252.375	3499.8125	urbano
513005	556575	1926	2056	2180	2831.5625	3255.3125	3423.375	3065	3633.375	4266.25	3891.625	urbano
512375	555595	1396	1646	1508	2438.375	3377	3787.9375	4475	3885.5	3417.25	2953.5	urbano
512795	556495	2168	2440	2720	2584.9375	3186.875	3365.1875	3254	3436.3125	3540.6875	3288.5	urbano
512515	555605	2654	2644	2798	2810.875	3145.75	3246.9375	3319	3280.9375	3683.6875	3487.8125	urbano
512855	556785	1980	2152	2196	2481	3393.75	3668	3447	3987.1875	3625.4375	3008.875	urbano
512785	555965	1932	1857	1870	2452.0625	3366.875	3674.1875	3531	3826.0625	3496.5	2984.1875	urbano
513045	556595	1944	2248	2266	2629.875	3391.9375	3631.375	3702	3834.9375	3899.375	3356.3125	urbano
512705	556335	1742	1908	2046	2509.375	3224.1875	3440.5	3303	3596.25	3313.9375	2851.3125	urbano
512405	555965	1987	2136	2274	2480.875	2744.75	2830.8125	2840	2986.875	3532.875	3325.3125	urbano
513585	556175	2270	2418	2370	2740.375	3517.1875	3731.125	3828	3848.875	3986.25	3606.5625	urbano
512755	556875	1883	2150	2128	2447	3378.625	3660	3218	3883.1875	3647.625	2892.8125	urbano
512655	555815	1826	2064	2592	2706.8125	3275.5	3401.375	3237	3430.25	3557	3150.125	urbano
513145	555635	1855	2064	2182	2450.8125	3493.4375	3851.3125	3878	4071.625	3673.375	2921	urbano
513005	556535	1958	2164	2274	2711.375	3349.25	3556.9375	3614	3777.1875	3990.4375	3463.1875	urbano
512905	556105	2042	2178	2246	2395.75	3099.875	3338.875	3003	3594.625	3653.6875	3168.6875	urbano
512715	556885	2158	2476	2614	2723.375	3234.0625	3494.375	3355	3673.75	3829.875	3317.8125	urbano
512385	555715	1730	1850	1947	2413.9375	2901.5625	3124.4375	2928	3147.3125	3388.125	3043.5625	urbano
512455	555955	2290	2432	2544	2883.6875	3119.875	3274.8125	3009	3351.375	3619.5	3305.375	urbano
512955	556165	1972	2184	2300	2514.0625	3379.125	3664.4375	3358	3906.8125	3676.5625	3075.375	urbano
512895	556265	2654	2796	2970	2740.625	3308.5	3521.5	3765	3745.125	3815.8125	3221.8125	urbano
512715	555795	1681	1858	1916	2603.375	3310.4375	3566.0625	3438	3716.1875	3534.1875	3021.1875	urbano
512515	556115	2068	2098	2298	2527.4375	3130.9375	3337.375	3022	3402.125	3552.875	3232.25	urbano
513285	555625	1711	1932	1822	2414.875	3156.1875	3382.375	3498	3456.6875	3342.875	2928.0625	urbano
512865	556535	2042	2210	2342	2540.5	3343.9375	3591.8125	3590	3756.3125	3633.5	3110.8125	urbano
512885	556075	1768	1966	1879	2393.125	3071.9375	3308.375	3146	3597.4375	3760.5	3253.625	urbano
512665	556445	1655	1884	1927	2746.0625	3415.625	3574.125	3610	3629.625	3759.1875	3408.25	urbano
512975	556315	2011	2200	2290	2622.625	3021.4375	3240.5625	3085	3503.625	4043.375	3640.375	urbano
512365	555595	1748	1892	1791	2468.5	3195.25	3529.1875	3557	3575.5625	3432.75	3059.4375	urbano
512635	556195	2060	2184	2384	2429.875	2999.375	3206.4375	2864	3317.5	3431.875	3018.5	urbano
512665	557045	1400	1633	1488	2127.375	3311.625	3686.8125	3719	3933.1875	3377.875	2510.4375	urbano
512515	555865	1506	1828	1774	2324.875	3352	3606.75	3776	3769.0625	3404.6875	2656.3125	urbano
512885	556725	2104	2274	2334	2655.75	3139.5625	3361.6875	3155	3638.0625	4197.75	3900.9375	urbano
512615	555805	1670	1886	1858	2646.0625	3494	3807.375	4245	3854.9375	3725.625	3163.5625	urbano
512305	555835	1742	1950	1962	2512.875	2992.3125	3109.9375	3315	3236.625	3623.625	3425.1875	urbano
512355	555875	2110	2268	2392	2610.9375	2961.75	3047.5625	2878	3153.0625	3431.875	3182.75	urbano
513125	555795	1645	1894	1814	2591.25	3585.0625	3810.8125	4050	3926.3125	3728.625	3134.1875	urbano
513295	555995	2102	2238	3174	3062.1875	3447.375	3545	3449	3588.5625	4198.9375	3885.8125	urbano
512835	556155	1846	2152	2202	2500.125	3473.625	3848.75	3888	4178.4375	4462	3582.125	urbano
512525	555785	2376	2622	2800	3150	3383.0625	3517.5625	3249	3571.3125	4275.25	4229.6875	urbano
513475	556355	1869	2038	2180	2724.1875	3362.1875	3533.5	2951	3716.1875	4394.875	3916.25	urbano
512335	555845	2042	2190	2328	2525	2870.375	2986.375	2748	2975.5625	3473.5	3212.75	urbano
513365	556045	1686	1848	1792	2304.125	2917.375	3103.5625	3255	3262.8125	3580.25	3186.125	urbano
512675	556725	1417	1634	1499	2042.1875	3631.1875	4149.1875	4119	4421.625	3231.25	2227.6875	urbano
512625	556115	2114	2246	2742	2663.9375	3062.4375	3193.25	3008	3265.875	3358.4375	3056.3125	urbano
513285	556455	2038	2228	2448	2526.75	3062.375	3221.9375	3171	3335.4375	3657.1875	3236	urbano
512555	556705	1422	1697	1622	2284.75	3759.9375	4277.25	4407	4610.8125	3912.125	2733.5	urbano
513135	555555	1970	2188	2384	2685.125	3315.75	3545.6875	3364	3692.125	3678.9375	3232.3125	urbano
513335	555575	2646	2982	2824	2808.0625	3196	3276.0625	3362	3254.75	3699.5	3458	urbano
512615	556345	1884	2092	2272	2690.125	3112.75	3230	3033	3328.875	3545.625	3278.5	urbano
512345	555825	1964	2226	2252	2679.25	2971.6875	3078.8125	3347	3160.75	3517.6875	3334.25	urbano
512885	556145	2528	2688	2858	3051.5	3691.5	3967.625	3929	4372.625	4434.0625	4243.75	urbano
512845	556715	1961	2224	2388	2639.3125	3088.3125	3315.875	3291	3538.5	4182.25	3902.125	urbano
513015	555745	1502	1789	1715	2240.875	3569.4375	4020.5625	4541	4343.25	3464.5625	2649.6875	urbano
513085	556585	1716	1908	2156	2607	3079.0625	3226.5	3154	3426.875	4154.1875	3763.75	urbano
512645	555935	1786	1902	2252	2423.5	3133.6875	3341.625	3264	3409.8125	3268.25	2791.25	urbano
512205	555795	1860	1965	2018	2280.625	2696.25	2869.4375	2456	3040.0625	3033.5625	2715	urbano
512455	556045	2402	2288	2424	2588.625	2881.375	3010.8125	2847	3063.5	3580.6875	3401.4375	urbano
512565	556415	1700	2016	2190	2545.0625	3532.6875	3851.6875	3874	4283.375	3996.125	3116	urbano
512675	556695	1403	1730	1596	2168.1875	3633.4375	4114.6875	4273	4454.0625	3345.0625	2342.8125	urbano
512665	556705	1434	1722	1517	2053.4375	3635.75	4087.9375	4136	4323.1875	3127.3125	2185.0625	urbano
512975	556095	1998	2188	2440	2567.5	3293.1875	3617.9375	3566	3856.4375	3728.9375	3037.3125	urbano
512545	556255	1630	1866	1979	2434.6875	3100.5625	3295.375	2969	3475.9375	3521.125	3113.9375	urbano
512705	555945	1619	1961	1885	2500.25	3180.6875	3367.625	3540	3538.1875	3449.1875	2982.5	urbano
512215	555695	1858	2228	2440	2787.625	3122	3249	2990	3300.6875	3579.3125	3253.0625	urbano
512465	555665	1489	1751	1735	2504.75	3156.1875	3437	3730	3498.9375	3579.375	3134.1875	urbano
512955	556685	1892	2082	2156	2744.5625	3148	3317.375	3398	3542.75	4057.625	3707.375	urbano
513335	556065	2076	2286	2124	2576.4375	2923.4375	3074.875	3016	3334.5	4245.5	3894.75	urbano
512975	556155	1704	1968	1762	2763.9375	3588.5	3892.6875	4329	4045.5625	3968.125	3480.1875	urbano
512545	555605	1448	1714	1706	2470.375	3244	3507.75	3450	3739	3463.75	2923.625	urbano
512735	556015	1628	1808	1820	2520	3433.9375	3736.8125	3353	3853.5625	3410.25	2835	urbano
512715	555765	1623	1865	1861	2382.125	3416.1875	3780.625	3821	4073.125	3489.75	2731.75	urbano
512645	555735	1454	1686	1610	2122.3125	3372	3848.25	3951	4139.75	3103.5625	2305.0625	urbano
513165	556275	1700	1868	2064	2425.625	2841.6875	3002.8125	2615	3134.4375	3503.9375	3168.75	urbano
512875	556355	1802	2064	1992	2610.4375	3287.375	3486.0625	3472	3681.0625	3727.8125	3268.25	urbano
513275	555595	1746	1924	2016	2440.8125	3142.375	3410.1875	3492	3550.25	3437.4375	2947.3125	urbano
512845	556675	2142	2286	2394	2543.4375	2929.875	3122.4375	2798	3325.8125	4020.1875	3763.25	urbano
512945	556415	1772	2042	2362	2727.75	3483.6875	3748.8125	4016	3958.25	4092.1875	3442.9375	urbano
512455	555865	1658	1935	2204	2707.625	2952.75	3030.3125	2621	3023.4375	3582.375	3377.1875	urbano
513195	555485	1972	2248	2094	2583.625	3239.0625	3481.25	3501	3555.375	3539.4375	3072.375	urbano
513145	556415	1634	1839	1728	2520.6875	3426.4375	3654	3956	3752.75	3588	3228.8125	urbano
513325	556025	3270	3576	3526	3110.375	3326.8125	3417.3125	3876	3555.9375	4532.3125	4343.3125	urbano
513005	555805	1512	1692	1602	2225.375	3140.9375	3446.375	3162	3748.625	4096.3125	3447.6875	urbano
513235	555555	1544	1812	1854	2495.625	3576.1875	3967.5	4005	4187.5	3459.75	2783.5	urbano
512895	556355	2004	2274	2280	2576.6875	3291.125	3568.375	3512	3744.875	3596.375	3107.8125	urbano
513275	556045	2072	2268	2390	2611.0625	3111.1875	3295.25	3391	3502.1875	3893.625	3486.625	urbano
513235	555595	2388	2432	2798	2604.5625	3154.125	3282.75	3392	3380.0625	3634.5	3378.625	urbano
513175	556295	1868	1946	2078	2432.75	2884.75	3078.6875	3127	3261	3664.625	3303.25	urbano
512815	557045	2046	2230	2350	2740.8125	2943	3068.9375	2698	3126.1875	3690.875	3418.5625	urbano
512955	555735	1533	1733	1726	2129.6875	3548.1875	4029.5625	3813	4293.375	3207.3125	2318.125	urbano
512665	557055	1424	1722	1528	2199.1875	3192	3505.4375	3869	3697.375	3456.25	2721.8125	urbano
512845	556495	2098	2334	2280	2455.625	3159.4375	3375.5	3496	3495.875	3554.1875	3174.4375	urbano
512695	556425	1888	2004	2456	2682.4375	3327.4375	3517.5	3243	3584.625	3577.5	3151.1875	urbano
512385	556005	1894	2018	2122	2315.4375	2859.25	3052.5625	3230	3263.8125	3421.625	3007.625	urbano
512265	555705	1768	1869	2086	2331.875	2825.125	3002.75	2555	3108	3330.25	3088.0625	urbano
513095	555755	2448	2606	2602	2882.75	3238.375	3292.5625	3002	3393.5	3929.4375	3641.375	urbano
512495	556225	1828	2022	2008	2606.75	3265.5625	3462.8125	3385	3511.5625	3459.0625	3127.0625	urbano
512625	557015	1602	1861	1860	2450.625	3597.5625	4016.3125	4164	4319.5	3740.625	2750.6875	urbano
512825	556865	2092	2334	2590	2918.5	3359	3549.75	3583	3670.1875	4107.75	3580.125	urbano
512665	555835	2322	2416	2534	2712.75	3148.625	3247.625	3209	3297	3510.4375	3255.75	urbano
513345	555935	1501	1720	1658	2533.125	3521.125	3724.1875	3792	3902.9375	3763.375	3339.6875	urbano
512855	555795	2380	2564	2524	2836.875	3209.0625	3392.9375	3001	3493.625	3813.1875	3458.3125	urbano
513085	555675	2004	2312	2338	2683.3125	3558.875	3833.8125	4067	4089.25	3928	3277.625	urbano
512795	555945	1810	2056	1976	2406.375	3293.25	3569.9375	3419	3656.25	3441.5625	2920.75	urbano
512645	555825	2000	2234	2696	2736.0625	3208.5	3274	3108	3284.25	3544.625	3196.75	urbano
512355	555975	2246	2054	2418	2668.875	3200.3125	3345.0625	3045	3341.0625	3588.5	3344.1875	urbano
513265	556155	2346	2398	2486	2650.4375	2933.25	3104.1875	3024	3252.625	3815.8125	3803.3125	urbano
513205	556395	1664	1808	1703	2584.5625	3158.125	3349	3136	3478.6875	3602.25	3570.8125	urbano
512605	556445	1684	1978	2008	2637.3125	3313.1875	3598.5	3924	3800.9375	3936.25	3265.6875	urbano
512995	555795	1795	1894	1974	2395.375	2998.9375	3368.875	2858	3570.625	4803.3125	4529.6875	urbano
512945	555775	1866	2168	2296	2389.9375	3537.125	3937.8125	4212	4203.125	3776.25	2928.5	urbano
512855	556335	2022	2272	2432	2920.0625	3283.4375	3477.0625	3578	3606.125	3985.9375	3747.375	urbano
512995	556675	1852	2128	2208	2655.25	3140.6875	3293.125	3197	3488	3993.75	3644.5625	urbano
512935	556155	2050	2312	2366	2472.6875	3538.125	3892	3921	4125.25	3498.25	2804.6875	urbano
512865	556445	1568	1750	1962	2508.8125	3116.25	3317.625	3380	3460.1875	3545.1875	3052.3125	urbano
513175	556525	1566	1804	1728	2270.375	3092.1875	3390.5	3573	3659.75	3638.0625	3110.75	urbano
513055	556355	2124	2228	2304	2617.1875	3091.4375	3333.8125	3032	3624.75	4196.75	3885.875	urbano
513105	556245	1728	1963	2009	2465.25	3430.6875	3763.75	3856	4007.3125	3394	2737.6875	urbano
512865	556615	1882	2250	2238	2569.625	3461.625	3782.25	3761	4067.6875	3863.5	3099.375	urbano
512795	556415	1426	1626	1496	2285.3125	3125.75	3354.3125	3082	3606.0625	3323.9375	2781.6875	urbano
512675	556325	1776	1930	2032	2521.9375	3118.75	3380.8125	3031	3475.375	3353.1875	2910.5	urbano
512555	556225	1984	2170	2344	2708	2999.5	3139.1875	3079	3234.1875	3675.5625	3476.0625	urbano
512775	557025	1915	2118	2266	2474.3125	3265	3599.75	3420	3855.0625	3719.9375	3081.625	urbano
512645	556535	1802	2060	2100	2357.3125	3460.5625	3823.125	3576	4017.5	3679.375	2920.25	urbano
512505	556025	1810	1942	1898	2466.3125	3093.625	3328.4375	3392	3478.8125	3609.0625	3346.6875	urbano
512755	556385	2168	2406	2616	2798.25	2984.9375	3064.6875	3221	3056.8125	3604.9375	3373.0625	urbano
512855	556645	1958	2070	2098	2556.9375	3091.875	3286.6875	3185	3431.25	3850.5	3435.9375	urbano
512565	556075	2442	2554	2686	2750.5	3148.375	3298.0625	3134	3354.0625	3723.75	3443.5625	urbano
513535	556115	1934	2178	2188	2630.8125	3151.6875	3301.4375	3281	3301.5	3694.625	3382	urbano
513345	556075	2828	2998	2860	2766.875	3082.125	3205.375	3316	3391.875	4188.375	3886.875	urbano
512545	556245	1781	1964	2054	2399.3125	2995.0625	3173.5625	2791	3357.375	3510.75	3112.3125	urbano
512635	555855	2072	2232	2374	2571.9375	3046.5625	3218.3125	2887	3218.5625	3380.375	3057.9375	urbano
512685	555975	2124	2290	2228	2449.4375	3296.0625	3534.3125	3237	3620.125	3388.25	2919.1875	urbano
513245	556265	2023	2162	2110	2580.1875	3036.75	3273	3082	3489.4375	3952.75	3646.875	urbano
512615	555815	2058	2120	2222	2642.5625	3464.0625	3818.4375	3668	3868.375	3665.75	3114.625	urbano
512695	555745	1349	1554	1386	2214.875	3417.4375	3747.9375	3776	3993.75	3278.75	2537.875	urbano
512835	555705	2200	2356	2296	2394.5	2800.0625	3023.75	2972	3277.0625	4100.3125	3634.1875	urbano
512625	556655	1356	1524	1402	1892.9375	3620.25	4137.8125	4163	4470	2975.0625	2092.75	urbano
513145	556375	1623	1896	1788	2387.5	3077.375	3285.3125	3459	3317.625	3636.9375	3608	urbano
513225	556225	2214	2398	2404	2788.875	3235.75	3378.375	3066	3552.125	4153.875	3893.25	urbano
513185	555595	1550	1872	1759	2604.5	3582	3896.5	4365	4183.125	3746.375	3014.4375	urbano
513335	556055	1864	2090	2072	2696.3125	2964.3125	3153.625	3229	3420.5	4287.5	3951.25	urbano
512585	556675	1480	1688	1652	2244.25	3221.0625	3557.625	3511	3814.3125	3571.8125	2735.9375	urbano
512645	556725	1262	1479	1317	1958.8125	3545.125	4092.3125	4532	4400.5625	3233.125	2254.5625	urbano
512725	556535	2390	2426	2522	2593.6875	3233.375	3400.9375	2922	3595.125	3695.125	3130.1875	urbano
512455	555625	2108	2262	2384	2611.5	2855.25	2996.8125	2791	3160.6875	3622.8125	3409	urbano
513155	555565	2062	2320	2466	2725.8125	3377.375	3637.1875	3666	3795.3125	3729.75	3128.875	urbano
512975	556245	2260	2368	2432	2619.9375	3190.5	3490.3125	3203	3651.4375	3899	3606	urbano
512905	555615	1965	2136	2212	2428.3125	2847.375	3057	2938	3261.25	3869.9375	3460.125	urbano
513255	555715	2021	2322	2550	2724.9375	3404.375	3719.375	3942	3896.125	3943.6875	3574.125	urbano
512765	556585	1436	1874	1736	2580.5	3915.75	4332.9375	4663	4509.3125	3714.375	2904.625	urbano
512315	555875	2296	2340	2656	2752.8125	3017.3125	3108.375	3054	3157.875	3768.1875	3617.75	urbano
512705	556365	1433	1665	1552	2312.3125	3060.3125	3301.5625	3502	3457.5	3249.8125	2773.5	urbano
513415	556275	1942	2062	2314	2657.0625	3026.125	3165.625	2819	3219.125	3702.9375	3375	urbano
512385	555795	3070	3092	3424	3575.1875	4333.25	4288.125	4496	4251.6875	4083.1875	3648.75	urbano
513395	555905	2198	2404	2370	2830.375	3126.25	3211.9375	3010	3233.625	3756.8125	3606.8125	urbano
513205	555715	1494	1764	1629	2298.3125	3032.0625	3290.375	3568	3563.625	3785.625	3188.375	urbano
512925	555625	1904	2012	2122	2397.75	2783.25	2868.1875	2691	3048.5625	3856.625	3544.1875	urbano
513265	556135	2126	2362	2366	2614.8125	3277.75	3432.8125	3548	3712.125	3742.9375	3472.5	urbano
512715	556045	1824	2100	2872	3124.9375	3652	3832.9375	3670	3957.375	4253.625	3842.625	urbano
513125	555775	2402	2656	2844	3056.9375	3628.8125	3784.125	3746	3865.375	4002.875	3625.5	urbano
512325	555735	1890	2094	2192	2563.6875	3042.125	3177.9375	3093	3255.375	3385.5625	2984.125	urbano
512885	556325	2198	2290	2354	2548.5625	3243.625	3466.9375	3388	3508.0625	3599.0625	3230.875	urbano
513515	556045	2398	2500	2684	2860.125	3449.1875	3571.875	3394	3639.625	4080.75	3774.5	urbano
513415	556065	2084	2250	2388	2671.3125	3257.4375	3420.8125	3733	3675	3983.3125	3714.5625	urbano
512935	556365	2260	2440	2418	2620.6875	3331.4375	3501.125	2906	3638.5	3854	3366.375	urbano
513265	556285	1963	2248	2140	2760.6875	3218.1875	3460.875	3703	3577.375	3980.0625	3703.4375	urbano
513355	555765	2376	2234	2170	2595.5	3169.75	3401.5	3330	3563.625	3658.875	3311.625	urbano
513135	555615	1453	1720	1561	2653.375	3714.9375	4039.5625	4148	4319.3125	3671.0625	2954	urbano
512385	555835	1768	1991	2013	2496.375	3017.8125	3195.6875	3420	3440.125	3625.6875	3238.25	urbano
513545	556195	2046	2246	2438	2580.8125	3366.5	3631.5625	3711	3877.6875	3865	3155.4375	urbano
513195	556265	2036	2364	2202	2375.25	3000.4375	3201.375	3343	3388.5625	3639.4375	3265.25	urbano
513345	555915	2628	2750	2970	3085.4375	3413.625	3621.125	3350	3760.75	4191.25	4213.75	urbano
512355	555925	1472	1735	1687	2374.0625	3354.5	3678.8125	3879	3774.375	3244.375	2689.625	urbano
512305	555755	2248	2468	2600	2622.3125	2897.5625	3034.9375	2901	3163.0625	3426.6875	3229.75	urbano
513035	556325	1626	1954	1731	2436.75	3252.0625	3489.9375	3778	3666.0625	3711.625	3209.75	urbano
513525	555995	1978	2120	2338	3023.3125	3562.9375	3731.875	3260	3932.875	4284.875	3860.75	urbano
513235	555725	1954	2238	2406	2635	3448.625	3679.6875	3714	3856.375	3892.375	3298	urbano
513165	556445	2378	2398	2786	2709.375	3240.875	3473.375	3719	3529.25	3891	3749.8125	urbano
512465	555935	2678	2876	3044	2980.0625	3307.5	3393.625	3609	3450.125	3700.3125	3370.875	urbano
512925	556645	2024	2138	2336	2620.3125	3134.6875	3334.5	3176	3489.625	3864.0625	3434.5625	urbano
512615	556965	1564	1881	1872	2512.5	3548.125	3890.8125	3956	4111.3125	3798.5	3056.375	urbano
512615	556925	1858	2148	2306	2539.0625	3418.375	3764.75	3930	3994.9375	3825.25	3173.75	urbano
512935	556075	1666	1849	2009	2358.75	3373.9375	3662.375	3611	3861.5	3316.25	2694.625	urbano
513135	556525	1970	2220	2344	2608.0625	3182	3365.1875	3409	3573.3125	3981.4375	3545.9375	urbano
513355	555825	1980	2376	2460	2805.4375	3215.6875	3404.0625	3233	3409.8125	3842.625	3637.875	urbano
512975	556575	1918	2140	2354	2750.5625	3225.6875	3497.625	3243	3648	4285	3855.4375	urbano
513145	556205	1973	2168	2156	2501.625	3053.3125	3231.5	3116	3301	3551.0625	3228.8125	urbano
513225	556455	2042	2234	2332	2563.5	2987.3125	3173.375	3139	3182.0625	3654.3125	3300.0625	urbano
512625	555895	1530	1731	1586	2355.8125	3137.625	3304.25	3768	3387.25	3208.9375	2778.1875	urbano
513135	556025	1498	1786	1661	2153.25	3793.75	4336.3125	4525	4630.0625	3345.6875	2402.4375	urbano
512365	555815	2434	2572	2636	2558.5625	3036.125	3140.3125	2957	3280.4375	3828.8125	3527.375	urbano
513225	556025	2368	2570	2566	2685.9375	3058.5	3226.25	3204	3421.5625	3936.6875	3682.5625	urbano
512545	555735	1434	1700	1584	2272.125	3088.25	3337	3322	3497.4375	3209.9375	2580.5625	urbano
512715	556385	1935	2238	2256	2581	2959.25	3093.4375	3286	3212.5	3400.75	3071.25	urbano
512655	555865	1814	1902	2260	2664.125	2981.125	3119.75	2831	3111.875	3495.9375	3263.75	urbano
512895	555665	2338	2454	2734	2598.625	3097.4375	3283.4375	3885	3586.8125	4275.6875	4017.75	urbano
512615	556425	2106	2276	2306	2679.0625	3125.75	3273.6875	3059	3384.875	3744.375	3364.625	urbano
512925	556095	1511	1680	1690	2294.5625	3358	3785.875	3655	3962	3412.75	2763.0625	urbano
512395	555785	1780	2120	2722	3579.75	4151.8125	4027.5625	3578	4090.75	4154.125	3768.125	urbano
513455	555925	2172	2254	2488	2752.0625	3179.125	3310.0625	3122	3420.9375	3765.4375	3510	urbano
512945	555725	1356	1589	1488	2130.8125	3530.75	3994.9375	3999	4248.125	3156.6875	2256.6875	urbano
513115	556035	1586	1922	1854	2287.625	3614.5625	4014.4375	4215	4282.8125	3548.5625	2760.6875	urbano
512675	555795	1832	2064	2170	2659	3236.5	3423.6875	3170	3536.375	3490.9375	3116.8125	urbano
512885	555585	1634	1798	1730	2174.3125	2853.6875	3035.9375	3029	3364.625	3747.625	3291.625	urbano
513545	556025	2084	2346	2536	2824.4375	3533.125	3805.6875	3896	3958.75	4194.75	3710	urbano
512845	555585	1805	1969	2016	2519.8125	2976.75	3238.625	3080	3467.5625	3848.3125	3378.75	urbano
512505	556835	2552	3272	3690	3524.3125	3932.125	4087.625	4252	4265.875	4374.75	3632.5625	urbano
513405	556385	1368	1597	1446	2104.25	3203.6875	3596.875	3806	3841.625	3304.1875	2557.3125	urbano
513255	555815	2640	2916	2676	3039.625	3492.3125	3582.3125	3607	3626.5625	4275.625	4224.5	urbano
512525	555815	1714	1969	1908	2810	3276.5625	3425.6875	3359	3588.75	3946.375	3554	urbano
512485	556025	1930	2044	2318	2601.25	3010.75	3146.0625	2985	3177.8125	3476	3278.3125	urbano
512805	556295	2512	2682	2504	2885.0625	3160.6875	3281.9375	3245	3230.5625	3833.0625	3616.6875	urbano
512625	556155	1817	2066	2182	2692.75	3327.0625	3469	3681	3574.875	3405.8125	3032.75	urbano
513295	555785	2454	2902	2616	2665.0625	3471.25	3779.5	4184	3726.8125	3839.6875	3502.75	urbano
512895	556335	1796	2022	2046	2563.4375	3396.8125	3658.125	4165	3743.75	3605.25	3131.25	urbano
512625	555945	1876	1978	2098	2408.4375	3119.9375	3378.625	3216	3537.4375	3281.875	2834.375	urbano
512975	556255	2132	2348	2318	2638.5	3228.375	3512.8125	3244	3692.5625	3978.75	3676.75	urbano
513515	555945	1636	1970	2042	2601.25	3594.3125	3878.1875	4016	4047.625	3828.625	3074.125	urbano
512685	556905	1760	1860	2022	2519.625	3161.3125	3429.5	3100	3604.9375	3831	3356.25	urbano
513105	555525	1485	1771	1653	2271.0625	3477.875	3864.125	4268	4052.625	3161	2478.0625	urbano
512825	556915	2028	2238	2366	2946.1875	3259.5625	3382.8125	3163	3623.375	4102.875	3706.3125	urbano
512555	556035	2210	2478	2576	2904.5625	3134.5	3189.6875	3060	3170.1875	3814.25	3697.5625	urbano
512485	556125	2094	2148	2318	2514.875	3106.4375	3251.6875	3049	3506.3125	3636.3125	3261.8125	urbano
512265	555835	2164	2202	2336	2709.8125	3354.1875	3543.8125	3137	3557.375	3625.375	3412.0625	urbano
512625	556845	1492	1794	1696	2605.0625	3394.125	3694.75	3304	3978.25	4086.25	3137.625	urbano
512655	556865	1698	1916	1996	2447.3125	3494.1875	3856.8125	3763	4197.375	3992.6875	3024	urbano
512765	557045	1493	1693	1616	2305.75	3619.5625	4036.9375	4412	4336.625	3662.4375	2796.5625	urbano
512475	555645	1924	2132	2282	2601.0625	3108.5	3281.9375	3279	3275.3125	3528	3172.4375	urbano
512605	556025	2378	2426	2716	2659.6875	3086.6875	3198.25	3041	3200.5625	3456.9375	3148	urbano
513085	555485	1369	1654	1494	2294	3369.0625	3683.4375	3916	3887	3218.75	2487.5625	urbano
512865	556655	1798	2156	2072	2541.6875	3061.4375	3297.125	3250	3465.125	3905.5625	3514.25	urbano
512375	555835	1809	1980	2168	2414.625	2971.4375	3139.5625	2924	3285.375	3545.5625	3134.75	urbano
513135	556385	1708	1924	1827	2368	3027.375	3240.3125	3440	3417.625	3321.9375	3011.5	urbano
512575	556385	1399	1681	1511	2366	3383.9375	3737.5625	4480	3923.6875	3599.375	2857.1875	urbano
512445	555895	2822	2746	2772	2858.3125	3033.125	3147.0625	2970	3145.4375	3675.4375	3556.75	urbano
513255	556275	1994	2044	2230	2527.1875	3037.6875	3270.875	3328	3448.375	3907.5625	3579.9375	urbano
512975	556685	2314	2388	2544	2822.875	3163.3125	3355.875	3095	3553.125	4178.625	3966.4375	urbano
512905	556295	1580	1821	1692	2315.375	3637.8125	4035.5	4680	4275.4375	3375.5	2609.375	urbano
512385	555595	1521	1860	1678	2505.125	3543	3919.8125	4403	4091	3478.75	2929	urbano
512895	555785	2238	2520	2670	2838.6875	3382.125	3589.8125	3698	3682.8125	3795.125	3328.6875	urbano
513235	556375	2064	2160	2328	2715.6875	2898	2989.875	2607	3006.25	3733.3125	3815.9375	urbano
512555	555965	1700	1934	2014	2599.1875	3358.8125	3523.4375	3403	3616.875	3555.0625	3246.625	urbano
513265	556315	2016	2172	2306	2667.4375	3055.9375	3172.8125	3084	3327.3125	3982.8125	3804	urbano
512505	555725	1614	1903	1955	2695.6875	3460.6875	3739.875	3785	3887.875	3810	3166.1875	urbano
512425	556075	1728	1992	2028	2427.375	2920.1875	3118.75	3137	3329.875	3487.5625	3074.625	urbano
512675	556865	1486	1710	1722	2320.3125	3430.875	3783.5	3689	4169.0625	3839.3125	2915.25	urbano
513065	555565	2288	2294	2736	2760.25	3186.9375	3345.3125	3214	3475.625	3691.1875	3273.5	urbano
512505	556815	2660	3410	3886	3512.4375	3904.125	4041.3125	4264	4256.6875	4235.375	3549.8125	urbano
512565	555995	1803	1890	1943	2632	3273	3543.875	3328	3604.3125	3656.125	3325.4375	urbano
512645	555835	2230	2372	2512	2703.125	3103.875	3134.875	2755	3124.6875	3498.1875	3216	urbano
513285	555825	2316	2608	2672	2845.4375	3368.875	3519.625	3610	3702.9375	4052.9375	3838.375	urbano
513445	556135	1901	2202	2296	2710.625	3423.1875	3680.75	3542	3882.625	4114.1875	3683.875	urbano
512655	556425	1954	2166	2224	2647.0625	3149.3125	3319.25	3247	3493.5625	3739.6875	3388.5625	urbano
512695	556345	1402	1710	1535	2193.875	3315.1875	3690.5	4035	3888.25	3090.9375	2434.3125	urbano
512745	555955	2510	2536	3070	3039.5	3530.875	3697.375	3103	3695.0625	3826.5625	3592.625	urbano
513185	555745	2174	2376	2650	2732.875	3135.9375	3319.5	3453	3449.75	3966.5	3492.375	urbano
512335	555665	2336	2538	2690	2762.0625	3075.1875	3173.0625	3309	3357.625	3932.125	3609.875	urbano
512955	556145	1780	1974	1988	2431.875	3185.4375	3464.9375	2998	3620.1875	3579.375	3014.5	urbano
513145	555785	1681	2002	2136	2634.625	3327.5	3492.875	3403	3562.875	3612.6875	3147.5	urbano
513055	556005	1762	2074	2064	2399.875	3367.1875	3709.125	3691	3945.5625	3654.125	3092.3125	urbano
512365	555775	1971	2116	2094	2610.4375	3329.625	3576.0625	3757	3572.625	3878.6875	3533.1875	urbano
512475	555985	3112	2802	3144	2842.6875	3190.375	3271.0625	3226	3232.75	3673.5625	3409.375	urbano
513095	555545	1548	1835	1736	2316.1875	3284.4375	3550.4375	3700	3647.9375	3194.8125	2628.5625	urbano
512715	556795	1444	1792	1590	2276.375	3712.8125	4195	4629	4420.125	3626.5625	2654.9375	urbano
513385	556155	1749	1990	2130	2644.8125	3317.875	3598.0625	3818	3772.25	4077.3125	3803	urbano
512295	555885	2184	2512	2548	2619.3125	3035.125	3208.1875	3046	3320.5	3638.875	3379.4375	urbano
513565	556105	2044	2268	2582	2878.9375	3273.1875	3408.0625	3398	3548.75	4062.625	3714.6875	urbano
513055	556025	1670	1927	1874	2381.875	3376.8125	3703.25	4092	3919.75	3717.5625	3198.75	urbano
512545	556715	1725	1985	2038	2370.375	3599.1875	4036.5625	4072	4349	3969.9375	2911.9375	urbano
513155	555535	1816	2005	2034	2536.25	3228.3125	3371.5	3139	3474.5	3551.625	3223.375	urbano
513225	556355	2468	2494	2760	2728.1875	3044.3125	3156.3125	3018	3143.1875	3643.875	3511.875	urbano
512575	555775	1638	1822	1959	2414.625	2991	3165.4375	3008	3279.125	3449	3048.1875	urbano
513145	556005	1479	1755	1598	2160.375	3625.375	4116.0625	4476	4365.875	3344.75	2451.6875	urbano
512725	555825	2042	2222	2334	2531.5	3222.4375	3481.5	3460	3580.8125	3372.75	2912.5	urbano
513135	556375	1628	1819	1856	2353	2941.125	3122.4375	3208	3265.375	3330.3125	3072.5	urbano
512985	556225	1759	2024	1968	2245.8125	3064.25	3381	3355	3668	3681.5	3071.4375	urbano
513165	556255	1890	2000	2234	2386.25	2837.8125	3002.8125	2560	3118.75	3514.75	3174.1875	urbano
512805	557045	2136	2404	2784	2790.75	3018.875	3149.4375	3081	3220.8125	3781.3125	3480.1875	urbano
513545	556115	1867	1966	2086	2630.4375	3077.0625	3234.3125	3290	3350	3688.375	3356	urbano
512525	556815	1436	1676	1564	2856.5	3666.25	3947.4375	3978	4165.25	3912.625	3157.75	urbano
512575	556025	1944	2054	2372	2577.375	2949.0625	3018.0625	2910	3077.1875	3502.6875	3194.3125	urbano
512965	555705	1456	1766	1662	2183.125	3553.0625	4023	4356	4256.25	3253.1875	2420.125	urbano
513385	555885	2300	2480	2566	2734.25	3070.625	3189.5625	3071	3286.5625	3839.0625	3701.4375	urbano
513085	555745	1842	2074	1991	2694.4375	3182.875	3292.1875	3642	3423.4375	3775.6875	3338.4375	urbano
513305	556035	1894	2056	2050	2830.25	3204.875	3318.8125	3323	3531.75	4387.1875	4185.25	urbano
513465	556045	1802	2004	2268	2618.125	3125.75	3305.0625	3249	3504.75	3923.3125	3438.3125	urbano
512585	556435	1802	2048	2372	2560.625	3339	3618.125	3690	3925.6875	4188.1875	3310.9375	urbano
512895	556735	1860	2000	2032	2641.9375	3172.6875	3425.75	3536	3687.75	4039.6875	3706.4375	urbano
513275	556185	2172	2328	2360	2501.625	3013.3125	3192.4375	3215	3391.0625	3769.5	3611.0625	urbano
512765	556085	1347	1574	1408	2166.625	3298.1875	3654.5	4208	3921.3125	3552.6875	3008.125	urbano
512285	555815	2222	2088	2030	2531.9375	3007.125	3203.375	3300	3584.25	3761.625	3767.125	urbano
512635	556995	1744	2004	2066	2338.9375	3491.75	3965.0625	4062	4290.875	3630.25	2742.8125	urbano
512885	555575	1571	1719	1724	2225.9375	2741.5625	2985.3125	2887	3356.875	3877.375	3444.375	urbano
512785	557025	2002	2286	2464	2568.4375	2981	3164.25	3035	3410.1875	3714.3125	3287.875	urbano
513245	555615	2296	2288	2386	2681.6875	3065.75	3287.875	3259	3380.0625	3847.25	3829.5625	urbano
512775	556015	1827	1977	2268	2831	3301.9375	3522	2976	3562.3125	3675.5625	3325.8125	urbano
513355	555975	1646	1886	1898	2374.6875	3256.6875	3543.25	3823	3827.8125	3821.375	3311.125	urbano
512875	556715	1897	2190	2092	2741.25	3134.5625	3306.6875	3156	3572.5625	4294.75	4042.4375	urbano
512885	555745	1636	1838	1806	2290.125	3181.75	3526.4375	3256	3824.375	3741.625	3053.125	urbano
512515	555815	2360	2438	2626	2649	3299.1875	3457.0625	3335	3577.75	3931.125	3379.5	urbano
512345	555745	1780	1900	2040	2298.0625	2913.3125	3113	2931	3383.5625	3600.5625	3155.9375	urbano
512745	556845	1716	1974	1857	2440.875	3682.0625	4235.5625	4393	4661.9375	3870.5	2877.5625	urbano
512555	556755	1656	1976	2050	2815.6875	3736.75	4059.0625	4420	4328.0625	4017.5625	3193.5625	urbano
512545	556735	1735	1934	1860	2381.8125	3527.4375	3917.1875	3952	4260.625	3796.875	2924.5	urbano
513205	556225	1754	1950	1916	2474.9375	2989.5	3191	3580	3439.5	3772.0625	3437.125	urbano
513055	556535	1947	2050	2224	2871.3125	3496.5625	3699.3125	3292	3740.6875	4147	3716.3125	urbano
513175	555725	1758	1960	1986	2430.1875	2910.0625	3137.1875	3135	3428.9375	4283.5	3831.375	urbano
512695	556015	1525	1745	1664	2488.875	3629.9375	3990	4300	4235.625	3639.6875	3203	urbano
512875	555815	1933	2144	1956	2662.125	3191.4375	3287.9375	2944	3359.25	3768.1875	3475.1875	urbano
512195	555765	1976	2158	2212	2474.125	2694.875	2837.9375	2433	2830.6875	3208.4375	2973.1875	urbano
513335	556395	2042	2176	2122	2457.1875	3109.625	3361.875	3615	3615.5	3754.4375	3453.9375	urbano
512515	555685	1966	2172	2354	2823.5	3529.75	3809.0625	3414	3903.5	3834.375	3250.25	urbano
512705	556825	1408	1672	1522	2073.4375	3456.9375	3865.625	3990	4130.5625	3350.5625	2475.375	urbano
513115	555765	3054	3502	4066	3346.6875	3651.75	3718.875	3998	3714.25	4211.625	4056.625	urbano
512725	555765	1630	1906	1922	2440.875	3489.5625	3867.375	4039	4143.875	3576.25	2787.25	urbano
513045	556515	2462	2490	2712	2995.8125	3647.5	3812.75	3644	3959	4159.25	3695.25	urbano
512905	555665	2228	2490	2302	2620.875	3166.8125	3279.8125	3743	3514.4375	4337.0625	4025.75	urbano
513075	556465	1596	1874	1850	2576.5625	3522.8125	3742.9375	4088	3968.6875	3843.0625	3161.375	urbano
512595	556755	1838	2056	2390	2800.3125	3621.75	3885.5625	3777	4210.625	4320.75	3393.75	urbano
513105	556375	1429	1700	1564	2330.5625	3365.75	3710.25	4148	3854.6875	3363.3125	2710.375	urbano
513035	556565	1908	2080	2050	2640.375	3352	3610.1875	3652	3730.0625	3926.9375	3461.5625	urbano
512995	555765	1812	2128	2090	2566	3207.3125	3562.0625	3236	3842.375	4669.125	4569.1875	urbano
512485	555675	2554	2856	3146	3197.875	3531.75	3663	3607	3751.1875	4010.125	3695.9375	urbano
512905	555595	1844	1968	2016	2268.875	2757	2941.9375	2850	3261.9375	3860	3471	urbano
512895	555605	1832	2064	2104	2274.375	2902.5	3177.4375	3042	3474.9375	3703	3199.5	urbano
513565	556165	2338	2462	2416	2806.875	3342.5	3577.0625	3418	3642.8125	4098	3832.1875	urbano
513365	556365	1642	1828	2078	2490.0625	3213.125	3484.625	2950	3712.125	3752.9375	3322.0625	urbano
513465	556345	1840	1973	2126	2512.625	3149.125	3431.875	3487	3704.625	4136.6875	3679.5	urbano
513215	555905	2028	2136	2210	2476.4375	3017.8125	3195.6875	3108	3382.75	3874.5625	3598.625	urbano
512925	555605	1966	2094	2170	2398.125	2794.875	2983.5625	2936	3155.8125	3878.125	3537.75	urbano
512475	555875	2316	2472	2696	2709.3125	2996.8125	3053	2999	3121.9375	3458.6875	3201.75	urbano
513525	555925	1500	1792	1725	2374.5625	3512.75	3897.375	4188	4191.5625	3673.6875	2848.4375	urbano
512525	556265	1647	1838	1888	2447.25	3331.625	3628.3125	3597	3695.4375	3505.9375	3088.4375	urbano
513155	555925	2210	2388	2682	2641.625	3271.5625	3546.6875	3464	3704.3125	3702.375	3179.625	urbano
513065	556025	1750	1974	2004	2300.625	3189.9375	3482.75	3284	3785.25	3827.1875	3324.25	urbano
513545	555965	2416	2378	2516	3116.8125	3694.625	3996.5	3611	4123.125	4136	3650.9375	urbano
512605	556985	2294	2516	2550	2641.375	3416.8125	3689.9375	3588	3914.375	3780.3125	3093.1875	urbano
512865	556155	2078	2312	2488	3213.1875	3850.3125	4132.25	4021	4457.25	4877.3125	4808.5625	urbano
512665	556805	1816	2072	2058	3009.375	3939.125	4267	4396	4450.8125	4208	3492.6875	urbano
512955	556625	1761	1991	2224	2551.5625	3218.25	3448.375	3155	3697.3125	3930.5	3478.6875	urbano
512645	555795	2874	2734	3060	2843.3125	3380.4375	3613.1875	3832	3660.1875	3730.4375	3251.3125	urbano
512835	556305	2030	2232	2708	2877.6875	3166.6875	3253	3244	3295	3764.9375	3518.5	urbano
512785	555745	1891	2158	2292	2575.4375	3537.5	3885.9375	3840	4187.8125	3700.5	2845	urbano
512745	555905	1969	2190	2362	2702.1875	3251.5	3496.375	3210	3553.25	3746.75	3431.3125	urbano
512575	556895	2134	2448	2460	2795.5625	3620.0625	3878.625	3940	4074.375	3772.1875	3137.5	urbano
512585	556005	2018	2122	2352	2505.25	2908.5625	3027.8125	3004	3187.9375	3458.9375	3165.125	urbano
512365	555715	1956	2208	2254	2642.875	3088.5	3292	3300	3452.5625	3537.625	3096.125	urbano
513025	555625	1696	1836	1828	2459.5	3305.125	3648.3125	3653	3826.1875	3693.0625	3180.375	urbano
512435	555665	1502	1844	1780	2433.5	3448.3125	3802.625	4244	3936	3569.25	2936.5625	urbano
512975	556605	1990	2080	2472	2627	3190.4375	3362.625	3087	3512.625	3969.625	3534.625	urbano
512395	555615	2112	2364	2350	2685.375	3411.25	3603.4375	3367	3748	3706.375	3300.375	urbano
512535	556835	1666	1942	2036	2778.4375	3782.1875	4112.5625	4320	4324.25	3965.4375	3142.25	urbano
513375	555825	2382	2636	2628	2826.6875	3092.3125	3185.8125	3046	3282.75	3699.3125	3473	urbano
513005	555825	1948	2208	2352	2593.9375	3423.625	3737.875	4096	3895.875	3809.875	3078.375	urbano
513365	555805	1996	2186	2250	2630	3024.3125	3221.5625	2958	3283.1875	3574.9375	3281.125	urbano
512935	556275	1876	2136	2130	2598.25	3294.5	3527.875	3343	3735.625	3998.875	3532.1875	urbano
512715	556555	1918	2096	2190	2654.6875	3147.0625	3327.6875	3283	3396.4375	3585.3125	3245.3125	urbano
512945	556345	2926	2656	2776	2836.6875	3473.9375	3648.9375	3954	3867.8125	4004.5	3642.75	urbano
513005	555715	1764	2048	1970	2387.125	3379.25	3719.9375	3575	3884.875	3464.625	2819.6875	urbano
513165	555765	1957	2170	2406	2742.1875	3109.6875	3246.875	2997	3418.9375	3781.3125	3404.5625	urbano
512925	556055	1781	2068	1972	2271.125	3361.4375	3727.75	4020	4026.3125	3322.25	2623.6875	urbano
512725	556035	2616	2810	3134	2949.9375	3745	3964.4375	4052	4061.875	3796.625	3338.125	urbano
513215	555885	1930	2040	2130	2546.375	3076.3125	3303.1875	3368	3425.625	3859.125	3491.25	urbano
513195	555675	1589	1786	1712	2309.6875	3038.4375	3358.6875	3150	3642.625	4102.6875	3735.5625	urbano
512305	555705	2272	2512	2816	2857.8125	3327.25	3465.25	3498	3624.375	3572.4375	3100.5625	urbano
512565	556405	1896	2174	2400	2487.3125	3505.25	3854.625	3839	4241.8125	3864.75	3006.625	urbano
512815	556345	2088	2202	2536	2998.3125	3175.9375	3167.75	2723	3278.125	4028.3125	3861.5	urbano
512775	556925	1922	2110	2272	2538.875	3481.375	3687.75	3525	3910.625	3642.4375	2917.3125	urbano
512945	556555	1604	1807	1789	2365.625	3444.125	3718.9375	3984	4028.4375	3729.3125	3072.8125	urbano
512635	556475	1704	1948	1882	2547.6875	3220.375	3463.75	3332	3622.0625	3494.5	3002.25	urbano
513265	555905	2310	2426	2494	2618.0625	2966.25	3123.625	3276	3203.0625	3913.5625	3700.5625	urbano
513095	555765	2512	2622	2710	2986.75	3204.125	3245.1875	2868	3301.5	4035.8125	3864.625	urbano
512605	556175	1404	1764	1614	2384.5625	3251.625	3576.8125	4332	3745.125	3365.125	2945.3125	urbano
513095	556325	1728	1916	1897	2453	3278.1875	3534.1875	3599	3632.875	3565.1875	3004.4375	urbano
513275	556445	1874	2100	2382	2576.375	2980.9375	3125.75	2646	3108.125	3557.4375	3181.4375	urbano
512345	555785	1886	2010	3474	2815.8125	3147.0625	3163.1875	3456	3239.4375	3940.8125	3846.9375	urbano
512415	555975	2122	2312	2504	2532.875	2810.875	2937.375	2856	3093.6875	3571.9375	3314	urbano
513255	556305	1844	1942	2156	2724.8125	3042.1875	3214.4375	3280	3347.6875	4046.5	3858.75	urbano
512585	556685	1716	1910	1976	2372.75	3161.1875	3483.375	3171	3765.4375	3662.9375	2912.8125	urbano
512285	555795	1944	2001	2176	2560.5625	2913.6875	3073.3125	3004	3278.5	3844.875	3944	urbano
512925	556335	1716	2010	1844	2614.8125	3523.1875	3805.125	4202	4074.6875	3807	3278.8125	urbano
513075	556475	1610	1830	1880	2560.625	3446.875	3658.625	3787	3853.125	3916.125	3241.5	urbano
513065	555465	1616	1956	1994	2345.1875	3505.75	3932.4375	3708	4211.4375	3476.0625	2611.4375	urbano
513105	555495	1565	1864	1750	2164.9375	3494.375	3867.6875	4090	4101.5625	3278	2446.9375	urbano
513355	555885	1688	1870	1906	2768.9375	3298.0625	3429.375	3520	3522.4375	3823.3125	3717.5625	urbano
512775	555895	2394	2566	2776	2721.8125	3082.8125	3242.8125	3076	3319.5	3741.875	3585.375	urbano
512605	556725	1522	1790	1832	2445.5625	3308.625	3634.9375	3863	3970	3962.8125	2986.75	urbano
513065	555695	1650	1806	1951	2666.6875	3517.75	3778.5	3820	4008.3125	3919.375	3247.9375	urbano
513425	556365	1954	2134	2266	2479.3125	3149.625	3361.6875	3091	3463.75	3568.3125	3133.6875	urbano
512895	556085	1821	2006	2018	2306	3077.5625	3378.0625	3496	3637.8125	3673.8125	3149.4375	urbano
513185	555565	1942	2208	2440	2508.125	3418.625	3728.875	3939	4081.25	3674.625	2976.625	urbano
512645	556885	1590	1846	1880	2505.125	3473.3125	3740.1875	4068	4052.6875	3803.75	3054.5625	urbano
512555	556765	2118	2786	2846	3091.5625	3868.25	4151.1875	4412	4333.6875	4150.6875	3352.1875	urbano
513015	555705	2220	2360	2436	2540.6875	3193.5	3436.3125	3323	3561.25	3604.25	3149.75	urbano
512595	556775	2192	2542	2594	2989	3736.125	4031.75	4196	4198.625	4337.8125	3496.3125	urbano
512705	556775	1444	1650	1506	2155.6875	3607.25	4103.875	4056	4321	3490.9375	2489.625	urbano
513545	556045	1750	2000	2196	2788.125	3533.375	3740.4375	3543	3919	4109.25	3573.125	urbano
512225	555775	1727	2088	2001	2518.1875	2980	3173.375	3324	3171.3125	3356.75	3019.875	urbano
512795	556105	1414	1582	1590	2207.6875	3676.25	4254.8125	3740	4516.5625	3766.125	2999	urbano
512535	556055	2338	2438	2504	2697.8125	2913.75	2990.4375	2798	3088.75	3755.8125	3658.4375	urbano
513235	556055	1718	1994	1872	2355.6875	3176.125	3417.125	4062	3593.5	3540.1875	3079.3125	urbano
512465	556185	2126	2330	3062	2768.9375	3214.25	3359.0625	3642	3393.4375	3488.4375	3147.875	urbano
512205	555735	2064	2190	2432	2565.25	2825	2930.8125	3040	3004.6875	3300	3037.75	urbano
512685	555895	1760	2108	2176	2701.9375	3115.6875	3297.875	3020	3330.9375	3544.625	3130.1875	urbano
513165	555885	1831	2098	2152	2663.5625	3266.5	3476.25	3701	3698.875	3892.0625	3421.3125	urbano
513255	555995	2120	2230	2416	2758.5	3152.75	3299.1875	3020	3388	4144.1875	3869.4375	urbano
513215	556295	2266	2302	2508	2630.875	3191	3353	3300	3511.1875	3866	3510.0625	urbano
513465	556055	1705	1944	2174	2578.25	3222.5	3430	3226	3658.625	3902.375	3344.9375	urbano
513105	555445	2204	2286	2418	2641.6875	3448.5	3745.0625	3448	3878.0625	3768.0625	3175.0625	urbano
513125	555525	2274	2374	2556	2639.1875	3274.8125	3440.625	3103	3558.3125	3476.4375	3017.9375	urbano
512865	556485	1918	2004	2318	2689	3146.625	3322.875	3243	3492.375	3700.6875	3344.75	urbano
512675	556935	1610	1980	1920	2703.8125	3593.8125	3936.75	4416	4166.5	4036.875	3514.4375	urbano
512595	555685	1552	1731	1705	2319.4375	3039.75	3440.25	3197	3744.6875	3779.625	3207.5625	urbano
512285	555695	1488	1700	1658	2526.4375	3055.125	3215.25	3389	3311.1875	3391.6875	3034.75	urbano
512225	555715	2240	2262	2442	2599.8125	2959.3125	3107.0625	2720	3111.5625	3501.4375	3266.4375	urbano
512575	556685	1589	1880	1736	2323.25	3580.5625	4031.625	3964	4241.8125	3694.3125	2765.4375	urbano
512265	555635	1657	1939	2026	2446.1875	2915.5625	3084.9375	3176	3176.6875	3553.4375	3207.8125	urbano
513035	555625	1860	2114	2096	2631.625	3444.1875	3801.25	3977	3960.75	3800.6875	3304.1875	urbano
513085	556335	1914	2136	2344	2521.375	3249.375	3493.1875	3080	3597.75	3703.5625	3147.875	urbano
512575	555725	1336	1564	1401	2014.125	3554.625	4120.5625	4156	4411.5625	3170.8125	2265.75	urbano
512755	555995	2402	2564	2782	2818.875	3167.75	3273.3125	3186	3284.5	3725.625	3365	urbano
513005	556135	1380	1574	1417	2359.3125	3398.8125	3687	3634	3895.9375	3452.75	2901.8125	urbano
512865	556515	2158	2282	2512	2632.125	3313.5625	3506.3125	3364	3629.25	3768.3125	3350.75	urbano
513215	555605	2252	2468	2562	2748.8125	3211.875	3356.1875	3365	3487.5	3902.75	3618.25	urbano
513085	555695	1862	2142	2218	2647.875	3638.6875	4054.625	3911	4248.5625	3915.25	3112.25	urbano
512695	555945	1642	1863	1800	2343.75	3143.0625	3380.375	3204	3536.0625	3397.0625	2865.5	urbano
512805	555665	1856	2036	2610	2543	2933.8125	3099.25	3166	3215.875	3913.75	3502.4375	urbano
512305	555815	2348	2534	2556	2611.75	2882.8125	2996.8125	2964	3442.5	3914.75	3999	urbano
512965	556295	2222	2312	2506	2640.75	3133.25	3371.5625	3357	3538.5625	4036.125	3662.5	urbano
513375	556015	2144	2260	2646	2725.625	3066.6875	3251.5625	3307	3480.125	4087.6875	3919.625	urbano
512815	556625	1593	1854	1889	2331.4375	3521.5625	3992.375	3972	4288.8125	4189.1875	3060.8125	urbano
513185	556385	1568	1702	1935	2554.3125	3052.125	3338.5625	2897	3338.25	3723.875	3685.9375	urbano
513115	555635	2022	2130	3204	2803.6875	3294.3125	3437.125	3521	3587.875	3889	3464.1875	urbano
512845	556755	1875	2022	2034	2597.125	3080.0625	3273.25	3054	3511.375	4111.25	3731.625	urbano
512635	556225	1454	1693	1656	2281.9375	3304.0625	3699.75	4023	3900.0625	3255.4375	2605.4375	urbano
512535	556415	1501	1686	1625	2078.5625	2995.875	3257.875	2960	3454.25	3039.125	2468.9375	urbano
513115	556515	1836	2008	1992	2599.125	3161.875	3394.5625	3487	3529.3125	3968.0625	3555	urbano
513345	555925	1956	2130	2158	2736.8125	3487.375	3650.875	3406	3837.25	3975.75	3731.25	urbano
513135	555755	1686	1973	1881	2638.9375	3370.5625	3708.8125	3730	3830.5	3769.3125	3258.5	urbano
512535	556135	2976	3082	3236	2837.5625	3240.9375	3379.9375	3294	3455.125	3672.1875	3473.3125	urbano
512985	555765	2054	2494	2422	2614.5625	3326	3762	4017	4048.875	4718.75	4641.8125	urbano
512805	556545	1718	1900	2082	2544.6875	3161.5	3363.5625	3023	3462.1875	3592	3156.75	urbano
513185	556435	2128	2334	2426	2632.5625	3138.125	3325.9375	3259	3353.9375	3775.5	3553.0625	urbano
512775	555605	1809	1972	1928	2341.0625	2852.5625	3099.4375	3076	3323.75	3936.3125	3518.4375	urbano
512865	556395	1494	1868	1750	2424	3288.5	3599.4375	3868	3818.1875	3462.5	2804.75	urbano
512725	556395	1825	1934	2344	2676.8125	3003.625	3138.1875	2802	3184.875	3421.6875	3070	urbano
513245	556475	1966	2154	2274	2501	3003	3109.3125	3337	3203.625	3536.25	3107.375	urbano
512555	556185	1816	2020	2086	2519.875	3049.25	3214.0625	3215	3342	3471.25	3143.6875	urbano
512945	556665	2192	2364	2328	2584.9375	2983.375	3138.0625	2965	3325.25	4039.5625	3696.8125	urbano
512905	555765	1700	1958	1932	2427.5	3508.8125	3867.375	3639	4125.4375	3609.9375	2807.9375	urbano
513005	556145	1391	1780	1544	2902.4375	3841.9375	4121.5	4086	4327.8125	4016.75	3577.4375	urbano
512485	555825	1564	1894	1737	2497.125	3484.25	3802.3125	4556	3913.8125	3698.5625	3234.6875	urbano
512705	555775	1870	2164	2240	2542.125	3346.875	3637	3722	3902.75	3537.3125	2916.25	urbano
512595	556985	2214	2460	2678	2668.125	3422.9375	3675.8125	3400	3901.625	3770.4375	3097.5625	urbano
513155	556285	1738	1964	1955	2488.125	3053.1875	3255.3125	3191	3319.4375	3532.4375	3272.75	urbano
512515	556135	1939	2192	2184	2627.0625	3241.375	3425.0625	3474	3527.4375	3687.5625	3399.375	urbano
512685	555765	1725	1920	1830	2390.4375	3254.5625	3524.875	3476	3731.375	3329.4375	2737.375	urbano
513525	556035	2142	2484	2588	2948.125	3475.6875	3677.875	3511	3814.125	4090.75	3703	urbano
512915	556655	1986	2222	2346	2614.0625	3174.3125	3415.9375	3155	3619.25	3937.6875	3552.9375	urbano
512945	556025	1419	1734	1586	2335.8125	3286.25	3559.25	4085	3596.6875	3319.8125	2666.9375	urbano
513085	555705	1876	2144	2308	2663.625	3616.0625	3960.375	4339	4177.1875	3898.75	3134.75	urbano
513375	555785	2044	2072	2176	2547.3125	3064.1875	3274.8125	3169	3308.375	3753.875	3418	urbano
512805	556695	1946	2188	2534	2589.875	3064.125	3280.5625	3181	3514.0625	4111.25	3762	urbano
512685	556455	2176	2448	2322	2655.75	3397.75	3680.9375	3735	3712.875	3384.4375	2915.625	urbano
512395	555775	2338	2502	3632	3398.75	3514.9375	3581.6875	4124	3707.75	4142.375	3889.375	urbano
512875	555595	1522	1784	1645	2240.75	2996.0625	3253.75	3442	3491.25	3523.625	2959.875	urbano
513295	556435	1714	1901	2004	2556	3234.375	3546.8125	3364	3671.25	3576.375	3122.4375	urbano
512805	557035	2050	2256	2444	2656.25	2900.125	3019.3125	2842	3124.9375	3624.9375	3329.5625	urbano
512585	555775	1701	1899	2086	2448.875	3086	3304.3125	3094	3440.375	3494.5	3011.5625	urbano
513065	556305	1805	2013	1988	2431.6875	3059.75	3321.25	3217	3624.75	3877.4375	3393.25	urbano
512675	557005	1734	1970	2180	2423.5	3429.625	3733.875	3709	4054.4375	3751.375	2797.6875	urbano
512575	556415	1805	2142	2374	2630.375	3466	3757.5	3780	4162.25	4144.1875	3296.25	urbano
513295	556035	1922	2180	2196	2616.75	3060.125	3196.9375	3309	3452.75	4244.5625	3923.25	urbano
512465	555575	1440	1702	1548	2251.0625	3360.875	3778.3125	4020	3978.375	3184.9375	2534	urbano
512635	555785	1986	2428	2330	2819.8125	3394.5625	3590.625	3425	3657.9375	3709.625	3278.0625	urbano
513365	556005	1907	2014	2488	2734.3125	3106.375	3300.25	2967	3469.625	4072.3125	3899.625	urbano
512995	555735	1748	1950	2068	2414.5	3529.4375	3846.875	3945	4081.8125	3472.6875	2803.125	urbano
512495	555645	1785	2013	2152	2897.6875	3232.375	3445.875	2973	3488.6875	3718	3516.875	urbano
512575	555995	1568	1745	1809	2484.75	3172.5625	3453.8125	3526	3554.9375	3491.4375	3117.625	urbano
512985	555795	1845	2068	2082	2456.9375	3078.3125	3461	3288	3665.125	4875.5625	4606.25	urbano
513405	555875	2558	2446	2404	2795.9375	3096.5	3250.25	3476	3337.125	3943.625	3864.5	urbano
513455	556075	1812	2060	2196	2679.8125	3474.75	3751.4375	3697	3970	3930.4375	3333.3125	urbano
513495	556065	2502	2598	2508	2709.625	3316.6875	3524.6875	3150	3679.875	3939.0625	3525.625	urbano
513115	556505	1640	1927	1913	2608.8125	3207.25	3414.125	3525	3558.6875	3887.1875	3437.4375	urbano
513165	555495	1686	1968	2074	2411.3125	3355.375	3748.75	4029	3994	3550.25	2819.375	urbano
512495	556015	1490	1744	1696	2341.8125	3109.625	3376.9375	3345	3534.3125	3363.5625	2939.6875	urbano
513275	556015	2750	2802	2672	2782.25	3210	3343.625	3179	3433.1875	4014	3751.9375	urbano
513535	555935	1570	1828	1878	2518.3125	3557.375	3875.5	3862	4155.4375	3815.125	3044.8125	urbano
512625	556815	4760	5252	5368	4471.25	4612.3125	4568.875	5056	4402.1875	5059.9375	4415.4375	urbano
512915	556675	2026	2174	2206	2586	2957.8125	3129.9375	3111	3431.125	4312.3125	4266.4375	urbano
512395	555895	2220	2466	2462	2765.9375	3052	3109.875	3094	3166.3125	3626.25	3467.1875	urbano
513405	556345	2544	2580	2656	2599.25	3258.1875	3479.6875	3354	3658.1875	3617.3125	3088.125	urbano
512635	555825	1836	2023	2242	2861.6875	3335	3449	3446	3490.25	3552.375	3189.75	urbano
512765	556805	3614	4484	4164	3832.0625	4230.8125	4520.8125	5153	4829.3125	4717.8125	3805.4375	urbano
513125	556305	2056	2144	2350	2631.8125	3084.5	3264.25	3193	3325.0625	3523	3218.25	urbano
513575	556165	3062	3164	2942	2821.6875	3402.8125	3600.5	3321	3640.375	4074.625	3784.0625	urbano
512565	556805	2212	2540	2606	2925.375	3503.8125	3718.1875	3603	3985.3125	4197.75	3495.0625	urbano
513125	556075	1790	2042	2084	2298.6875	3536.4375	3920.6875	3786	4291.6875	3387.4375	2591.5	urbano
512475	555565	1804	1954	2180	2319.875	3267.25	3640.0625	3697	3855.625	3299.75	2687.8125	urbano
513135	555585	1826	2170	2186	2735.375	3764.4375	4068.25	4372	4267.375	3786.9375	3014.4375	urbano
513125	555945	1638	1880	1968	2346.25	3578.125	4019.3125	3695	4292.0625	3741.9375	2865.8125	urbano
513145	556325	1738	1961	2484	2688.375	3032.125	3115.3125	2997	3148.0625	3658.9375	3413.75	urbano
512905	555585	1813	1962	1908	2239.625	2783.5	2998.0625	2966	3309.75	3874.6875	3471.25	urbano
513205	555915	1937	2046	2192	2482.5625	3059.8125	3251.8125	3346	3489.875	3869.3125	3565.1875	urbano
513275	555795	2266	2484	2696	2930.75	3378.3125	3623.125	3620	3702.4375	4021.625	3921.875	urbano
513135	556245	1898	2192	2336	2543.75	3184.375	3370.9375	2841	3435.875	3484.0625	3074.3125	urbano
513385	555995	2172	2284	2428	2792.9375	3149.0625	3282.75	3416	3506.0625	4237.25	4150.875	urbano
512475	555605	1812	1936	2168	2459.1875	3014.3125	3256.8125	2791	3270.375	3260.4375	2885.75	urbano
513125	555685	1433	1742	1628	2253.4375	3442.1875	3803.5	3985	4181.4375	3690.875	2783.5625	urbano
512435	555965	1705	1936	2078	2685.125	3196.875	3362.875	3208	3399.125	3451.875	3070.875	urbano
513105	556405	1518	1822	1784	2340.6875	3204.6875	3523.125	3858	3603.4375	3244.4375	2659.375	urbano
512975	556205	2274	2216	2086	2400.4375	2933.1875	3188.4375	3365	3666.75	3872.75	3372.625	urbano
512885	556695	4348	4108	4156	3162.9375	3608.6875	3804.1875	4612	4062.1875	4470.9375	4185.1875	urbano
513255	555695	2180	2376	2508	2607.9375	3153.0625	3337	3055	3330.1875	3471.0625	3100	urbano
512955	556125	2128	2412	2434	2567	3118.125	3303.5	3252	3489.8125	3583.75	3050.0625	urbano
512995	556595	2138	2210	2450	2645.5625	3026	3185.6875	3127	3325.375	4173.4375	3761.5	urbano
512955	555665	1843	2132	2094	2434.875	3063.1875	3357	3731	3557.625	3748.9375	3247	urbano
512745	556885	1973	2108	2180	2382.6875	3138.4375	3350.375	2848	3565.375	3468.75	2841.5625	urbano
512745	555945	2708	2800	3350	3103.4375	3588.3125	3730	3451	3708.75	3859.5625	3664.0625	urbano
513215	556355	2346	2394	2508	2454.5625	3154.9375	3379.4375	3266	3376.5625	3545.125	3266.625	urbano
512555	555645	1902	2204	2334	2711.9375	3346.625	3536.5625	3472	3760.8125	3683.25	3050.6875	urbano
512255	555835	1654	1866	1856	2382.4375	3356.0625	3631.4375	3894	3762.625	3305.625	2861.6875	urbano
513435	555915	1816	2042	2188	2733.9375	3163.875	3341.375	3338	3449.875	3871.6875	3613	urbano
512825	556945	2378	2550	2748	2895.9375	3061	3191.375	3072	3298.0625	3744.375	3519.5625	urbano
513065	555795	1906	2184	2264	2668	3684.5	3998.0625	4018	4154.25	3793.1875	3237.5625	urbano
512605	556735	1632	1910	2016	2567.125	3369.5	3678.75	3790	4017.125	4121.625	3127.375	urbano
513265	555705	1762	1924	2000	2648.4375	3325.5625	3603.5	3520	3711.1875	3745.5625	3432	urbano
513385	556185	1662	1943	2156	2693.75	3284.5	3499.625	3484	3644.9375	3899.75	3492.3125	urbano
512655	556245	1637	1812	1928	2381.875	3163.9375	3372.8125	3060	3437.5	3274.625	2720.875	urbano
512755	556465	1456	1680	1638	2208.0625	3094.375	3349.1875	3414	3534.1875	3060.4375	2472.5	urbano
512725	556825	1379	1662	1476	2227.625	3621.25	4019.1875	3977	4197.875	3451.1875	2539.3125	urbano
512795	556935	2032	2224	2302	2736.6875	3031.875	3123.25	2635	3111.375	3734.8125	3414.8125	urbano
513585	556075	3432	3642	4204	3193.625	3583.4375	3826.125	4508	4112.875	4741.5	4732.3125	urbano
512715	557045	2072	2520	2874	2901.9375	3957.9375	4335.75	4154	4496.125	3990.625	3145.8125	urbano
512865	555545	1682	1896	2400	2712.0625	3213.5625	3404.9375	3352	3625.125	4644.875	4506.0625	urbano
512345	555895	1766	1971	2120	2503.4375	2876.6875	2982.625	3030	3071.5625	3433.5	3106.5	urbano
512965	555695	1554	1736	1734	2232.375	3331.6875	3671	3923	3952.25	3412.5625	2680.375	urbano
512565	556455	1602	1874	1825	2396.8125	3241.6875	3572.875	3939	3886.875	3820.4375	2996.75	urbano
512555	556725	1343	1542	1438	2223.8125	3564.9375	4047.5625	4080	4379.75	3745	2710.9375	urbano
512625	555755	2106	2260	2202	2385.25	3161.1875	3441.75	2952	3625.3125	3332.25	2746.5	urbano
512665	556525	1626	1775	1754	2425.875	3280.8125	3563.8125	3445	3820.625	3744.3125	3200.125	urbano
513165	556265	1766	1864	2220	2401.75	2821.4375	2974.4375	2541	3102.25	3487.75	3147.5625	urbano
513235	555825	3144	3010	3222	3065.9375	3467	3627.3125	3395	3709.125	4078.1875	3776.375	urbano
512675	555955	1668	1846	1898	2310.375	3038.875	3316.1875	2998	3427	3414.3125	2925.9375	urbano
513005	556595	2030	2100	2278	2557.1875	3035	3203.5625	2940	3373.625	4063.8125	3628	urbano
512985	556105	1809	2004	2036	2466.5	3211.1875	3548.9375	3287	3767.9375	3511.4375	2835.3125	urbano
512515	555915	2404	2438	2728	2679.625	3058.625	3155.125	3196	3208.375	3593.0625	3364.9375	urbano
513195	555965	1722	1819	1819	2458.25	3154.75	3393.3125	3548	3632.3125	3653.375	3256.1875	urbano
512645	555895	2546	2384	2460	2391.75	3272.5625	3485.125	3503	3588.125	3304.9375	2773.375	urbano
512615	556475	1988	2148	2324	2556.5625	3326.125	3581.9375	3352	3770.3125	3698.8125	3073.6875	urbano
513175	555625	2094	2376	2440	2665.1875	3535.375	3873.8125	3851	4035.25	3913.3125	3251.0625	urbano
512615	555695	1772	1922	2044	2249.0625	3137.75	3596.8125	3254	3955.1875	3817.6875	3145.4375	urbano
510215	553925	1316	1606	1365	2047	3618.75	4109	4106	4433.125	2919.6875	1850.0625	vegetacion
509435	554275	1286	1506	1299	1926.875	3402.875	3892.375	3921	4218.4375	2838.6875	1812.25	vegetacion
508965	554245	1280	1525	1298	1915.4375	3537.5	4108.5	4067	4448.1875	2899	1823.3125	vegetacion
511785	554505	1352	1592	1417	1958.625	3283.5625	3694.1875	3724	3998.4375	3110.875	2048.5	vegetacion
509325	555055	1294	1570	1305	1897.5625	3651.5	4236.5625	4496	4565.5	2908.5625	1826.9375	vegetacion
509115	558055	1348	1600	1404	2026.625	3418.5625	3804.0625	3680	4060.875	3011.5625	1957.6875	vegetacion
517445	555595	1312	1610	1292	1886.5	3442.875	4009.125	4095	4298.8125	2770.5625	1767.5625	vegetacion
510495	560715	1245	1514	1281	1892.0625	3794.25	4747.625	4693	5044.6875	2900.5625	1852.1875	vegetacion
510155	554375	1290	1468	1297	1830.375	3846.375	4449.375	4528	4744.6875	2911.875	1851.75	vegetacion
509025	553875	1281	1542	1304	1957.875	3503.5625	3973.5	4065	4326.75	2894.75	1844.1875	vegetacion
510335	554455	1297	1508	1327	1969.3125	4070.875	4823.6875	4871	5284.9375	3090.375	1914.75	vegetacion
517405	555395	1294	1507	1304	1903.375	3466.5625	3973.4375	4112	4268.5	2898.625	1902.8125	vegetacion
511865	558745	1230	1433	1245	1743.0625	3644	4409.0625	4588	4728.9375	2709.375	1730.6875	vegetacion
509595	554305	1298	1510	1310	1896	3313.375	3765.875	3862	4142	2883.6875	1857.625	vegetacion
510245	554215	1268	1538	1321	1918.1875	3619.25	4218.75	4200	4590.25	2941.1875	1830.25	vegetacion
510445	554955	1256	1548	1284	1926.3125	4017.6875	4771.9375	4927	5108.875	2879.125	1812.5	vegetacion
517575	555105	1277	1546	1280	1923.5625	3424.5	3973.5	3988	4328.125	2977.3125	1905.6875	vegetacion
512715	554255	1326	1544	1349	1893.25	3366.3125	3844.1875	3918	4152.625	3028.1875	1940.125	vegetacion
509195	553495	1271	1502	1314	1933.5	3245	3693.9375	3778	4000.9375	2895.5	1871	vegetacion
509085	553465	1407	1592	1505	1919.9375	3182.875	3596.1875	3430	3931.1875	2871	1892.375	vegetacion
509075	554395	1278	1496	1320	1878.6875	3253.875	3685.5	3820	3984.75	2810.9375	1817.4375	vegetacion
510265	554015	1288	1557	1298	1977.625	3815.625	4400.4375	4651	4767.3125	2834.875	1799.8125	vegetacion
510505	560495	1305	1496	1287	1843.9375	3452.5	4168.5625	4172	4523.5625	2836.3125	1818.375	vegetacion
510485	553875	1348	1566	1367	1958.8125	4091.0625	4753.5	4684	5043.0625	2910.0625	1866	vegetacion
509295	558255	1282	1534	1293	1936.5	3431.375	3879.6875	4056	4183	2920.25	1896.5625	vegetacion
508835	553995	1275	1525	1318	1909.125	3504	4032.3125	4072	4344.6875	2881.375	1835.0625	vegetacion
515685	560215	1261	1430	1320	1805.5	3337.25	3940.1875	4047	4265.4375	2768.1875	1852.3125	vegetacion
515495	553745	1354	1594	1458	1995.375	3300.6875	3800.5625	3736	4138.5	3024.9375	1998.375	vegetacion
509385	558255	1257	1501	1281	1909.3125	3404.3125	3895.0625	3962	4175.9375	2854.75	1854.875	vegetacion
510545	560995	1290	1488	1292	1856.4375	3694.25	4407.25	4416	4699.125	2960.375	1866.25	vegetacion
517785	555515	1313	1517	1302	1913.9375	3519	4170.375	3974	4467.3125	2878.5	1841.875	vegetacion
510585	560685	1320	1584	1306	2015	4075.5	4912.0625	5028	5293.875	3066.875	1916.9375	vegetacion
508725	558515	1274	1509	1291	1911.0625	3492.625	4043.625	4140	4346.75	2896.75	1846	vegetacion
510575	554185	1282	1482	1293	1837.1875	3699.8125	4378.5	4191	4753.4375	2804.375	1788.5	vegetacion
510115	554005	1266	1506	1280	1936.625	3787.375	4432.9375	4500	4729.8125	2926.75	1836.4375	vegetacion
509265	554405	1271	1506	1286	1891.3125	3380.75	3911.9375	4095	4198.25	2838.625	1804.375	vegetacion
509465	554835	1288	1554	1326	1941.375	3504.75	4047	4109	4354.875	2809.25	1794.0625	vegetacion
509355	554645	1271	1470	1295	1876.875	3400.4375	3927.5625	3988	4311.625	2868.75	1829.1875	vegetacion
509225	554455	1288	1500	1329	1864.25	3150	3592.125	3636	3907.5	2844.75	1839.5	vegetacion
510505	560995	1356	1626	1380	1954.625	4004.5	4930.6875	4951	5279.5625	2996	1883.5625	vegetacion
508855	554275	1291	1511	1306	1912.8125	3541.9375	4135.875	4055	4495.1875	2874	1803.5625	vegetacion
509325	553735	1308	1552	1334	1935.6875	3326.75	3767.25	3887	4075.3125	2895.625	1864.125	vegetacion
510425	553795	1290	1522	1286	1926.5625	3863	4377.625	4501	4712.3125	2946.1875	1885.8125	vegetacion
509935	554475	1261	1462	1261	1833.4375	3627.3125	4236.625	4165	4617	2747.3125	1730.0625	vegetacion
512725	554095	1266	1473	1268	1767.4375	3600.1875	4290.375	4396	4617.1875	2759.1875	1746.9375	vegetacion
517615	554855	1276	1491	1306	1896.3125	3470.4375	3976.0625	4141	4358.125	3019.875	1925.4375	vegetacion
509095	553625	1310	1584	1370	1986.75	3209.9375	3607.125	3829	3956.5	2963.375	1934.875	vegetacion
517585	555365	1250	1456	1239	1801.9375	3557.9375	4241.4375	4243	4624.9375	2799.75	1762.875	vegetacion
512385	554225	1336	1552	1342	1849.625	3770.625	4432.125	4484	4822.0625	2877.1875	1850.75	vegetacion
510365	554735	1272	1516	1295	1926.875	3575.6875	4156.5	4145	4502.875	2945.25	1862.5	vegetacion
511875	558655	1306	1522	1326	1871.3125	3602.5625	4256	4321	4640.3125	3006.5	1939.4375	vegetacion
509975	554035	1292	1532	1285	1882.125	3687.75	4326.1875	4513	4648.375	2915.625	1825.75	vegetacion
510405	553825	1266	1414	1284	1862.6875	3739.625	4340.0625	4154	4669.6875	2908.125	1867	vegetacion
509295	558095	1292	1530	1321	1961.1875	3561.125	3994.3125	4082	4318.8125	3009.875	1927.5625	vegetacion
510325	553785	1280	1536	1290	1915.875	3709.5	4272.625	4292	4673.3125	2846.3125	1798	vegetacion
510135	554705	1385	1657	1460	2085.875	3713.75	4246.875	4331	4660.375	3420.625	2151.8125	vegetacion
510215	555045	1273	1500	1290	1882	3710.4375	4428.1875	4328	4769.5	2825.4375	1829.1875	vegetacion
509115	553615	1344	1593	1396	2017.125	3236.875	3588.375	3731	3895.8125	3008.6875	1976.4375	vegetacion
509375	554765	1312	1506	1345	1975.1875	3329.1875	3774.375	3823	4108.25	2927.5	1883.5625	vegetacion
510495	560335	1275	1548	1287	1918.5625	3926.6875	4730.5625	4632	5048.1875	2963.5	1885.5625	vegetacion
509595	554735	1270	1502	1293	1881.375	3496.5	4066.75	4189	4416.25	2854.9375	1798.1875	vegetacion
509235	554145	1289	1499	1306	1924.875	3299.4375	3760.1875	3886	4018.5625	2891.1875	1867	vegetacion
511775	558765	1300	1508	1273	1818.3125	3543.25	4204.25	4567	4591	2689.1875	1756.0625	vegetacion
509245	553835	1274	1514	1316	1892.25	3533.8125	4090.9375	4120	4375.8125	2848.8125	1821.25	vegetacion
512885	553995	1249	1465	1259	1739	3441	4109.8125	4306	4470.0625	2764.625	1773.25	vegetacion
508845	554215	1372	1646	1538	2062.4375	3456.0625	3915.25	3800	4239.4375	3202.875	2065.3125	vegetacion
510105	554215	1327	1598	1348	1954.625	3991.8125	4639.5625	4548	4902.75	2919.25	1849.5	vegetacion
510155	554115	1278	1526	1280	1877.25	3682.6875	4334.4375	4285	4598.25	2892.5625	1804.875	vegetacion
512765	554075	1221	1378	1223	1716.375	3651.0625	4460.25	4280	4842.5625	2807.75	1766.625	vegetacion
510025	554285	1295	1569	1338	1968.75	3572.875	3985.9375	4033	4273.5625	2987.875	1927.8125	vegetacion
515455	553825	1270	1490	1320	1817.75	3304.375	3850.4375	3823	4214.75	2935.6875	1895.875	vegetacion
510425	555005	1266	1522	1284	1953.1875	3994.4375	4725.9375	4663	5078.1875	2956	1860.625	vegetacion
509455	553765	1284	1492	1301	1888.125	3382.9375	3859.625	3901	4263.5	2869.5625	1846.1875	vegetacion
508995	553745	1266	1477	1259	1869.125	3639.5625	4247.9375	4328	4585.0625	2810	1766.1875	vegetacion
517385	555705	1314	1550	1308	1921.875	3675.5	4284.5625	4388	4582.0625	2977.375	1901.0625	vegetacion
510185	553885	1339	1648	1424	2152.5	3762.4375	4285.1875	4331	4625.3125	3082.75	1949.6875	vegetacion
509335	554935	1280	1578	1297	1913.25	3824.25	4493.375	4881	4893.9375	2879.375	1782.875	vegetacion
508865	558425	1286	1522	1324	1932.25	3338.375	3771	3577	4007.0625	2850.4375	1852.9375	vegetacion
510395	553885	1312	1560	1312	1854.75	4086.625	4860.8125	5020	5163.3125	2873.125	1803	vegetacion
514955	553175	1315	1531	1335	1877.8125	3428.25	3909.625	4074	4236.9375	2938.8125	1908	vegetacion
508955	553515	1247	1490	1268	1878.0625	3662.0625	4300.25	4476	4645.8125	2845.0625	1796.5	vegetacion
508855	558435	1288	1499	1313	1941.1875	3341.8125	3753.75	3810	4024.5625	2867.0625	1870.875	vegetacion
510215	554325	1307	1559	1332	1974.5625	4017.625	4622.5	4793	4971.625	3015.4375	1885.5625	vegetacion
508885	553695	1278	1528	1292	1896	3582.875	4196.5	4272	4504.5	2851.9375	1802.8125	vegetacion
508835	554115	1265	1520	1307	1871.8125	3414.9375	3973	3843	4357.625	2816.875	1798.0625	vegetacion
508795	554115	1258	1486	1269	1878.4375	3582.25	4165.125	4164	4481.1875	2803.5625	1775.375	vegetacion
508895	558155	1263	1485	1276	1938.3125	3685	4264.5	4308	4605.4375	2914.625	1876	vegetacion
511495	554415	1307	1541	1302	1816.5625	3701.25	4399.75	4688	4763.25	2722.5625	1753.75	vegetacion
509495	554935	1276	1491	1302	1896.625	3425.3125	4014.3125	4062	4357.8125	2806.4375	1805.125	vegetacion
512845	553665	1276	1522	1280	1836.0625	3678.75	4278.5	4661	4588.4375	2827.3125	1797.4375	vegetacion
509365	555015	1282	1544	1294	1932	3615.875	4221.3125	4352	4575.75	2847.5	1799.6875	vegetacion
508995	558175	1284	1532	1306	1976.3125	3636.6875	4155.875	4124	4459.625	2930.875	1883.125	vegetacion
517585	554845	1262	1465	1284	1898.375	3285.9375	3764.5	3552	4077.625	2884.125	1878.6875	vegetacion
515255	553615	1282	1498	1305	1870.5625	3587.6875	4159.5	4357	4541.25	2965	1886.3125	vegetacion
510515	560245	1305	1526	1319	1957	3535	4090.6875	4148	4456	2983.5	1912.5	vegetacion
510175	554615	1327	1596	1392	2030.8125	3799.5	4356.125	4404	4719.75	3301	2081.125	vegetacion
515475	553775	1274	1504	1321	1912.0625	3423.4375	3870.6875	3898	4246.9375	2991.375	1929.5625	vegetacion
515585	553735	1356	1598	1462	1971.25	3212.9375	3651.8125	4000	3971.875	3015.9375	1999.3125	vegetacion
510495	554415	1252	1466	1294	1840.875	3495.0625	4085.5	4176	4404.625	2882.4375	1854.8125	vegetacion
517565	554805	1318	1553	1348	1974.125	3503.1875	3992.625	4111	4352.75	2949.875	1902.75	vegetacion
512725	553955	1294	1578	1324	1832.875	3473.625	4015.25	4420	4467.9375	2912.625	1871.0625	vegetacion
510575	560555	1303	1574	1340	1946.9375	3699.0625	4481.875	4457	4783.125	2938.5625	1856.4375	vegetacion
511875	558505	1295	1513	1322	1845.5	3576.6875	4183.625	4036	4519.4375	2869.3125	1865.9375	vegetacion
509565	554545	1292	1512	1310	1883.4375	3450.875	3918.25	4066	4272	2895.5	1852.6875	vegetacion
515955	555875	1368	1688	1356	2054.5625	3859.625	4543.1875	4697	4689	2873.5	1852.5	vegetacion
510445	553855	1306	1564	1362	1958.875	3734.5625	4173.9375	4112	4475.8125	3021.1875	1942.4375	vegetacion
515305	553635	1280	1514	1350	1876.25	3551	4150.625	4332	4473.1875	2969.25	1910.75	vegetacion
512835	553705	1248	1462	1266	1738.9375	3542.0625	4136.4375	4348	4443.6875	2747.75	1750.1875	vegetacion
509225	558095	1310	1502	1340	1936.875	3406.5625	3862.375	3849	4184.9375	2947.25	1924.6875	vegetacion
509335	553945	1312	1562	1338	1960.5	3416.125	3818.875	3845	4115.5625	2927.3125	1884.125	vegetacion
517615	555265	1303	1500	1318	1888.875	3512.375	4081.75	3990	4435.375	2915	1840.4375	vegetacion
511845	558595	1271	1504	1284	1862.9375	4061.875	4797.875	4780	5147.75	2985.125	1907.875	vegetacion
509155	553985	1286	1524	1320	1912.0625	3388	3857.4375	3852	4159	2844.625	1845.75	vegetacion
509445	557985	1294	1574	1324	1988	3630.125	4159.75	4244	4467.375	2935.6875	1867.3125	vegetacion
509605	554795	1280	1503	1295	1902.1875	3422.0625	3943.6875	3941	4277.3125	2861.0625	1820	vegetacion
517405	555495	1288	1526	1331	1941.9375	3374.0625	3894.125	3976	4173.5625	2905.4375	1921.0625	vegetacion
512855	553595	1250	1507	1285	1859.3125	3629.8125	4261.4375	4429	4683.0625	2826.75	1799.8125	vegetacion
517245	554855	1270	1448	1290	1818.875	3400.3125	4024.8125	3925	4373.375	2860.8125	1853	vegetacion
510515	554095	1291	1536	1292	1845.0625	3755.375	4487.5625	4861	4828.25	2859.4375	1831.0625	vegetacion
512755	554145	1270	1505	1270	1825.5	3631	4295.3125	4444	4686.4375	2881.3125	1828	vegetacion
511815	558765	1280	1565	1297	1849.0625	3795.375	4760.8125	5136	5121	2834.9375	1817.6875	vegetacion
508965	553435	1272	1492	1272	1847.4375	3405.5625	3943.9375	4061	4297.3125	2786.75	1769.8125	vegetacion
512485	554015	1267	1490	1278	1817.5	3469.5625	4038.875	3995	4373.625	2893.25	1863.0625	vegetacion
511775	558935	1272	1491	1293	1803.375	3430	4174.625	4465	4498	2885.375	1926.3125	vegetacion
509625	554895	1300	1502	1361	1911	3448.9375	3999.4375	4000	4334.0625	2875.375	1857.3125	vegetacion
514675	561995	1330	1534	1412	1920	3005.875	3349.0625	3411	3666.3125	2906.1875	1985.375	vegetacion
517365	555585	1308	1590	1338	1919.1875	3617.125	4198.0625	4487	4577.4375	2813.125	1837.375	vegetacion
517665	555125	1304	1506	1318	1840.4375	3241.8125	3750.875	3643	4030.25	2842.875	1843.375	vegetacion
511815	558835	1264	1495	1271	1874.4375	3812.375	4632.75	4565	4993.9375	2857.25	1862.375	vegetacion
517525	554855	1277	1543	1341	1963.75	3706.375	4286.625	4655	4703.6875	3010	1920.625	vegetacion
509225	558055	1298	1527	1335	1904.25	3485.4375	4002.4375	4123	4338.375	2933.75	1901.375	vegetacion
508795	554445	1250	1487	1275	1894.8125	3590.25	4173.375	4192	4541.3125	2799.3125	1768.25	vegetacion
517545	555515	1233	1407	1235	1766.8125	3309.5	3849	3725	4198.125	2697.375	1755.625	vegetacion
508565	558605	1283	1502	1294	1924	3569.4375	4106.375	4120	4399.375	2877.1875	1846.5	vegetacion
508955	553435	1257	1506	1274	1865.3125	3579.1875	4163.8125	4273	4485.9375	2793.25	1761.4375	vegetacion
510285	553985	1292	1570	1337	2034.4375	3588.625	4074.6875	4008	4362.3125	2744.6875	1793.5	vegetacion
510255	553895	1274	1532	1272	2000.4375	3783.8125	4383.875	4244	4738.8125	2878.125	1784.25	vegetacion
508525	558475	1268	1525	1268	1853.3125	3731.3125	4417.9375	4709	4696.6875	2900.3125	1854.1875	vegetacion
510045	554555	1279	1586	1293	1957.75	4011.75	4632.8125	4894	4917.4375	2918.3125	1805.5	vegetacion
516185	555685	1306	1520	1327	1945.125	3499.25	4038.375	4081	4356.5625	2909.125	1874.3125	vegetacion
511625	554375	1264	1470	1268	1851.0625	3772.4375	4457.5	4296	4808.875	2800.3125	1776.75	vegetacion
517595	555415	1307	1482	1324	1802.625	3375.375	3955.8125	3912	4306.25	2748.75	1789.9375	vegetacion
510415	560395	1236	1416	1252	1861.4375	3486.0625	4183.9375	3590	4572.0625	2876.6875	1858.375	vegetacion
512025	554705	1264	1494	1305	1857.0625	3610.5	4227.25	4508	4587.4375	2774.6875	1794.1875	vegetacion
509465	555055	1306	1564	1324	2004.8125	3562.3125	4093.6875	4220	4460	2910.125	1851.5625	vegetacion
509215	553765	1278	1486	1289	1901.4375	3393.75	3876.1875	3871	4192.625	2826.125	1823.5	vegetacion
510515	561335	1299	1570	1400	1914.1875	3811.625	4581.9375	4597	5000.25	2965.5625	1916.1875	vegetacion
515605	553865	1300	1504	1318	1830.0625	3543.6875	4171.1875	4147	4566.8125	2916.875	1861	vegetacion
511865	554515	1285	1539	1305	1862.9375	3398.5625	3903.875	4066	4190.4375	2954.8125	1900.125	vegetacion
512595	553845	1287	1564	1334	1904.25	3446	4013.625	4152	4306.1875	2964	1894.3125	vegetacion
515195	553445	1316	1542	1351	1855.8125	3460.1875	4065.25	3985	4465	2902.5625	1862.125	vegetacion
509305	553815	1279	1494	1299	1884.625	3329.875	3780	3830	4102	2843.375	1821.5	vegetacion
517935	554955	1282	1485	1264	1952.8125	3992.25	4740.25	4604	5116.4375	3046.5625	1904.1875	vegetacion
515305	553445	1288	1486	1314	1956.3125	3298.75	3805.9375	3589	4095.1875	2971.6875	1969.75	vegetacion
515055	553135	1290	1482	1320	1821.375	3239.125	3707.875	3701	4031.75	2900.5	1902.1875	vegetacion
509345	554605	1298	1468	1318	1852.875	3308.9375	3771	3798	4103.125	2818.3125	1799.625	vegetacion
509395	553915	1310	1548	1348	1945	3365.375	3841.8125	3743	4145.1875	2928.25	1882.25	vegetacion
509005	554465	1266	1502	1285	1883.8125	3485	4010.625	3989	4305.25	2803.8125	1793.8125	vegetacion
509475	554975	1296	1530	1303	1939.375	3586.75	4034.125	4185	4383.9375	2869.875	1846.9375	vegetacion
515355	553655	1389	1646	1486	2026.375	3579.625	4052.125	4032	4416	3121.5625	2011.1875	vegetacion
509425	554175	1306	1544	1322	1933.9375	3367.3125	3859.8125	3830	4162.1875	2892.625	1869	vegetacion
512675	554165	1236	1478	1258	1777.125	3401.8125	4058.75	3841	4391.125	2794.125	1794.5	vegetacion
509015	558365	1274	1502	1284	1881.375	3354.3125	3822.9375	3762	4123.25	2830.5	1831.6875	vegetacion
511565	554435	1288	1486	1324	1786.6875	3379.625	4004.3125	3833	4460.25	2771.0625	1780.3125	vegetacion
509235	555085	1290	1596	1288	1930.75	3752.3125	4379.3125	4685	4742.5625	2744.1875	1720.9375	vegetacion
510435	554725	1432	1674	1652	2123.375	3258.375	3713.375	3549	4041.5625	3264	2162.9375	vegetacion
508705	558635	1291	1501	1304	1911.5625	3282.6875	3718.75	3850	4042.4375	2929.375	1954.4375	vegetacion
510275	553965	1272	1576	1321	1986.8125	3538.375	4027.4375	4045	4305.4375	2715.875	1764.375	vegetacion
508945	554305	1257	1482	1262	1862.25	3581.9375	4206.125	4283	4557.5	2804.5	1756.25	vegetacion
509995	553795	1359	1672	1357	2152.375	4027.25	4567.0625	4531	4902.5	3102.625	1922.9375	vegetacion
508945	554585	1250	1508	1256	1912	3779.3125	4442.75	4484	4825.375	2846.5625	1759.4375	vegetacion
514745	562045	1314	1588	1367	1969.5625	3118.5	3492.25	3683	3781.125	2955.9375	1994.5625	vegetacion
509435	554625	1335	1591	1364	1993.3125	3441.875	3900.0625	3973	4252.5	2920.75	1854.1875	vegetacion
508735	554275	1298	1558	1336	1991.875	3435.1875	3877.5	3968	4204.4375	2950.375	1883.4375	vegetacion
516035	555675	1280	1544	1312	1966.1875	3632.4375	4152.625	4205	4483.5	2958.6875	1901.25	vegetacion
517285	554855	1290	1526	1319	1904.5	3757	4412.75	4672	4804.9375	2969.625	1844.125	vegetacion
508705	558485	1258	1463	1282	1854.8125	3415.0625	3928.6875	3924	4242.75	2846.5	1818.6875	vegetacion
508785	558565	1272	1476	1297	1891.1875	3363	3837.75	3850	4156.125	2847.125	1858.25	vegetacion
509385	554035	1291	1485	1323	1897.1875	3235.6875	3635.75	3688	3918.9375	2884.25	1884.0625	vegetacion
512455	554045	1304	1563	1323	1909.1875	3699.625	4282.625	4484	4687.3125	3025.8125	1914.625	vegetacion
510405	560395	1271	1453	1334	1870.0625	3538.6875	4293.4375	3803	4665.625	2922.4375	1877.6875	vegetacion
510295	554855	1291	1613	1352	2097.9375	3535.875	3935	4062	4293.75	3131.1875	2031.75	vegetacion
510525	560575	1275	1538	1284	1914.8125	3894	4928.75	4840	5252.0625	2976.3125	1885.125	vegetacion
517635	554945	1272	1477	1266	1860.25	3517.625	4095.5	4488	4482.75	2862.9375	1817.9375	vegetacion
515245	553495	1287	1531	1283	1847.25	3380.3125	3929.625	3979	4274.75	2911.375	1903.5625	vegetacion
509935	554615	1254	1487	1286	1876.3125	3901.4375	4634.375	4531	4957.5	2918.875	1840.3125	vegetacion
508975	553555	1308	1553	1330	1943.9375	3436.75	3885.4375	3953	4231.1875	2917.125	1869.5625	vegetacion
515275	553695	1251	1458	1227	1792.5625	3478.75	4071.375	4105	4402.875	2897.0625	1892.875	vegetacion
509605	554335	1281	1492	1291	1856.3125	3276	3737.0625	3734	4119.9375	2804	1806.75	vegetacion
509135	558155	1307	1568	1340	1966.875	3611.375	4132.0625	4352	4432.75	2989.875	1931.5625	vegetacion
510415	554615	1274	1538	1325	1953.8125	3549.3125	4040.6875	4119	4386.1875	3036.375	1940.125	vegetacion
508875	554135	1243	1490	1251	1829.4375	3453.875	3980	4053	4269.75	2768.125	1759.9375	vegetacion
509445	553725	1274	1488	1299	1895.625	3564.75	4113.6875	4235	4473.5	2886.25	1816.9375	vegetacion
517215	554805	1256	1512	1260	1859.5625	3575.1875	4174.125	4344	4494.75	2800.875	1790.25	vegetacion
510225	553715	1334	1718	1344	2159.25	3766.375	4204.0625	4363	4545.6875	2994.625	1889.875	vegetacion
515575	553805	1248	1454	1292	1872	3391.4375	3859.4375	3929	4236.0625	2960.375	1914.9375	vegetacion
509075	558155	1276	1552	1343	2027.0625	3521.375	3966.0625	3993	4301.3125	2973.5	1906.9375	vegetacion
509065	558005	1300	1567	1346	1963.5625	3641.6875	4190.8125	4188	4492.0625	2926.5625	1887.25	vegetacion
510205	553905	1313	1574	1360	2073	3660.25	4141.25	4111	4437.5625	2960.25	1862.875	vegetacion
510585	560815	1304	1554	1319	1927.6875	3668.4375	4284.25	4254	4652.75	3060.5625	1927.9375	vegetacion
510165	554315	1338	1581	1372	1953.625	3830.9375	4401.8125	4496	4734.6875	2988.1875	1919.625	vegetacion
509385	553955	1276	1532	1315	1904.5625	3294.5625	3706.75	3749	3994.0625	2862.875	1843.625	vegetacion
512675	553945	1308	1532	1365	1782.25	3198.875	3674.875	3796	3989.875	2904	1877.4375	vegetacion
508995	554545	1300	1546	1390	2015.625	3341.25	3780.625	3844	4127.6875	3005.0625	1950	vegetacion
515515	553825	1316	1556	1378	1915.75	3480.625	4022	4213	4438.375	3036.625	1952.25	vegetacion
510105	554605	1261	1618	1254	1944.1875	4023.5625	4770	5276	5170.375	2912	1824.625	vegetacion
510125	553915	1299	1584	1307	2049.6875	3875.9375	4456.9375	4624	4727.75	2850.875	1766.6875	vegetacion
509525	554115	1312	1548	1371	1951.125	3140.9375	3490.375	3447	3806.125	2963.875	1945.0625	vegetacion
508765	553985	1378	1562	1483	1981.125	3353.9375	3853.25	3587	4193.4375	3011.0625	1932.3125	vegetacion
511535	554395	1274	1494	1290	1846.5625	3635.875	4278.0625	4272	4618.75	2792.0625	1785.6875	vegetacion
509415	554715	1288	1514	1313	1895.875	3486	4013.875	4184	4331.625	2880.75	1827.8125	vegetacion
509045	558005	1274	1547	1278	1937.5625	3798.8125	4407.625	4861	4757.125	2830.375	1824.625	vegetacion
509145	553415	1570	1797	1961	2305.3125	3128.5	3436.625	3365	3815	3761.8125	2587.9375	vegetacion
509225	558185	1304	1548	1326	1969.4375	3544.8125	4017.6875	4264	4331	2968.875	1918	vegetacion
511815	554795	1270	1524	1272	1845.1875	3780.3125	4519.8125	4627	4793.4375	2780.625	1822.8125	vegetacion
511745	554385	1332	1550	1408	1890.1875	3501.375	4053.75	3756	4302.0625	2855.9375	1906	vegetacion
517725	555325	1293	1510	1295	1917.3125	3449	3986.5625	3905	4347.6875	2896.6875	1875.4375	vegetacion
508855	558575	1302	1480	1316	1862.75	3297.6875	3738.8125	3830	4116.5	2903.875	1877.25	vegetacion
509245	553885	1262	1506	1306	1918.625	3387.6875	3883.75	3789	4174.875	2861	1847.4375	vegetacion
511905	558655	1302	1566	1346	1924	3568.8125	4084.625	4059	4489.9375	3099.125	2025.125	vegetacion
512865	553885	1317	1614	1330	1960.75	3595.8125	4117	4356	4456.8125	3079.1875	1947.5	vegetacion
512785	554005	1278	1517	1280	1839.1875	3626.5625	4332.5625	4200	4572.625	2816.125	1828.0625	vegetacion
517165	555595	1280	1498	1317	1955.25	3666.75	4209.75	4067	4539.75	2958.25	1918.0625	vegetacion
510075	553975	1299	1580	1290	1940.5625	3788.75	4426.375	4407	4759.6875	2890.6875	1835.1875	vegetacion
511735	558815	1273	1510	1260	1803.75	3445.3125	4037.5625	4121	4403.375	2811.75	1863.125	vegetacion
508795	558315	1284	1500	1318	1898.4375	3390.5625	3902.6875	3944	4220.0625	2869.9375	1863.375	vegetacion
510015	553745	1392	1728	1402	2245.3125	3941.375	4473.375	4230	4779.0625	3131.375	1950.5625	vegetacion
515265	553615	1282	1498	1323	1839.1875	3458.5625	4032	4104	4411.75	2917	1866.4375	vegetacion
509025	558605	1306	1540	1376	1996.25	3186.25	3578.875	3691	3882.5625	3089.1875	2039.3125	vegetacion
517575	554635	1278	1445	1270	1836.3125	3331.9375	3837.625	3857	4229.9375	2890.625	1882.25	vegetacion
509165	554015	1290	1507	1335	1906.625	3210.875	3658.9375	3709	4008.6875	2880.3125	1874.125	vegetacion
512555	553935	1295	1502	1318	1896.375	3400.5625	3907.0625	3990	4245.8125	3025.0625	1919.25	vegetacion
510015	554665	1272	1502	1291	1829.5625	3572.4375	4163.6875	4560	4513.0625	2713.0625	1746.625	vegetacion
512645	554045	1306	1533	1352	1862.8125	3417.375	3919.125	4107	4236.6875	3007.0625	1915.25	vegetacion
511815	558855	1258	1494	1286	1835.625	3664.25	4534.3125	4480	4909.3125	2869.25	1875.25	vegetacion
509265	555065	1282	1496	1302	1899.3125	3454.125	3994.8125	4104	4317.9375	2733.125	1738.5	vegetacion
509105	554585	1304	1540	1364	1944	3347	3778.8125	3761	4102.1875	2904.5625	1858.5625	vegetacion
516175	555735	1228	1436	1263	1818.75	3349.9375	3904.125	3865	4230.5	2794.3125	1845.375	vegetacion
509365	553845	1321	1566	1335	1947.1875	3479.9375	3952.125	4082	4249.3125	2866	1839.8125	vegetacion
510515	554185	1276	1438	1332	1855.6875	3313.5625	3884.75	3832	4307.4375	2980.625	1927.0625	vegetacion
511865	554495	1284	1472	1310	1824.9375	3280.8125	3775.5	3739	4123.5	2938.4375	1891.375	vegetacion
509165	553415	1532	1750	1901	2272.0625	3127.625	3471.4375	3368	3814.9375	3670.1875	2530.6875	vegetacion
508625	554055	1257	1493	1270	1894.8125	3470.8125	4044.9375	3951	4315.9375	2837.5625	1797.25	vegetacion
509075	553375	1297	1484	1338	1969.8125	3437.625	3930.5	3840	4285.6875	3055.875	1956.9375	vegetacion
509115	553695	1282	1522	1314	1911.625	3422.75	3962.625	4076	4266.0625	2872	1841	vegetacion
515845	554025	1282	1546	1318	1863.0625	3474.0625	4060.0625	4320	4409.1875	2889.75	1848.3125	vegetacion
510115	554095	1262	1500	1274	1873.1875	3742.9375	4461.0625	4435	4844.625	2895.375	1778.25	vegetacion
509215	553865	1293	1522	1331	1895.4375	3500.8125	4014.4375	4309	4377.3125	2873.1875	1839.25	vegetacion
517645	555545	1268	1444	1254	1804.4375	3416.75	4056.75	4147	4424.875	2827.5	1799.8125	vegetacion
511565	554445	1286	1477	1294	1763.0625	3499.875	4191.9375	4200	4502.75	2719.6875	1740.9375	vegetacion
509945	554365	1250	1540	1259	1949.8125	4269.0625	5128.75	5412	5489.125	2956.8125	1825.3125	vegetacion
508815	554275	1291	1537	1308	1977.875	3602.8125	4141.0625	4217	4385.5	2977.0625	1872.125	vegetacion
517555	554865	1291	1581	1305	1961.25	3792.0625	4401.625	4677	4769.6875	2951.4375	1867.5	vegetacion
517565	555685	1274	1557	1262	1926	3886.3125	4645.25	4972	4982.9375	2893.8125	1814.125	vegetacion
515275	553775	1362	1608	1435	2053.375	3505.25	3985.875	3978	4312	3169.8125	1915.5625	vegetacion
509435	554645	1311	1544	1338	1957.1875	3502.75	3999.625	3922	4319.625	2949.5625	1862.0625	vegetacion
509065	558085	1299	1538	1334	2011	3640.3125	4169.375	4265	4488.875	3005.8125	1926.375	vegetacion
517585	555575	1272	1441	1264	1800.125	3285.5625	3810	3686	4143.1875	2783.5625	1800.0625	vegetacion
511795	558685	1257	1442	1243	1704.4375	3317.875	4064.1875	4007	4384.6875	2616	1697.0625	vegetacion
511765	558805	1306	1534	1308	1835.5	3586.4375	4374.3125	4672	4786.625	2766.3125	1780.1875	vegetacion
510515	560565	1290	1606	1313	1937.3125	3959.125	5022.875	5185	5359.8125	2981.75	1895.4375	vegetacion
511725	554685	1356	1548	1452	1846.375	3537.8125	4198.5	4139	4515.3125	2925.3125	1923.1875	vegetacion
510215	554955	1339	1584	1367	2000.5625	3956.6875	4669	4663	5045.4375	3047.9375	1919.875	vegetacion
510185	554205	1276	1484	1275	1828.0625	3734.375	4388.375	4568	4726.125	2875.5	1794.5625	vegetacion
517605	555625	1265	1493	1280	1822.625	3411.875	4003.125	3993	4360.9375	2792.4375	1795.125	vegetacion
509455	553775	1294	1526	1333	1907.0625	3391.875	3868	4057	4274.9375	2883.4375	1857.5	vegetacion
515335	553685	1320	1552	1376	1898.3125	3434.625	3983.625	4118	4349.875	3012.5625	1929.5625	vegetacion
511505	554355	1240	1494	1254	1823.875	3478.625	4123.625	3764	4451.125	2759.3125	1770.125	vegetacion
508965	553625	1266	1540	1306	1956.1875	3596.375	4090.5	4084	4423.25	2866.375	1836.3125	vegetacion
509915	554505	1322	1590	1354	1992.5625	3742.5625	4346.9375	4387	4679.375	2903.8125	1828.8125	vegetacion
510425	561165	1315	1574	1350	1911.9375	3720.0625	4565.25	4489	4911.5625	2922.875	1889.5625	vegetacion
511985	558735	1312	1571	1325	1915.625	3894.1875	4511.4375	4488	4893.75	2949.9375	1891.6875	vegetacion
509565	554915	1290	1474	1302	1863.625	3234.25	3713.875	3569	4031.9375	2804.375	1819.0625	vegetacion
509345	555065	1289	1522	1326	1902.25	3477.875	4058	4164	4424.6875	2863.75	1813.0625	vegetacion
511605	554475	1289	1538	1282	1838.3125	3600.9375	4237.0625	4332	4582.4375	2538.125	1671.375	vegetacion
509415	554885	1265	1568	1296	2001.625	3797.6875	4364.375	4473	4687.0625	2850.5	1794.0625	vegetacion
508955	558245	1282	1486	1322	1872.75	3306.5	3789.5	3809	4133	2843.875	1865.875	vegetacion
509275	558545	1321	1565	1405	2009.5625	3426.8125	3888.25	3910	4173.125	3072.4375	2028.625	vegetacion
509235	558055	1321	1532	1360	1893.25	3493.75	4029.5	4180	4343.0625	2929.0625	1896.75	vegetacion
508705	554105	1274	1486	1280	1915.5625	3495.6875	4057.625	3931	4382.375	2839.375	1790.125	vegetacion
510465	561135	1327	1606	1368	1941.5	3797.25	4608.5	4671	5048.8125	2967.125	1910.4375	vegetacion
511725	554525	1286	1484	1326	1840.3125	3449.5625	3903.875	4031	4201.8125	2807.6875	1868.5	vegetacion
516025	555795	1250	1520	1291	1912.0625	3549.5	4067.1875	3765	4395.9375	2886.6875	1854.8125	vegetacion
508765	558425	1277	1466	1298	1864.625	3263.4375	3708.0625	3750	4030.875	2841	1841.375	vegetacion
512685	554125	1236	1457	1217	1746.4375	3543.0625	4293.125	4244	4644.625	2775.625	1760.1875	vegetacion
509925	554435	1264	1510	1237	1823.4375	3847.3125	4450.5	4585	4746.9375	2728.875	1731.25	vegetacion
510095	554615	1268	1520	1264	1945.125	4013.375	4669.0625	4928	5044.4375	2917.625	1835.9375	vegetacion
512805	553765	1300	1486	1328	1835.25	3388.1875	3924	3898	4214	2921.1875	1896.5	vegetacion
510395	560395	1284	1502	1319	1889.6875	3742.0625	4600.3125	4625	4924.875	2998.3125	1913.0625	vegetacion
508995	553675	1304	1524	1308	1864.5	3628.5625	4267.375	4510	4627.3125	2860.5625	1809.375	vegetacion
510485	554445	1280	1480	1304	1869.875	3677.6875	4270.875	4415	4547	2971.625	1865.5625	vegetacion
509335	554005	1330	1554	1352	1948.625	3363.8125	3797.6875	3799	4107.75	2855.5625	1840.875	vegetacion
510435	553855	1288	1554	1367	1987.625	3767.6875	4215.8125	4251	4516.4375	3053.5625	1965.8125	vegetacion
509275	555005	1246	1496	1260	1903.375	3646.8125	4278.1875	4431	4595.0625	2743.8125	1727.5	vegetacion
510235	555035	1253	1518	1268	1817.875	3614.875	4391.0625	4561	4718.9375	2819.1875	1823.0625	vegetacion
508755	558225	1327	1561	1381	1969.125	3266.75	3647.8125	3574	3955.1875	3010.1875	1981.8125	vegetacion
517765	555345	1276	1497	1281	1923.625	3801.25	4485.875	4456	4821.1875	2993.4375	1867.875	vegetacion
508835	554225	1431	1656	1566	2114.9375	3298.0625	3750.25	3621	4116.4375	3260.875	2108.8125	vegetacion
510315	560455	1299	1533	1298	1886.0625	3570.625	4351.3125	4560	4770.375	2851.1875	1849	vegetacion
512805	554185	1322	1540	1353	1888.25	3258.625	3739.125	3765	4002.1875	3018.3125	1959.25	vegetacion
511945	558825	1232	1413	1237	1730.6875	3603.5625	4332.625	4400	4671.625	2755.6875	1769	vegetacion
511965	558815	1247	1480	1290	1799.6875	3629.125	4355.625	4156	4677.25	2797.625	1816.375	vegetacion
510285	554955	1324	1594	1352	2019.9375	3487.5	3924.4375	3867	4220.5	2970.0625	1900.1875	vegetacion
509155	553915	1280	1510	1314	1896.0625	3445.6875	3944.875	3917	4256.875	2851.1875	1832.25	vegetacion
511555	554395	1288	1526	1287	1868.25	3810.25	4467.8125	4534	4819.375	2850.9375	1827.0625	vegetacion
509295	558395	1328	1622	1381	2099.0625	3539.9375	3945.0625	3939	4275.3125	3101.9375	1984.25	vegetacion
509325	554255	1300	1574	1335	1995.1875	3471.9375	3922.375	4006	4271.5625	2862.5	1841.5	vegetacion
512685	554035	1295	1520	1298	1840.0625	3448.25	3978.5	4144	4309.9375	2955	1879.8125	vegetacion
511705	554595	1234	1430	1234	1763	3794.75	4515	4640	4926	2841.5	1783.0625	vegetacion
509585	554755	1276	1504	1290	1917.75	3569.75	4172.625	4385	4508.5625	2847.25	1796.5	vegetacion
509365	554665	1264	1470	1293	1888	3459.1875	3961.125	4076	4351.25	2875.5	1817.75	vegetacion
508945	553705	1281	1536	1294	1926.5625	3765.875	4367.5	4544	4730.5625	2878.3125	1799.625	vegetacion
510245	554925	1275	1506	1284	1888.375	3673.0625	4294.1875	4295	4654.625	2907.6875	1836.625	vegetacion
509305	554295	1282	1470	1300	1884.125	3204.3125	3648.625	3664	3914.875	2837.5625	1851.25	vegetacion
510145	553875	1351	1678	1454	2213.875	3626.125	4055.75	4153	4358.9375	3157	2026.5625	vegetacion
509515	554145	1320	1597	1382	1974.5625	3284.5625	3674.5625	3785	3981.875	2969.5	1924.1875	vegetacion
508975	553975	1308	1562	1349	1989.125	3438.9375	3936.875	4038	4223.5625	2979.625	1922.375	vegetacion
515885	555875	1248	1516	1227	1893	3681.5625	4222.8125	4068	4598.4375	2679.4375	1709.125	vegetacion
509665	554885	1291	1500	1344	1918.0625	3408.0625	3903.9375	3879	4259.5625	2962.25	1913.9375	vegetacion
511865	554785	1276	1479	1257	1723.625	3632.1875	4351.75	4572	4701.8125	2683.625	1752.4375	vegetacion
511815	554505	1296	1508	1349	1922	3145.625	3575.6875	3631	3861.25	3060.9375	2024.25	vegetacion
510465	554415	1291	1574	1340	1920.625	3568.9375	4146.8125	4316	4461.125	3015.875	1925.875	vegetacion
509385	553755	1304	1560	1342	1943.125	3237.5	3623.125	3785	3949.25	2899.9375	1887.9375	vegetacion
509115	554315	1284	1523	1294	1884.4375	3437.9375	3936.9375	4082	4278	2886	1837.75	vegetacion
509355	554175	1320	1552	1348	1922.375	3307.25	3787.5625	3785	4061.9375	2849.75	1843.875	vegetacion
517625	554785	1321	1547	1330	1897.6875	3351.3125	3860.25	4084	4207.5625	2981.25	1957.0625	vegetacion
509115	554365	1284	1498	1293	1882.125	3282.5625	3750.9375	3806	4018.75	2828.5	1835.75	vegetacion
510155	554695	1352	1615	1382	1993.75	3793.1875	4380.3125	4692	4778.625	3217.25	2028.75	vegetacion
510065	553945	1288	1539	1286	1994	4005.5	4648.25	4744	4993.1875	2884.8125	1791.375	vegetacion
517645	554925	1274	1514	1309	1906.8125	3637.1875	4227.9375	4426	4587.5625	2886.625	1835	vegetacion
509485	553775	1300	1518	1312	1907.8125	3471	3978.25	4112	4327.0625	2891.875	1855.8125	vegetacion
510165	554785	1260	1462	1260	1821.5625	3983	4869.5	4711	5142.75	2886.25	1806.0625	vegetacion
515505	553925	1352	1604	1362	2030.9375	3632.0625	4135.375	4368	4525.25	3131.5625	2025.0625	vegetacion
517705	554965	1292	1464	1326	1817	3227.5625	3733.8125	3420	4088	2808.9375	1851.4375	vegetacion
510045	554305	1281	1517	1297	1914.3125	3722.875	4180.75	4255	4450.25	2933.125	1866.8125	vegetacion
509395	554145	1289	1532	1318	1885.375	3177.875	3620.3125	3623	3900.5	2856.875	1865.8125	vegetacion
517385	554735	1260	1464	1278	1837.1875	3465.8125	4019.8125	3915	4384.3125	2882.0625	1835.375	vegetacion
517355	554955	1306	1513	1311	1885.375	3384.0625	3924.0625	3887	4256.3125	2907.0625	1869.625	vegetacion
517445	555385	1289	1496	1320	1887.3125	3327.875	3787.5	3774	4129.875	2883.0625	1873.25	vegetacion
517475	555175	1298	1504	1321	1917.8125	3523.5625	4065.75	4094	4434.75	2970.0625	1889.9375	vegetacion
510065	554045	1324	1606	1339	1992.9375	3986.4375	4581.125	4877	4955.5	2937.25	1855.0625	vegetacion
508715	554155	1256	1472	1272	1867.8125	3588.1875	4209.75	4373	4562.9375	2855.8125	1783.0625	vegetacion
510445	554705	1322	1596	1400	2058.4375	3310.4375	3741.75	3891	4069.5	3208.6875	2097.875	vegetacion
511505	554475	1266	1483	1257	1810.3125	3800.75	4583.0625	4764	4949.5625	2738.25	1756.375	vegetacion
512665	554155	1252	1472	1240	1750	3479.5	4212.625	4348	4523.625	2771.6875	1778.1875	vegetacion
510295	554325	1304	1612	1350	2037.875	3788.1875	4287.4375	4255	4631.9375	3082.625	1945.3125	vegetacion
510145	553815	1326	1598	1358	2151.5	3660.9375	4071.625	3990	4417.125	3100.1875	1956.5	vegetacion
510195	554305	1326	1552	1372	2002.5625	3849.375	4441.1875	4451	4802.4375	3046.8125	1928.125	vegetacion
509985	554325	1408	1678	1521	2118.3125	3449.875	3916.125	4052	4257.6875	3209.1875	2094	vegetacion
508675	558325	1286	1496	1332	1964.1875	3392.75	3855.375	3857	4153.25	2914.5	1893.6875	vegetacion
515045	553165	1313	1526	1394	1867	3189.75	3661.125	3577	3993.875	2926.625	1899.0625	vegetacion
508515	558545	1286	1515	1312	1917.3125	3531.9375	4098.1875	3954	4388.9375	2851.5	1847.4375	vegetacion
508885	558085	1306	1532	1341	1978.375	3519.9375	4017.5625	4060	4354.5625	2988.25	1932.75	vegetacion
508895	553345	1376	1567	1475	1921.5625	3122.9375	3498.8125	3513	3816.1875	2862.875	1955.125	vegetacion
508875	554375	1268	1486	1276	1889	3486.625	4061.625	4043	4417.25	2841.9375	1782.625	vegetacion
509595	554325	1280	1496	1316	1861.6875	3287.5625	3758.625	3818	4128.9375	2838.625	1829.0625	vegetacion
508995	558685	1292	1508	1351	1900.625	3307.75	3761.375	3811	4029.75	2898.0625	1914.25	vegetacion
515695	553815	1366	1526	1457	1909.75	3018.75	3355.5625	3393	3714.3125	3010.625	2038.5625	vegetacion
509355	553695	1281	1520	1342	1908	3199.875	3613.8125	3736	3942.5625	2936	1917.8125	vegetacion
508745	558425	1268	1493	1299	1884.375	3389.25	3870.375	3878	4213.4375	2869.5	1856.0625	vegetacion
511885	558505	1283	1517	1316	1857	3574.5625	4157.875	4078	4489.3125	2868.9375	1884.8125	vegetacion
516165	555645	1262	1492	1307	1885.75	3446.25	4027.375	4074	4360.375	2799.625	1820.75	vegetacion
515125	553225	1319	1565	1348	1917.6875	3494.3125	4011.9375	4017	4363.4375	2987.1875	1902.5	vegetacion
509425	554775	1312	1556	1344	1955.8125	3354.5	3808.1875	3771	4080.0625	2915.5625	1887.125	vegetacion
517435	555625	1330	1536	1393	1889.9375	3686.5	4323.1875	4034	4799.8125	2877.25	1814.9375	vegetacion
517465	555285	1249	1361	1251	1735.125	3298.5625	3919.25	3386	4205.5	2738.9375	1779.875	vegetacion
509635	554855	1309	1537	1335	1932.125	3535.375	4081.5	4105	4415.5625	2899.8125	1846.0625	vegetacion
515045	553335	1310	1528	1340	1894	3266.4375	3673.125	3743	4028	2905.3125	1889.9375	vegetacion
509455	554515	1304	1524	1341	1902.5	3172.125	3571.375	3742	3836.5625	2901.8125	1901.125	vegetacion
508895	554295	1254	1481	1258	1863.625	3630.9375	4284.75	4213	4602.6875	2849.8125	1775.4375	vegetacion
509125	554585	1305	1536	1324	1921.6875	3414.375	3899.3125	3931	4218	2871.8125	1835.875	vegetacion
510305	554155	1293	1558	1308	2023.5625	3681.9375	4200.4375	4185	4547.125	2915	1835.75	vegetacion
510165	554505	1274	1465	1266	1911.5	4091.375	4728.4375	4964	5058.5625	2921.6875	1835.3125	vegetacion
515595	553955	1400	1682	1524	2130.5	3382.75	3723.125	3814	4063.625	3206.375	2172.0625	vegetacion
514735	562045	1334	1622	1372	1950.1875	3058.5	3396.75	3574	3683.875	2894.8125	1975.6875	vegetacion
517475	555485	1266	1480	1290	1845.3125	3392.4375	3921.0625	3932	4268.125	2856.8125	1820.5625	vegetacion
510385	561425	1318	1586	1304	1977.75	3805.125	4702.375	4783	5061.0625	2986.125	1902.3125	vegetacion
512695	554035	1268	1490	1283	1831.5625	3470.9375	4029.75	4143	4363.25	2897.875	1852.625	vegetacion
509215	558015	1279	1495	1300	1941	3399.25	3851.875	3937	4163.875	2991.4375	1931.8125	vegetacion
509375	553825	1303	1563	1340	1947.8125	3457.8125	3941.75	4125	4277.75	2919.125	1876.875	vegetacion
517705	555135	1268	1486	1288	1885.5	3351.5625	3885.1875	3919	4191.75	2994.1875	1895.75	vegetacion
510355	554525	1277	1504	1280	1886.625	3768.875	4516.8125	4571	4873.1875	2874.6875	1811.9375	vegetacion
508935	558535	1298	1542	1316	1933.375	3422.5625	3902.5625	3956	4202.625	2919.75	1874.9375	vegetacion
509225	558385	1298	1520	1318	1990.5625	3513.4375	3955.875	3986	4258.6875	2971.3125	1923.5625	vegetacion
509255	553775	1288	1520	1310	1937.6875	3414.6875	3918.4375	4037	4266.1875	2870.1875	1828.375	vegetacion
510445	554195	1251	1470	1270	1884.125	3630.9375	4199	4252	4582.25	2913.5625	1835.6875	vegetacion
510035	554645	1269	1479	1274	1863.6875	3710.75	4361.9375	4476	4685	2754.6875	1759.4375	vegetacion
508765	553395	1299	1529	1306	1893.375	3441.75	3959	3864	4207.6875	2803.6875	1785.5	vegetacion
509515	554975	1271	1514	1321	1898.1875	3380.1875	3854.5	3966	4171.4375	2828.6875	1825.375	vegetacion
509005	558485	1262	1518	1278	1951.6875	3686.8125	4238.3125	4284	4542.375	2913.4375	1850.9375	vegetacion
510485	560295	1290	1542	1304	1901.5625	3638.0625	4309.8125	4233	4573.875	2853.3125	1805.875	vegetacion
509135	554525	1275	1508	1284	1884.0625	3563.5	4142.6875	4075	4425.75	2791	1766.375	vegetacion
511735	554535	1302	1478	1302	1834.125	3430.375	3869.3125	3980	4199.5	2819.6875	1872.3125	vegetacion
517765	554875	1298	1508	1330	1916	3281.3125	3697.5	3679	4005.3125	2970.3125	1946.3125	vegetacion
515575	553865	1319	1502	1318	1807.375	3596.5625	4214.125	4276	4544.875	2934.6875	1890.4375	vegetacion
515945	555685	1300	1546	1269	1962.625	3619	4184.3125	4208	4431.5625	2885	1873.375	vegetacion
509005	558325	1279	1524	1314	1883.375	3317.875	3779.4375	3843	4110.375	2796.5	1825.0625	vegetacion
510485	554695	1322	1547	1396	1931.5625	3244.9375	3689.5	3728	4001.125	3084.3125	1998.9375	vegetacion
508695	554155	1259	1500	1266	1835.8125	3593.5625	4219	4360	4560.5625	2791.25	1750	vegetacion
510405	560595	1314	1566	1352	1926.25	3670.9375	4422.4375	4400	4781.375	3002.0625	1939	vegetacion
517355	555525	1279	1512	1324	1865.375	3249.625	3832.6875	3609	4109.5	2765.6875	1830.125	vegetacion
510275	553925	1280	1536	1304	1971	3907.8125	4557.8125	4783	4920.125	2894.5	1804	vegetacion
508935	558365	1278	1487	1325	1915.4375	3409.6875	3906.375	4046	4195	2945.9375	1907.625	vegetacion
510435	560425	1270	1520	1286	1842.0625	3646.75	4332.0625	4356	4687.875	2839.9375	1848.6875	vegetacion
512845	554005	1266	1492	1310	1827.375	3484.0625	4112.5	4168	4456.375	2959.3125	1909.8125	vegetacion
515705	553995	1352	1585	1470	2034.25	3209	3572.3125	3636	3931.6875	3141.5	2094.25	vegetacion
517805	555015	1286	1444	1281	1795	3177.3125	3686.625	3536	3990.1875	2848.25	1869.3125	vegetacion
517425	555535	1302	1522	1352	1904.9375	3158.5	3590.125	3706	3901.9375	2803.9375	1873.4375	vegetacion
508925	554415	1288	1518	1288	1859.75	3613.75	4206.8125	4400	4532.4375	2805.75	1760.375	vegetacion
509535	554965	1308	1483	1320	1866.6875	3283.75	3762.8125	3795	4134.625	2836.0625	1824.25	vegetacion
517945	554945	1316	1610	1329	2015.8125	4103.0625	4863.1875	5303	5244.4375	3097.0625	1924.125	vegetacion
510265	553735	1288	1566	1353	2103.875	3599.9375	4041	4002	4320.1875	3079.75	1969.75	vegetacion
509465	554145	1302	1518	1339	1934.375	3233.125	3686.6875	3623	3974.5625	2922.0625	1880.75	vegetacion
517635	554855	1247	1508	1274	1902.8125	3520.4375	4044.375	4087	4395.3125	3010.625	1922.625	vegetacion
509085	558545	1310	1561	1342	1979.5625	3560.75	4076.25	4320	4374.1875	3032.6875	1974.125	vegetacion
509325	558335	1278	1520	1325	1965.8125	3419.0625	3844.5625	3888	4171.125	2960.5	1907.375	vegetacion
510315	555075	1253	1512	1274	1837.8125	3465.125	4219.8125	4580	4632.1875	2844.625	1858.875	vegetacion
514665	562075	1324	1545	1424	1915.25	2883.0625	3228.625	3333	3553.375	2912	2009.125	vegetacion
508835	553985	1274	1481	1297	1901.9375	3500.5	4026.5625	3961	4332.25	2878.125	1828.75	vegetacion
512815	554135	1277	1497	1268	1803.125	3492	4093.8125	4151	4454.125	2887	1856.3125	vegetacion
508975	553885	1294	1572	1335	2040.5625	3548	3993.5625	3915	4307.625	2965.625	1888.25	vegetacion
508575	558335	1295	1557	1328	1912.0625	3627.25	4250.125	4508	4552.6875	2882.25	1840.875	vegetacion
509495	557935	1286	1544	1286	1961.9375	3732	4315.875	4683	4668.6875	2922.5625	1830.1875	vegetacion
509125	558365	1272	1510	1302	1905	3611.75	4117.875	4151	4472.6875	2862.125	1821.9375	vegetacion
509185	558255	1333	1513	1390	1939.5	3267.625	3644.875	3504	3940.5	2973.5	1950.75	vegetacion
515115	553375	1286	1536	1298	1841.4375	3543.5	4118.125	4308	4485.375	2943.8125	1871	vegetacion
517595	555425	1301	1526	1317	1808.375	3324.625	3885.4375	3856	4219.25	2766.25	1805.3125	vegetacion
508775	554315	1320	1590	1381	2066.6875	3431.8125	3945.5	3978	4285.5	3111.1875	1993.0625	vegetacion
515465	559965	1406	1700	1487	2160.75	3664.5625	4120.5	4198	4528.8125	3204.0625	2107.3125	vegetacion
510535	554495	1275	1462	1282	1828.375	3810.125	4566.8125	4761	4931.5	2853.9375	1796.0625	vegetacion
509095	554245	1300	1536	1340	1945.5625	3395.4375	3876.5625	3863	4179.125	2907.9375	1861.6875	vegetacion
509245	558555	1331	1550	1387	2013.6875	3359.75	3709.9375	3654	4062.875	3074.125	2067.5	vegetacion
517435	555635	1314	1529	1297	1873.125	3734.125	4418.625	4825	4926.8125	2889.375	1812.6875	vegetacion
509455	553885	1291	1550	1323	1932.1875	3381.625	3781.1875	3886	4082.375	2899.3125	1865.875	vegetacion
510145	554655	1321	1598	1368	2041.375	3741.625	4303.3125	4312	4680.5	3321.4375	2081.5625	vegetacion
514925	562025	1291	1536	1344	1824.875	3309.25	3779.25	3811	4089.6875	2844.125	1868.3125	vegetacion
510315	554575	1332	1565	1364	1965.9375	3937.125	4681.9375	4759	5054.125	3073.75	1909.125	vegetacion
509005	554405	1327	1525	1357	1900.125	3381.4375	3887.75	3783	4183.4375	2822.5	1799.6875	vegetacion
509115	554195	1318	1564	1370	1989.75	3286.1875	3714.5	3710	4013.6875	3006.8125	1950.1875	vegetacion
517445	554945	1268	1468	1292	1795.9375	3282.375	3790.0625	3822	4137.9375	2862.5625	1837.125	vegetacion
512815	553845	1289	1479	1312	1784.0625	3270.625	3761	3836	4038.4375	2893.4375	1884.5625	vegetacion
510675	554455	1237	1475	1235	1845.9375	3814	4610.125	4551	4905.1875	2841.875	1789.4375	vegetacion
515345	553675	1340	1566	1378	1949.8125	3598.125	4123.125	4208	4494.875	3047.5625	1966.0625	vegetacion
509245	553985	1308	1533	1313	1910.25	3226	3630.375	3669	3939.75	2816.5625	1839.75	vegetacion
515235	553475	1296	1514	1345	1860.875	3494.9375	4036.125	4187	4439.9375	2938.6875	1891.0625	vegetacion
512395	554005	1320	1516	1332	1870.75	3462.3125	4032.625	4052	4377.125	2987.6875	1909.4375	vegetacion
508985	553495	1240	1504	1255	1850.375	3665.8125	4330.75	4584	4645.0625	2796.125	1759.3125	vegetacion
509435	554725	1279	1511	1304	1921.25	3474.6875	4004.8125	3937	4338.5	2853.625	1815.875	vegetacion
509325	558085	1294	1518	1334	1947.125	3489.875	3939.5625	3928	4247.625	3019.375	1935.9375	vegetacion
516165	555745	1289	1465	1303	1823.5	3350.25	3890.0625	3791	4241	2846.5625	1881.75	vegetacion
517465	555525	1294	1559	1320	1920	3306.875	3778.75	4039	4103.4375	2892.5625	1899	vegetacion
510135	554625	1336	1578	1406	1960.3125	3630.3125	4157.0625	3938	4580	3179.0625	2010.875	vegetacion
517325	555045	1260	1540	1297	1916.125	3645.625	4271.5625	4301	4609.25	2876.0625	1822.8125	vegetacion
509195	554515	1324	1554	1361	1919.875	3238.75	3687.9375	3593	3946.3125	2854.625	1866.125	vegetacion
510075	554215	1311	1518	1300	1943	3571.0625	4045.375	3813	4418.4375	2853.0625	1847.25	vegetacion
511845	558915	1238	1449	1249	1714.8125	3546.75	4349.5	4616	4734.875	2694.4375	1743.4375	vegetacion
510255	553745	1274	1590	1324	2021.875	3693.4375	4207.5	4276	4580.1875	3003.25	1888.75	vegetacion
512845	553905	1290	1540	1316	1895.6875	3561.25	4120.75	4243	4492.125	2993.625	1898.125	vegetacion
509605	554295	1309	1532	1332	1909.5	3252.375	3706.375	3814	4070	2888.6875	1873.125	vegetacion
515355	553645	1360	1615	1416	2040.25	3537.4375	4000.875	4075	4359.9375	3131.75	2014.5	vegetacion
515195	553235	1426	1668	1461	2030	3506.25	3978.1875	4082	4338.4375	3153.75	2013.0625	vegetacion
509465	554575	1291	1502	1318	1950.25	3294.375	3781.8125	3829	4081	2922.6875	1867.75	vegetacion
512655	554035	1283	1480	1306	1832.9375	3352.4375	3861.125	3927	4201.1875	3028.875	1908.6875	vegetacion
511725	558735	1284	1456	1321	1795.875	3088.5625	3634.3125	3395	3905.625	2760.1875	1830.8125	vegetacion
508505	558495	1254	1435	1262	1822.625	3611.125	4181.6875	4232	4510	2816.6875	1811.875	vegetacion
510335	553735	1252	1446	1287	1864.25	3615.625	4218.9375	4015	4552.3125	2905.5625	1835.8125	vegetacion
509685	554815	1335	1574	1356	2054.5625	3680.5	4201.5625	4333	4567.875	3122.125	1988.625	vegetacion
517465	554615	1280	1469	1295	1835.6875	3206	3713.625	3611	4037	2837.1875	1849.5	vegetacion
515065	553305	1282	1498	1303	1860.125	3445.9375	4039.75	4167	4369.4375	2911.125	1887.5	vegetacion
508945	558205	1246	1477	1261	1870.375	3490.0625	3960.5625	4008	4342.5	2862.8125	1830.625	vegetacion
511935	558825	1259	1456	1278	1749.0625	3649.6875	4355.375	4617	4688.375	2743.0625	1751	vegetacion
517185	555585	1302	1600	1334	2070.8125	3882.6875	4469.5	4571	4845	3037.5625	1947.625	vegetacion
508965	558405	1254	1483	1260	1889	3515.5625	4076.0625	4113	4380.4375	2836.375	1808.75	vegetacion
515145	553135	1321	1648	1372	1931.125	3731.9375	4372.125	4441	4717.3125	3027.4375	1929.9375	vegetacion
509515	554645	1326	1556	1344	1943.375	3387.25	3867.125	4065	4153.875	2913	1850.75	vegetacion
508935	558155	1314	1538	1361	1925.9375	3394.4375	3875.1875	3818	4157.5625	2853.125	1857.875	vegetacion
517825	555185	1314	1527	1322	1910.625	3492.5625	4009.5	4128	4348	2949.75	1899.8125	vegetacion
515175	553465	1265	1484	1292	1825.0625	3425	3968.1875	4062	4357.75	2924.1875	1871.375	vegetacion
508785	554305	1375	1598	1444	2096.125	3492.875	3953.4375	3850	4293.375	3141.75	2023.3125	vegetacion
510325	554175	1292	1565	1331	2030.4375	3816	4356.5625	4496	4691.0625	2962.1875	1869.1875	vegetacion
510565	560695	1278	1547	1298	1936.4375	3900.875	4728.375	4535	5051.875	2972.875	1886.875	vegetacion
515625	553745	1310	1631	1506	2027.6875	3345.875	3766.3125	4084	4130.5625	3103.5	2044.8125	vegetacion
510085	554405	1284	1512	1272	1895	3980.375	4558.125	4616	4860.9375	2878.5	1827.1875	vegetacion
508815	553965	1294	1576	1335	1948.875	3446.375	3966.5625	4176	4332.625	2907.3125	1852.875	vegetacion
515105	553425	1308	1558	1367	1921.6875	3487	3985.6875	4030	4330.3125	3001.9375	1914.0625	vegetacion
510675	554475	1237	1484	1247	1827.375	3665.75	4470.375	4417	4777.5625	2793.125	1773.5625	vegetacion
509345	553835	1319	1550	1328	1921.0625	3357.5625	3804.5	3932	4126.8125	2822.75	1824.6875	vegetacion
510275	553985	1307	1598	1358	2041.3125	3551.875	4027.5625	3819	4308.4375	2746.5625	1793	vegetacion
508945	553355	1332	1614	1426	2087.4375	3293.25	3693.75	3732	4021.25	3201.125	2116.625	vegetacion
509955	554185	1364	1603	1439	2018.6875	3741.875	4339	4597	4744.375	3028.0625	1942.125	vegetacion
510245	554735	1278	1507	1281	1870.9375	3741.625	4410.125	4331	4748.9375	2954.5	1868.125	vegetacion
509205	553455	1362	1650	1480	2150.8125	3362.5	3774.875	3880	4081	3267.6875	2187.3125	vegetacion
511955	554735	1269	1481	1298	1867.5	3614.6875	4180.3125	4203	4541.0625	2811.5625	1820.1875	vegetacion
510165	554205	1260	1432	1252	1814.625	3700.1875	4414.6875	4295	4773.3125	2847.5	1791.9375	vegetacion
510475	553805	1315	1582	1349	1990.875	4041.5625	4599.6875	4684	4921.8125	3002.4375	1927.25	vegetacion
508765	558605	1335	1548	1354	1905.3125	3220.5	3618.125	3612	3954.25	2859.75	1901.125	vegetacion
515845	555885	1275	1578	1282	1870.5625	3777.75	4451.125	4895	4828.125	2827.5625	1810.75	vegetacion
510265	554175	1334	1642	1351	2065.375	3618.75	4100.25	4069	4410	2964.4375	1871.625	vegetacion
509425	553855	1326	1562	1366	1975.8125	3275.5	3689.25	3655	3999.25	2909.625	1885.625	vegetacion
511815	558865	1290	1503	1293	1825.875	3614.75	4412.4375	4557	4825.9375	2876.75	1891.25	vegetacion
512765	553895	1290	1542	1297	1835.4375	3600.25	4206.3125	4236	4525.0625	2718.375	1755.3125	vegetacion
508755	558525	1292	1507	1328	1905.1875	3472.4375	3986.1875	3923	4310.6875	2870.125	1831.375	vegetacion
511885	558535	1219	1412	1234	1793.125	3662.375	4297	4363	4655.125	2849.1875	1816.875	vegetacion
510385	553795	1296	1542	1311	1880.9375	4022.375	4720.5	5228	5092.125	2956.3125	1848.5	vegetacion
515895	555845	1336	1642	1361	1998	3916.1875	4664.125	5140	4913.5625	2980.9375	1852.875	vegetacion
509095	553545	1258	1526	1271	1930	3477.9375	4028.625	4111	4358	2867.375	1818.9375	vegetacion
517415	555635	1244	1414	1228	1914.375	3914.8125	4703.5625	4280	5086.1875	2937.9375	1829	vegetacion
515045	553215	1256	1474	1300	1812.75	3398.1875	3943.3125	3946	4304.625	2821.25	1812.3125	vegetacion
512785	554345	1207	1368	1202	1589.4375	3523.125	4287.5	4352	4593.125	2582.75	1630.9375	vegetacion
509455	554005	1340	1581	1430	2004.5	3140.4375	3508.3125	3536	3802.5625	3046.125	2022.8125	vegetacion
515295	553525	1322	1544	1332	1941.875	3577.375	4119.125	4269	4415	3010.0625	1920.9375	vegetacion
510435	560365	1275	1526	1288	1903.125	3835.4375	4557.5625	4558	4889.4375	3012.4375	1907.5	vegetacion
512655	554075	1280	1507	1282	1852.0625	3484.8125	4060.625	3983	4433.8125	2938.1875	1859.8125	vegetacion
508955	553755	1340	1592	1381	1987.6875	3528.6875	4005.6875	3909	4346.4375	2937.3125	1861.5	vegetacion
512565	553935	1254	1501	1272	1854.125	3314.1875	3826.6875	4109	4139.4375	2953.6875	1872.25	vegetacion
512475	554055	1270	1470	1275	1790.25	3507.3125	4144.75	4140	4501.25	2771.5625	1781.625	vegetacion
510405	561095	1270	1518	1301	1873.4375	3685.8125	4418.5	4520	4801.5	2896.0625	1857.9375	vegetacion
512845	554295	1191	1388	1187	1602.8125	3660.25	4490.9375	4649	4857.5625	2610.125	1660.5	vegetacion
515155	553245	1302	1560	1363	1936.1875	3325.8125	3805.625	3678	4119.4375	3037.125	1957	vegetacion
510135	554725	1379	1684	1503	2050.8125	3667.4375	4200.5625	4199	4563.5625	3379.8125	2148.1875	vegetacion
512465	554115	1253	1472	1256	1756	3347.6875	4007.5	3924	4351.875	2675.4375	1704.25	vegetacion
510485	554325	1254	1512	1297	1909.5	3524.9375	4095.75	4236	4410.9375	2944.5625	1875	vegetacion
509095	558215	1290	1540	1343	1944.875	3406.8125	3871.6875	3980	4213.5625	2943.3125	1910.625	vegetacion
510005	554185	1262	1479	1253	1870	3888.375	4577.625	4760	4884.8125	2921.5	1867.875	vegetacion
517715	555335	1310	1529	1331	1905.875	3471.8125	4007	3915	4400.625	2856.5	1838.375	vegetacion
508795	558455	1304	1544	1344	1965.1875	3333.875	3806.3125	3762	4142.1875	2958.6875	1930.0625	vegetacion
509485	557965	1301	1534	1341	1914.125	3466.0625	3958.875	3951	4332	2911.5	1860	vegetacion
510465	554725	1330	1572	1388	1979.1875	3311.0625	3732.5	3953	4005.1875	3133.3125	2034.6875	vegetacion
509335	558105	1287	1514	1325	1920.9375	3461.9375	3944.9375	4051	4270.375	3013.5	1941.6875	vegetacion
517475	555405	1259	1462	1259	1839.3125	3246	3704.8125	3647	4023.3125	2806.1875	1812.9375	vegetacion
508865	558615	1339	1546	1414	1962.5625	3361.4375	3767.25	3690	4082.0625	2999.8125	1975.375	vegetacion
511475	554605	1254	1461	1274	1762.6875	3508.6875	4217.3125	4232	4587.0625	2691.0625	1743.5	vegetacion
510155	554215	1245	1455	1240	1813.0625	3793.75	4512.25	4744	4860.5625	2848.375	1797.4375	vegetacion
511875	558835	1267	1467	1274	1757.5	3474.9375	4113.25	4093	4513.5	2726.8125	1734.375	vegetacion
511725	554385	1292	1473	1310	1909.1875	3712.375	4328.0625	4279	4665.4375	2917	1906.6875	vegetacion
509425	554275	1304	1555	1329	1940.125	3392.3125	3854.125	3874	4168.0625	2846.625	1815.375	vegetacion
509945	554675	1282	1490	1285	1910.5625	4022.625	4738.4375	4897	5107.3125	2931.125	1835.0625	vegetacion
508785	554055	1291	1516	1330	1869.625	3397.9375	3906.1875	3910	4212.1875	2748.5625	1748.25	vegetacion
515965	555795	1314	1574	1355	2013.0625	3980.875	4635.25	4652	4980.5625	3042.0625	1914.375	vegetacion
509075	558335	1272	1546	1292	1957.8125	3702.6875	4236.375	4415	4571	2883	1853.4375	vegetacion
509325	553965	1302	1545	1311	1949	3338.5	3735.875	3908	4055	2906.3125	1876.125	vegetacion
510335	553785	1319	1563	1364	1913.125	3728.1875	4292.875	4327	4681.75	2864.6875	1819.125	vegetacion
508935	558425	1275	1487	1301	1909.75	3362	3819.8125	3679	4134.25	2855.875	1834.375	vegetacion
516135	555695	1282	1562	1288	1890.625	3517.75	4079.6875	4285	4391.1875	2896.625	1863.5	vegetacion
515235	553445	1335	1582	1385	1961.9375	3649.625	4233.875	4256	4594	2973.625	1896.125	vegetacion
515795	554025	1290	1514	1341	1910.25	3363.375	3860.0625	3677	4211.125	2932.8125	1905.625	vegetacion
517385	555615	1284	1547	1282	2000.5	4160	4929.9375	5040	5295.75	2949.8125	1854.125	vegetacion
516135	555845	1276	1495	1288	1896.125	3534.8125	4107.625	4123	4442.375	2860.5625	1823.3125	vegetacion
508845	558585	1275	1496	1302	1904.375	3308.5625	3735.1875	3889	4051.0625	2912.375	1898.125	vegetacion
510545	560295	1308	1521	1290	1932.1875	3566.0625	4163.875	4188	4478.5625	3050.8125	1946.875	vegetacion
510205	553775	1294	1586	1335	2037.25	3670.75	4116	4125	4431.375	2893.4375	1838.0625	vegetacion
509255	553955	1316	1538	1334	1914.6875	3258.75	3645.1875	3681	3943.3125	2853.75	1855.9375	vegetacion
511825	558525	1264	1487	1273	1832.3125	3687	4439.125	4663	4775.6875	2831.625	1774.1875	vegetacion
515155	553255	1321	1571	1428	1921.0625	3306.9375	3770.0625	3752	4082.5	3013.875	1947.3125	vegetacion
512765	553845	1254	1489	1245	1763.3125	3527.875	4195	4293	4545.5625	2663.5	1709.75	vegetacion
509015	558295	1298	1509	1336	1911.4375	3331.625	3767.1875	3686	4068.125	2798.375	1828.3125	vegetacion
510195	554705	1319	1520	1294	1857.9375	3987.0625	4818.1875	4980	5251.25	2933.6875	1829.6875	vegetacion
508615	558515	1319	1520	1354	1921.5625	3429.3125	3863.75	3712	4206.25	2985.5625	1971.6875	vegetacion
514805	562025	1292	1502	1336	1862.5625	3207.25	3706.625	3894	4029.75	2879.0625	1897.0625	vegetacion
509345	557985	1292	1522	1344	1915.5	3202.25	3601.8125	3691	3933.6875	2909.9375	1905	vegetacion
517605	554795	1304	1536	1360	1908.125	3317	3763	3850	4114.5625	2933.0625	1923.875	vegetacion
517735	554895	1292	1565	1300	1938	3535.375	4092.3125	4333	4442.8125	2881.0625	1827.9375	vegetacion
509015	553855	1283	1537	1306	1950.375	3582.6875	4149.25	4249	4473	2882.625	1837.3125	vegetacion
508755	553995	1282	1512	1344	1937.625	3401.625	3916.3125	3964	4265.75	2957.75	1885.0625	vegetacion
508965	558255	1304	1522	1360	1921.9375	3343.0625	3824.8125	3850	4135	2869	1877.1875	vegetacion
511725	554735	1317	1538	1318	1840.8125	3564.1875	4107	4471	4375.3125	2759.75	1810.25	vegetacion
509185	554005	1270	1482	1292	1871.5625	3228.625	3665	3647	4003.3125	2805.8125	1821.5625	vegetacion
510425	560945	1309	1594	1328	1984	4104.8125	5158.3125	5365	5526.625	3132.625	1963	vegetacion
508695	554265	1326	1578	1362	1968.375	3419.625	3899.9375	3929	4190.25	2992.1875	1924	vegetacion
509645	554805	1331	1568	1339	1978.0625	3829.875	4456.5625	4727	4839.3125	2937.375	1847	vegetacion
509545	554385	1285	1490	1327	1871.8125	3073.9375	3500.9375	3477	3801.3125	2879.875	1893.625	vegetacion
509545	554665	1270	1484	1310	1871.375	3334.3125	3804.625	3874	4147.5	2863.8125	1804	vegetacion
511755	558965	1295	1485	1358	1855.125	3003.75	3499.375	3570	3880.1875	2911.5625	1996.125	vegetacion
515095	553075	1297	1548	1344	1923.3125	3661.8125	4237.8125	4460	4580.625	2987.125	1918.75	vegetacion
509495	554805	1308	1567	1333	1910.625	3490.1875	3999.5	3976	4334.875	2845.4375	1818.375	vegetacion
508685	554075	1247	1496	1269	1913.8125	3659.5625	4238.625	4288	4573.3125	2872.4375	1800.25	vegetacion
510515	561355	1260	1454	1284	1878.75	3792.5625	4624.75	4112	4967.4375	2978.375	1922.75	vegetacion
508915	553965	1291	1502	1304	1917.625	3150.5	3525.375	3581	3812.5625	2866.125	1865.5	vegetacion
510005	554455	1247	1467	1251	1926.6875	3977.1875	4730.5625	4592	5098.5	2897.875	1802.4375	vegetacion
512465	554015	1270	1523	1311	1888.9375	3604.5	4156.1875	4211	4485.4375	3011.875	1919	vegetacion
508935	558655	1270	1442	1293	1865.125	3239.5	3683.0625	3456	3954.1875	2809.8125	1874.9375	vegetacion
515285	553555	1298	1511	1378	1896.3125	3417	3919.625	3830	4313.25	2993.4375	1941.125	vegetacion
512905	553865	1319	1560	1344	1912.1875	3446	3928.3125	4019	4306.75	2998.75	1921.1875	vegetacion
510055	553995	1319	1543	1368	1913.375	3327.75	3820	3707	4163.9375	2851.25	1895.5625	vegetacion
510475	554225	1294	1525	1333	1913.375	3598.8125	4211.3125	4409	4575.1875	3052.25	1947.9375	vegetacion
509425	554755	1294	1507	1345	1943.3125	3440.9375	3874.25	4016	4202.1875	2897.4375	1873.5625	vegetacion
510545	560875	1296	1454	1319	1853.5625	3518.6875	4163.6875	3671	4425.4375	2909.25	1872	vegetacion
517605	555305	1280	1530	1285	1893.4375	3844.5	4563.75	4785	4946.8125	2905.875	1813.5	vegetacion
508935	553675	1319	1532	1318	1897.5	3879.875	4563.75	4465	4890.0625	2910.75	1825.6875	vegetacion
508735	558515	1279	1510	1283	1911.5	3514.4375	4066.8125	4100	4358.3125	2891.4375	1837.5	vegetacion
510445	554965	1286	1536	1287	1931.9375	3980.0625	4728.3125	4951	5120.625	2880.375	1824.5	vegetacion
509095	558015	1314	1541	1336	1939.3125	3461.375	3920.75	3828	4197.6875	2942.75	1907.9375	vegetacion
509235	553515	1314	1556	1355	1971.9375	3267.5	3649	3597	3960.125	2876.5	1861.5625	vegetacion
515925	555765	1267	1441	1276	1868.4375	3459.0625	3999.4375	3595	4323.875	2775.125	1800.8125	vegetacion
517625	555265	1281	1521	1286	1895.625	3489.125	4090.75	4296	4420.625	2902.5	1825.3125	vegetacion
515885	555715	1328	1571	1370	1961.8125	3730.3125	4354.4375	4300	4647.4375	2976.1875	1900.5	vegetacion
509565	554625	1302	1544	1331	1959.0625	3402.9375	3828	3928	4177.9375	2914.875	1865.125	vegetacion
510085	554005	1274	1503	1262	1878.5	3679.75	4292.6875	4355	4653.1875	2921.9375	1861.9375	vegetacion
517255	554905	1281	1499	1294	1915.5625	3516.375	4078.375	4184	4429.4375	2945.5625	1901.625	vegetacion
510015	553815	1422	1816	1524	2302.125	3904.1875	4385.25	4388	4710.1875	3192.5	1988.6875	vegetacion
508995	554575	1277	1524	1326	1934.8125	3459.1875	3958.6875	4140	4274.6875	2904.625	1845	vegetacion
510455	561045	1308	1604	1322	1955.4375	3980.3125	4910.125	5021	5294.125	3038.25	1928.0625	vegetacion
511955	558735	1288	1514	1290	1835.375	3615	4160.8125	4077	4478.8125	2773.125	1797.5625	vegetacion
515275	553615	1272	1476	1296	1818.4375	3390.3125	3960.5	3954	4323.625	2887.75	1856	vegetacion
517625	555235	1262	1475	1255	1863.1875	3484.8125	4036.75	3900	4421.1875	2916.1875	1849.125	vegetacion
509295	558265	1296	1526	1294	1983.5	3470.625	3925.5625	4042	4176.5	2945.25	1920.1875	vegetacion
514755	562075	1310	1532	1390	1966.25	3126.25	3476	3468	3770.0625	3044.5625	2061.0625	vegetacion
510275	554105	1280	1556	1277	1975.625	3885.8125	4506.0625	4628	4860.0625	2869	1788.5625	vegetacion
510145	553935	1325	1575	1350	2072.8125	3555.5	4054.5625	3999	4374.4375	2899.5625	1872.25	vegetacion
515795	555765	1312	1553	1334	1979.5625	3585.6875	4131.0625	4200	4436	2947.5	1914.5	vegetacion
508605	554075	1296	1508	1288	1874.9375	3545.75	4113.9375	4050	4428.4375	2795.1875	1757.3125	vegetacion
510395	561165	1311	1567	1314	1967.8125	3919	4697.0625	4954	5075.8125	3037.25	1982.75	vegetacion
517595	554565	1293	1520	1322	1993.5625	3610	4118.5625	4127	4420.125	2969.625	1927.3125	vegetacion
512705	554105	1285	1495	1312	1794.0625	3587.1875	4321.9375	4568	4654.1875	2758.5625	1751	vegetacion
515665	553795	1342	1562	1444	1950.375	3129.1875	3522.0625	3590	3848.75	3052.9375	2025.4375	vegetacion
509485	553745	1328	1568	1335	1907	3559.25	4113.9375	4200	4494.5	2895.75	1832.6875	vegetacion
508825	553965	1275	1534	1307	1935.125	3501.125	4014.6875	4263	4374.875	2892.4375	1832.625	vegetacion
510145	554065	1275	1524	1297	1914.8125	3609.5625	4182.6875	4107	4506.8125	2906.5	1811.8125	vegetacion
515785	560075	1294	1488	1312	1833	3430.6875	3957.0625	4060	4382.5625	2914.875	1870.125	vegetacion
517335	554625	1306	1572	1314	1909.3125	3756.5625	4364.8125	4844	4744.9375	2889.625	1841.6875	vegetacion
510485	560945	1298	1505	1314	1895.4375	4084.75	5034.125	4671	5418.875	3062.875	1902	vegetacion
509415	554645	1292	1531	1319	1935.375	3544.25	4106.1875	4151	4433.9375	2897.6875	1837.0625	vegetacion
510435	560795	1300	1596	1305	1914.3125	3717.875	4515.6875	4749	4963.9375	2843.25	1831.9375	vegetacion
510465	560555	1287	1592	1307	1921.9375	4046.5	5118.625	5313	5509.4375	2967.75	1863.375	vegetacion
510325	553955	1268	1531	1280	1958.9375	3826.125	4396.9375	4640	4773.75	2891.3125	1811.8125	vegetacion
510165	554585	1310	1583	1366	2015	3856.9375	4434.6875	4784	4899.125	3229.5625	2060.625	vegetacion
509085	558115	1305	1553	1334	2018.375	3493.9375	3895	4023	4192	2998.625	1944.9375	vegetacion
508545	558425	1233	1491	1257	1823.3125	3510.25	4116.375	4214	4387	2810.9375	1806.9375	vegetacion
510095	554455	1256	1496	1274	1858.875	3715	4213.5	4376	4519.4375	2762.9375	1759.125	vegetacion
508905	554165	1282	1528	1310	1888.875	3507.6875	4118.75	4297	4446.1875	2840.3125	1788.25	vegetacion
508775	558275	1282	1499	1328	1918.25	3442.9375	3961.875	4002	4297	2888.1875	1859.375	vegetacion
510525	560785	1299	1540	1318	1918.8125	3765.625	4633.25	4684	4948.125	2949.3125	1869.0625	vegetacion
515405	553835	1300	1530	1334	1863.4375	3628.125	4343	4572	4743.3125	2965.0625	1887.875	vegetacion
515675	560015	1277	1544	1310	1887.9375	3518.375	4054.8125	4042	4426.8125	2905.0625	1883.9375	vegetacion
511795	554415	1312	1570	1354	1959.5	3510.25	3931.4375	4067	4258.125	2946.3125	1954.5625	vegetacion
508825	554375	1300	1545	1378	1929.5	3439.25	3961	3691	4250.3125	2837.4375	1793.8125	vegetacion
508835	558065	1256	1515	1292	1924.6875	3432.0625	3892.4375	4124	4252.9375	2901.875	1895.75	vegetacion
517705	555145	1287	1572	1310	1892.5	3469.1875	3996.0625	4240	4340.75	2983.5625	1884.25	vegetacion
511885	558875	1233	1374	1247	1701.875	3453.25	4138.875	4066	4449.3125	2695.9375	1734.8125	vegetacion
509285	554645	1283	1511	1301	1895.125	3432.4375	3974.75	3979	4277.25	2807.625	1794.5	vegetacion
509025	554615	1287	1522	1329	1938.4375	3578.25	4141.75	4005	4455.625	2841.5625	1794.375	vegetacion
517705	555055	1255	1461	1275	1839.0625	3302.75	3818.625	3973	4157.0625	2877.1875	1864.75	vegetacion
511905	554725	1271	1539	1291	1819.375	3430.875	4002.3125	4274	4374.125	2770.375	1796.5	vegetacion
515625	553975	1430	1634	1620	2116.375	3089.8125	3437.3125	3373	3751.625	3217.25	2193.8125	vegetacion
517875	555495	1317	1540	1329	1957.75	3442.25	3952.1875	3886	4313.5625	2913.875	1911.4375	vegetacion
510355	554945	1325	1620	1389	2043.8125	3422.1875	3867	3799	4213.5	3042.5625	1967.8125	vegetacion
517715	554795	1266	1466	1303	1813.75	3301.9375	3867	3897	4175.875	2845.4375	1875.6875	vegetacion
510445	554655	1306	1542	1360	1972.0625	3190.75	3586.625	3622	3915.0625	3102.875	2038.25	vegetacion
509155	554275	1294	1532	1313	1932.6875	3486.875	4003.1875	3990	4368.9375	2876.8125	1837.8125	vegetacion
509505	554915	1292	1502	1300	1860.9375	3452	3997.1875	3742	4326.375	2779.375	1775.125	vegetacion
509955	554385	1273	1548	1263	1979.1875	4412.375	5264.4375	5331	5592	3003.3125	1847.5625	vegetacion
510065	554415	1247	1453	1228	1863.25	3941.625	4599.0625	4416	4912.125	2794.6875	1772.625	vegetacion
517355	555495	1267	1484	1324	1865.9375	3213.0625	3716.0625	3658	4021.375	2785.9375	1840.0625	vegetacion
510545	554235	1263	1493	1311	1824.25	3585.8125	4195.5625	4516	4530.0625	2847.875	1818.625	vegetacion
516045	555695	1284	1493	1302	1913.1875	3664.8125	4225.9375	4209	4567.125	2927.625	1853.1875	vegetacion
509245	554125	1326	1545	1334	1947.9375	3427.3125	3902.9375	3927	4201.375	2887.1875	1863.75	vegetacion
510485	561305	1310	1612	1344	1986.1875	3986.9375	4985.9375	5273	5343.625	3048.9375	1932.5	vegetacion
510125	554045	1272	1538	1288	1938.0625	3739.3125	4406	4320	4740.75	2866.875	1812.9375	vegetacion
509115	558565	1262	1461	1280	1896	3513.375	4077.5	4233	4362.375	2939.125	1911.5	vegetacion
509035	558385	1282	1470	1292	1875.1875	3318.5625	3794.625	3886	4077.5	2816.25	1821.625	vegetacion
511815	554775	1262	1500	1283	1786.0625	3449.75	4120.875	4175	4522.9375	2681.4375	1757.4375	vegetacion
517605	555525	1264	1505	1282	1909	3491.6875	4031.75	4042	4385.4375	2891.375	1862.4375	vegetacion
512685	553845	1256	1508	1305	1856.75	3412	3955.25	4116	4300.25	2943.6875	1881.5	vegetacion
509955	554465	1258	1480	1255	1884.75	3661	4339	4332	4698.625	2759.375	1743.0625	vegetacion
509595	554155	1314	1522	1312	1886.6875	3273.9375	3731.5625	3820	4101.6875	2848.875	1838.9375	vegetacion
515515	553875	1265	1478	1301	1803.9375	3372.4375	3892.125	3890	4287.875	2929.25	1877.5	vegetacion
508685	558605	1305	1558	1393	1954.1875	3177.1875	3538.5625	3648	3876.375	3034.875	2024.25	vegetacion
512645	554145	1270	1527	1276	1783.9375	3598.5	4425.75	4876	4821.125	2798.25	1781.75	vegetacion
508815	553955	1259	1526	1298	1926.625	3386.625	3902.1875	3956	4214.375	2895.4375	1847.125	vegetacion
510375	554545	1275	1530	1282	1879.875	3543.625	4128.8125	4264	4429.3125	2803.3125	1811.4375	vegetacion
510415	560455	1241	1373	1209	1805.75	3476.6875	4188.5	3825	4538.8125	2714	1762.8125	vegetacion
515145	553325	1261	1466	1311	1856.3125	3405.25	3976.4375	3880	4381.1875	2924.6875	1875.9375	vegetacion
509095	554445	1260	1500	1264	1894.6875	3473.6875	3968.0625	4172	4321.8125	2813.4375	1809.4375	vegetacion
509235	554125	1319	1527	1328	1945.8125	3387.4375	3873.3125	3972	4199.125	2871.0625	1858.25	vegetacion
509355	555005	1258	1507	1277	1933.3125	3659.0625	4259.3125	4279	4605.9375	2832.3125	1796.875	vegetacion
512765	554205	1321	1566	1336	1875.125	3323.4375	3758.6875	4077	4128.0625	3049.375	1959.3125	vegetacion
510595	560655	1308	1624	1317	2034.9375	4184	5063.9375	5281	5355.1875	3118.3125	1937.1875	vegetacion
509395	554535	1306	1538	1332	1895.25	3133.25	3540.625	3687	3826.375	2867.875	1855.4375	vegetacion
509125	558475	1278	1455	1321	1881.875	3476.5625	4029.75	3770	4385.1875	2857.375	1833.625	vegetacion
508915	554245	1270	1511	1317	1907.4375	3549.4375	4108.1875	4100	4459.9375	2854.75	1810.125	vegetacion
517445	555185	1289	1562	1302	1965.125	3588.125	4157.75	4344	4511.5625	3059.5	1948.125	vegetacion
511745	559015	1297	1502	1311	1895.5625	3473.4375	4141.5625	4268	4477.0625	3021.6875	2012.5	vegetacion
517775	555505	1312	1582	1323	1878.125	3467.875	4082.75	4060	4399.6875	2838.6875	1792.0625	vegetacion
512785	554235	1347	1618	1412	1897.5	3582.1875	4124.125	4140	4412.25	3028.0625	1921.75	vegetacion
517875	555455	1281	1514	1249	1886.625	3659.5	4275.5625	4684	4693	2968.3125	1873.75	vegetacion
515155	553415	1284	1526	1317	1837.75	3569.75	4186.375	4248	4550.5625	2892.25	1843.25	vegetacion
511945	558685	1344	1616	1442	1928.625	3754.5625	4399.0625	4520	4743.4375	3095.0625	1989.3125	vegetacion
515935	555725	1255	1507	1232	1898.0625	3532	4051.4375	3760	4260	2775.1875	1773.625	vegetacion
509385	554245	1288	1524	1302	1872.5625	3428	3907.875	4111	4218.75	2803.625	1793.8125	vegetacion
508825	558285	1235	1465	1249	1881	3494.5	4044.6875	4133	4364.25	2839.1875	1821	vegetacion
508865	554185	1266	1497	1276	1887.625	3543.25	4157.25	4104	4490.25	2879.25	1792.4375	vegetacion
508955	558205	1248	1450	1259	1882.5625	3477.75	3955.0625	3823	4319.625	2860.8125	1834.625	vegetacion
510025	553965	1346	1522	1390	1882.1875	3231.9375	3673.375	3543	3990.5	2840.5625	1889.25	vegetacion
510305	554265	1272	1541	1292	1921.625	3703.125	4351.3125	4476	4733.9375	2896.4375	1817.0625	vegetacion
511845	558945	1251	1452	1287	1761.5	3629.0625	4356.0625	4477	4721.5625	2732.875	1780	vegetacion
515685	553955	1273	1491	1299	1857.9375	3300.3125	3770.75	3791	4138.5	2948	1934.6875	vegetacion
510075	553755	1464	1772	1610	2295.25	3617.8125	4023.6875	4044	4400	3309.25	2142.125	vegetacion
508755	554265	1318	1552	1358	1975.3125	3524.75	4027.75	3978	4349.25	2911.9375	1852.0625	vegetacion
512915	553985	1282	1492	1285	1821.75	3702.25	4491.6875	4604	4802.5625	2851.6875	1827.5	vegetacion
517745	555185	1284	1606	1284	1948.375	3980.25	4674.8125	5220	5039.9375	2944.75	1835.3125	vegetacion
508805	554475	1294	1532	1310	1911.5	3698.9375	4355.8125	4408	4679.9375	2813.3125	1768.375	vegetacion
508815	554095	1272	1528	1278	1926.625	3609.1875	4213.1875	4160	4485.5	2840.75	1799.5625	vegetacion
509045	553865	1264	1516	1288	1923.5	3560.4375	4141.875	4089	4491.625	2865.3125	1823	vegetacion
512355	554195	1320	1583	1325	1813.0625	3837	4479.9375	4386	4747.625	2820.75	1817.9375	vegetacion
517885	555445	1239	1456	1257	1871.4375	3560.0625	4115.875	3855	4519.5625	2919.8125	1861.1875	vegetacion
510445	560415	1262	1411	1245	1778.0625	3384.25	3993.5625	3832	4343.875	2767.9375	1823.6875	vegetacion
510375	554645	1298	1562	1298	1961.375	3578.3125	4101.8125	4196	4379.5625	2972.75	1887.6875	vegetacion
510045	554195	1270	1476	1263	1863.6875	3796.25	4417.1875	4564	4716.9375	2845.3125	1829.4375	vegetacion
510375	560525	1258	1532	1282	1909.5	3842.625	4707.875	4872	5069.5	2925.25	1847.375	vegetacion
511515	554215	1262	1492	1334	1843.75	3557.875	4150.125	4221	4376.5	2734.25	1808.875	vegetacion
509185	554315	1283	1501	1288	1848.0625	3308	3817.5	3835	4144.1875	2806	1798.6875	vegetacion
509545	554005	1315	1520	1314	1877.5625	3350.3125	3860	3956	4184.6875	2906.6875	1853.5	vegetacion
512905	553825	1279	1466	1305	1773.125	3234.75	3764.4375	3830	4103.25	2920.8125	1892.625	vegetacion
517595	555575	1262	1470	1298	1803.0625	3288.9375	3813.1875	3793	4142.6875	2782.625	1803.75	vegetacion
508765	553455	1302	1602	1396	2088.875	3513.0625	3993.5625	4296	4296.625	3052.5625	1945.875	vegetacion
509505	554855	1289	1529	1292	1903.8125	3442.4375	3964.25	4000	4301.9375	2747.625	1768.6875	vegetacion
515695	553945	1272	1476	1264	1816.1875	3304.75	3812.875	3890	4144.0625	2902.75	1891.875	vegetacion
510385	560075	1259	1500	1261	1767.3125	3373.875	4025.5625	4068	4416.9375	2704.875	1761.375	vegetacion
517815	554975	1283	1439	1298	1803.0625	3272	3840.8125	3724	4173.6875	2767.125	1791.6875	vegetacion
509075	558015	1322	1550	1338	1960.3125	3579.9375	4099.1875	4056	4376.6875	2926	1888.875	vegetacion
509135	558055	1352	1596	1398	2028.9375	3457.1875	3897.0625	3910	4150.0625	3010.9375	1957.1875	vegetacion
512735	554095	1234	1464	1245	1745.8125	3615.6875	4333.5625	4396	4654.5	2757.3125	1744.8125	vegetacion
511435	554505	1310	1558	1334	1902.9375	3934	4713.5625	4807	5060.5	2894.625	1846.8125	vegetacion
509455	554965	1294	1572	1313	1953.375	3577.375	4084.5	4217	4403.9375	2877.9375	1855.75	vegetacion
510485	554255	1294	1500	1339	1888.5625	3399.125	3974.875	3843	4307.75	3000.75	1930.9375	vegetacion
517705	554835	1378	1596	1479	1970.4375	3282.0625	3727.4375	3768	4063.5	3052	2028.25	vegetacion
509235	558075	1300	1510	1298	1901.0625	3477.25	3990.125	4044	4265.375	2926.3125	1888.875	vegetacion
510085	554705	1285	1553	1282	1920	3963.625	4744.9375	5008	5118.5625	3055.25	1889	vegetacion
509365	557995	1308	1558	1361	1980.625	3415.5625	3831.9375	3866	4170.8125	2978.5625	1929	vegetacion
511775	558425	1302	1536	1308	1773.9375	3687.25	4371.875	4688	4740.9375	3030.0625	1959	vegetacion
509535	554905	1293	1507	1332	1896.5	3532.0625	4112.4375	4198	4415.625	2823.375	1806.1875	vegetacion
509085	553405	1468	1688	1719	2228.1875	3232.875	3610.6875	3539	3997	3528.0625	2357.625	vegetacion
508585	558465	1291	1520	1324	1913.3125	3639.875	4213.1875	4264	4550.9375	2902.5	1869.5625	vegetacion
517275	554805	1286	1526	1293	1957.5	3862.0625	4498.25	4435	4926.125	2956.1875	1850.4375	vegetacion
510015	553845	1370	1824	1410	2356.3125	4200.625	4700.625	4808	5035.3125	3150.125	1929.8125	vegetacion
508935	558545	1312	1553	1387	1956.625	3394.1875	3849.6875	3822	4170.875	2945.75	1897.3125	vegetacion
508735	553335	1266	1500	1295	1894.0625	3335.625	3842.875	3820	4191.6875	2812.5	1803.3125	vegetacion
511645	554545	1254	1456	1266	1779.1875	3686.125	4357	4664	4735.0625	2710.4375	1733.625	vegetacion
510335	553865	1292	1571	1280	1965.4375	4034.5625	4624.625	4805	4941.25	2880.8125	1823.625	vegetacion
517405	555015	1282	1479	1302	1856.3125	3305.5625	3805.25	3814	4162.6875	2875.875	1840	vegetacion
509105	558165	1310	1539	1361	1980.3125	3482.0625	3949	3962	4275.625	2948.625	1906.6875	vegetacion
510425	554225	1288	1530	1294	1940.3125	3664.875	4244.3125	4280	4577.625	2871.5625	1811.625	vegetacion
517895	554925	1276	1498	1284	1922.5625	3622.6875	4216.0625	4228	4586.875	2893.5	1838.625	vegetacion
517755	555535	1268	1473	1260	1815	3532.625	4215.5	4216	4560.5625	2777.125	1772.125	vegetacion
510305	554315	1276	1520	1306	1952.875	3649.1875	4319.4375	4432	4685.4375	3013.625	1886.3125	vegetacion
510105	554375	1235	1447	1253	1834.875	4012.5	4684.9375	4700	4946.9375	2931.75	1837.125	vegetacion
509575	554785	1288	1543	1329	1921.9375	3498.25	4012	4037	4345	2895.4375	1829.625	vegetacion
517605	554805	1329	1578	1383	1952.375	3367.5	3825	4010	4174.6875	2996.1875	1947.625	vegetacion
517405	555465	1316	1513	1368	1966.0625	3378	3887.25	3814	4189.3125	2978.0625	1975.1875	vegetacion
510255	554975	1332	1562	1333	1943.25	3768.0625	4304.875	4448	4707.25	2973.75	1873.0625	vegetacion
515265	553585	1304	1544	1324	1832.3125	3462.1875	4032.9375	4054	4378.625	2855.3125	1857.9375	vegetacion
508965	558415	1259	1479	1281	1903.6875	3462.5625	3986.4375	3896	4283.875	2829.3125	1808.0625	vegetacion
509035	553485	1309	1585	1350	1963.1875	3369.375	3793.8125	3796	4088.9375	2895.375	1875.375	vegetacion
510175	554585	1342	1633	1412	2059.875	3812.5625	4349.375	4508	4802.125	3322.3125	2125.875	vegetacion
512385	554045	1292	1532	1310	1831.0625	3514	4119.4375	4292	4432.875	2895	1865.125	vegetacion
508925	553365	1259	1496	1268	1875.375	3240.25	3679.4375	3857	3942.0625	2784.75	1812.5	vegetacion
508755	553475	1258	1511	1278	1941.125	3490.1875	3982.25	4117	4335.625	2868.75	1817.625	vegetacion
512585	554105	1270	1464	1263	1722.6875	3399.625	4042.25	4139	4325.6875	2684.6875	1715.5625	vegetacion
510545	560315	1308	1580	1327	1955.3125	3767.375	4390.5625	4496	4742.8125	2994.6875	1893.5	vegetacion
510185	554995	1231	1497	1234	1860.6875	3796.9375	4659.6875	4433	4995.5625	2853.75	1804.3125	vegetacion
509065	553605	1298	1512	1296	1908.5625	3168.75	3594.3125	3513	3889.25	2876.25	1863.375	vegetacion
512915	553935	1268	1510	1267	1821.4375	3499.5625	4055.5	4297	4390.0625	2913.5	1841.25	vegetacion
510245	553995	1313	1637	1332	2032.6875	3589.375	4091.8125	4244	4413.0625	2790.6875	1782.375	vegetacion
508795	554275	1276	1485	1296	1977	3563.5625	4117.5625	4228	4395.8125	2977.625	1887.6875	vegetacion
510035	553815	1431	1842	1467	2347.8125	4052.4375	4532.1875	4804	4892.0625	3204.25	1992.125	vegetacion
510585	560745	1281	1509	1293	1903.25	3709.3125	4351.875	4396	4632.5	2995.5	1905.5	vegetacion
510445	555055	1237	1415	1255	1898.75	3496	4113.0625	3867	4439.625	2910.0625	1932.875	vegetacion
508735	558355	1328	1562	1387	1958.8125	3511.5625	4023.5625	3994	4330.875	2956.1875	1884.0625	vegetacion
517895	554965	1260	1460	1274	1838.9375	3650.125	4328.6875	4226	4735.0625	2911.3125	1838.9375	vegetacion
508975	554315	1278	1516	1287	1887.5	3544.6875	4138.125	4268	4470.875	2827.1875	1778.6875	vegetacion
508805	558435	1348	1562	1419	2007.0625	3258.375	3650.9375	3613	3952.3125	3025.9375	1985.0625	vegetacion
508755	558595	1302	1542	1340	1957.3125	3353.5	3770.625	4012	4042.25	2939.75	1951.125	vegetacion
510025	554165	1282	1514	1287	1832.0625	4070.1875	4930.5625	4920	5301.25	2898	1795.0625	vegetacion
510315	553895	1315	1508	1315	1916.4375	3782.875	4426.5	4050	4694.6875	2821.875	1796.8125	vegetacion
509555	554215	1331	1544	1363	1944.8125	3039.3125	3366.25	3452	3694.75	2990.25	1968.1875	vegetacion
517505	554665	1278	1510	1265	1843.625	3551.1875	4176	4355	4501.3125	2834.3125	1816.125	vegetacion
509285	554715	1296	1523	1326	1947.8125	3355.9375	3811.5625	4089	4179.6875	2891.5625	1870.1875	vegetacion
509185	554385	1278	1467	1292	1843.75	3277.5625	3726.6875	3666	4049.1875	2847	1830.0625	vegetacion
510455	560265	1288	1515	1298	1874.6875	3705.0625	4458.625	4445	4738.875	2841.125	1810.3125	vegetacion
517575	554855	1277	1488	1280	1886.6875	3368	3896.5	3853	4218.125	2822.3125	1834.5625	vegetacion
509255	554005	1282	1501	1297	1932.5	3316.125	3768.875	3766	4072.4375	2824.6875	1836.25	vegetacion
512395	554015	1302	1552	1319	1867.8125	3491.375	4061.5	4152	4413.125	2977.875	1899.0625	vegetacion
509255	554435	1262	1517	1280	1874.5625	3297.4375	3773.4375	3996	4109.375	2857.375	1826.8125	vegetacion
509095	558435	1294	1540	1352	2004.625	3479.5	3953.5	4020	4296.75	2987.5	1917.6875	vegetacion
509355	555115	1292	1508	1312	1911.875	3583.25	4149.3125	4205	4491.875	2855.875	1825.0625	vegetacion
510005	554085	1255	1548	1278	2020.8125	4188.5	4935.9375	5295	5367.3125	2909.6875	1821.125	vegetacion
515535	560045	1277	1491	1314	1849.6875	3241.6875	3762	3779	4033.375	2909.6875	1889.875	vegetacion
517445	554695	1266	1476	1281	1841.125	3428.25	4049.0625	4252	4402.6875	2854.75	1832.875	vegetacion
509615	554685	1264	1494	1282	1896	3585.6875	4139.3125	4112	4442.3125	2876.4375	1811.8125	vegetacion
510475	553785	1312	1550	1326	1981.5	4117.75	4713.375	4844	5039.75	2989.6875	1906.375	vegetacion
510235	554035	1268	1529	1267	1898.6875	3612.6875	4257.125	4387	4605.1875	2757.9375	1745.5	vegetacion
511525	554565	1252	1406	1243	1744.5625	3501.25	4269.3125	3946	4565.1875	2617.5	1710.125	vegetacion
510255	553755	1280	1544	1301	1991.375	3720	4263.5625	4443	4637.375	2953.25	1848.6875	vegetacion
509085	554475	1295	1552	1338	1935	3333.375	3790.1875	3774	4070.125	2858.25	1855.375	vegetacion
510055	554655	1300	1523	1287	1854.375	3768.9375	4518.75	4816	4880.6875	2812.6875	1777.8125	vegetacion
510545	560845	1270	1514	1299	1865.6875	3577.9375	4264.3125	4509	4583.8125	2905.0625	1863.25	vegetacion
510395	554295	1340	1611	1361	2024.625	3550.125	3995.625	4068	4304.5	3009	1919.9375	vegetacion
509245	554935	1276	1562	1308	1979.9375	3808.5625	4436.8125	4512	4747.75	2935.5	1850.6875	vegetacion
509985	554625	1298	1528	1302	1882.1875	3748.625	4401.375	4394	4769.5	2873.375	1810.9375	vegetacion
509315	553925	1302	1562	1340	1974.0625	3355.875	3770.1875	3756	4074.625	2902.0625	1878.75	vegetacion
517675	555335	1265	1448	1252	1777.625	3346.5625	3988.9375	3954	4312.4375	2691.375	1736.8125	vegetacion
511955	558645	1289	1522	1340	1859.125	3522.625	4044	4224	4496.9375	2980.75	1950.6875	vegetacion
508815	553975	1281	1526	1321	1946.5625	3501.8125	4038.75	4165	4410.875	2910.75	1847.4375	vegetacion
510215	554035	1294	1612	1313	2019.5625	3775.3125	4357.8125	4676	4744.1875	2877.625	1796.5625	vegetacion
510535	554715	1298	1544	1284	1943.9375	3766.8125	4465.3125	4309	4810.25	2876.875	1857.5	vegetacion
510355	554035	1258	1510	1288	1900.9375	3651.375	4212.125	4305	4530.875	2881.75	1827	vegetacion
511945	554615	1298	1547	1312	1894.875	3773.0625	4364.9375	4592	4719.9375	2867.875	1827.875	vegetacion
508895	554025	1304	1533	1340	1910.75	3313.0625	3771.0625	3751	4096.6875	2874.9375	1863.6875	vegetacion
509165	555025	1286	1520	1308	1946.9375	3589.875	4136.625	4173	4446.5	2785.8125	1793.0625	vegetacion
509455	554185	1297	1535	1349	1939.0625	3225.625	3627.25	3670	3957.0625	2896.9375	1871.3125	vegetacion
517645	554965	1276	1466	1291	1799.125	3267.0625	3837.875	4018	4198.875	2848.625	1830.5625	vegetacion
509215	554455	1302	1518	1338	1871.75	3113.5	3542.875	3614	3854.5	2855.25	1851.5	vegetacion
510025	554105	1342	1572	1352	1987.875	4158	4910.8125	4784	5186.5	2933.25	1852	vegetacion
508985	558355	1284	1538	1312	1931.125	3444.3125	3930.375	4104	4259.3125	2897.125	1872.5	vegetacion
509345	553855	1300	1534	1313	1934.5	3436.625	3886.875	3840	4202.875	2855.4375	1847.25	vegetacion
515445	560005	1348	1584	1415	2003.125	3385.625	3795.625	3699	4107.6875	3072.75	2030	vegetacion
508965	553615	1284	1556	1327	1967.0625	3521.125	3985	3965	4292.75	2877.125	1851.4375	vegetacion
511895	554715	1288	1524	1313	1822.875	3526.375	4128.3125	4433	4490.625	2830.375	1832.5	vegetacion
509335	553905	1300	1536	1343	1931.5	3359.375	3823.625	3931	4162.75	2898.6875	1873.4375	vegetacion
515115	553045	1294	1574	1321	1937.3125	3795.125	4458.875	4597	4787.75	3016.75	1917.875	vegetacion
509225	558025	1307	1512	1330	1904	3470.75	3960.875	4086	4256.375	2946.9375	1901.8125	vegetacion
511725	558715	1360	1556	1380	1961.875	3410.375	3942.8125	4385	4325.25	3240.5625	2154.875	vegetacion
509945	554595	1266	1478	1269	1869.875	3807.875	4542.5625	4576	4865.9375	2850.4375	1780.1875	vegetacion
509495	554245	1279	1532	1293	1934.1875	3442.3125	3887.625	4066	4202.5625	2837.625	1819.5625	vegetacion
509055	554345	1330	1552	1327	1909.3125	3422	3908.5625	3966	4263.0625	2876.125	1839.9375	vegetacion
510195	554285	1264	1546	1323	2022.6875	3835.9375	4395.75	4259	4769.9375	3137.375	1969.5	vegetacion
508925	558435	1265	1475	1291	1893.625	3347.5625	3812.125	3833	4115.1875	2846.3125	1835.3125	vegetacion
510675	554605	1323	1528	1344	1884.6875	3689.0625	4368.25	4547	4684	2858.5625	1856.5	vegetacion
509185	554015	1269	1483	1305	1887.875	3194.8125	3592.8125	3547	3943.5625	2818.6875	1835.625	vegetacion
509595	554595	1340	1574	1381	1991.625	3318.6875	3741.375	3719	4070.8125	3016.0625	1936.4375	vegetacion
510085	554105	1292	1594	1316	1971.375	4071.75	4805.875	5017	5181.875	2911.6875	1831.75	vegetacion
515145	552975	1314	1545	1310	1943.625	3807.625	4464.3125	4565	4838	2986.875	1888.75	vegetacion
508885	554055	1302	1547	1327	1965.375	3451.5	3932.8125	4006	4236.0625	2942.0625	1870.75	vegetacion
512375	554035	1325	1588	1374	1862.5625	3520.5	4128.9375	4354	4460.375	2919.5	1877.125	vegetacion
508925	554035	1270	1498	1299	1957.6875	3405.375	3848.5	3879	4162.875	2908.125	1861.4375	vegetacion
508875	558245	1284	1534	1306	1931.75	3670.5625	4245.75	4400	4557.75	2880.5625	1844.4375	vegetacion
509095	554265	1286	1532	1304	1917.0625	3514.5	4038.25	4115	4412	2895.625	1835.25	vegetacion
509695	554835	1373	1647	1486	2114.8125	3561.4375	4000.875	4009	4358.9375	3192.75	2046.75	vegetacion
508915	554325	1280	1513	1287	1871.625	3609.8125	4180.3125	4111	4585.75	2820.4375	1755.375	vegetacion
509365	558025	1311	1552	1360	1974.4375	3587.125	4087.3125	4089	4400.3125	2979.6875	1895.25	vegetacion
510325	554765	1285	1586	1312	2030.75	3746.25	4288	4247	4630.9375	3054.75	1916	vegetacion
510315	554695	1245	1523	1296	1908.375	3378.75	3885.6875	3824	4195.875	2869.8125	1860.0625	vegetacion
515255	553485	1268	1486	1279	1838.625	3354.0625	3898.9375	4089	4256	2867.125	1856.375	vegetacion
508945	554505	1287	1526	1346	1942.875	3455.5625	3975.9375	3967	4283.5	2905.4375	1870.1875	vegetacion
517395	555335	1290	1464	1312	1809.6875	3473.875	4061.625	3998	4437.5	2848	1823.9375	vegetacion
510305	554825	1292	1597	1368	2079.25	3637.625	4163.9375	4152	4485.8125	3105.9375	1978.375	vegetacion
515475	553685	1340	1628	1430	2134.8125	3492.25	3896.75	4157	4244.8125	3229.9375	2136.75	vegetacion
509195	554065	1292	1524	1312	1934.5	3395.9375	3801.5	3874	4066.75	2857.3125	1846.125	vegetacion
517575	555275	1312	1585	1314	1951.75	3445.875	3989.4375	4152	4313.625	2925	1845	vegetacion
510405	560455	1198	1386	1221	1799.5625	3512.6875	4272.625	4061	4609.375	2735.3125	1771.875	vegetacion
517265	554825	1291	1578	1299	1965.6875	3900.6875	4612.125	4836	4985.3125	2954.0625	1856.375	vegetacion
517825	555385	1308	1542	1334	2003	3511.9375	4031.25	3917	4387.0625	3092.3125	1980.5625	vegetacion
512805	554075	1289	1528	1284	1820.0625	3939.375	4851.5	5053	5241.1875	2942.0625	1854.8125	vegetacion
511845	558725	1239	1434	1230	1739.125	3685.4375	4526.4375	4419	4847.625	2746.125	1748.4375	vegetacion
509565	554925	1297	1494	1310	1850.375	3189.25	3615.125	3638	3972.8125	2812.125	1819.1875	vegetacion
511795	554795	1263	1526	1289	1800.0625	3561.4375	4301	4501	4518.6875	2701.8125	1769.375	vegetacion
510235	554485	1334	1623	1352	2084.375	3910.9375	4369.6875	4471	4714.0625	3081.125	1961.875	vegetacion
517585	555655	1244	1532	1274	1890.5625	3750.4375	4410.3125	4604	4765.75	2811.625	1779.375	vegetacion
510195	554385	1257	1500	1293	1847.5625	4052.625	4708.1875	4737	4965.5625	2874.9375	1818.8125	vegetacion
509945	554395	1282	1564	1257	1918.9375	4255.625	5072.6875	5365	5410.8125	2920.1875	1799.25	vegetacion
508885	553905	1289	1512	1317	1913.625	3417.9375	3921.0625	4008	4246.5	2867.75	1826.3125	vegetacion
510355	560405	1261	1491	1265	1889.625	3744.875	4594.8125	4382	5019.5625	3001.4375	1916.625	vegetacion
516195	555915	1276	1522	1322	1863.4375	3619.8125	4276.4375	4256	4601.8125	2956.5	1913.25	vegetacion
508655	558585	1301	1520	1356	1925.625	3232.5	3669.0625	3857	3960.625	3007.875	1978.1875	vegetacion
511685	554475	1261	1432	1278	1805.125	3605.75	4314	4220	4633.8125	2857.625	1831.6875	vegetacion
512775	554175	1356	1564	1441	1901.875	3240.75	3676.75	3651	4026.75	3103.3125	2018.625	vegetacion
508965	558655	1298	1500	1327	1924.375	3410.125	3906	3806	4205.8125	2870	1874.375	vegetacion
512615	554055	1314	1502	1326	1857.9375	3352.0625	3864.375	3780	4197.625	2909.375	1877.875	vegetacion
508885	554075	1282	1545	1315	1987.25	3506.5	3956.25	3943	4273.875	2950.125	1868.625	vegetacion
510395	554445	1240	1468	1256	1836.9375	3449.6875	4015.0625	4128	4340.625	2820	1815.3125	vegetacion
515635	553815	1274	1491	1311	1874.1875	3237.625	3697.4375	3818	4095.375	2986.9375	1937.9375	vegetacion
510345	553745	1279	1546	1299	1887.75	3645.125	4271.4375	4343	4659.8125	2883.0625	1834.3125	vegetacion
509265	553875	1317	1539	1360	1938.1875	3419.875	3914.5625	3976	4257.6875	2873.0625	1846.6875	vegetacion
510435	561395	1304	1595	1305	1898.1875	3878.3125	4899.6875	5100	5295.625	3013.0625	1925.4375	vegetacion
510005	553735	1381	1712	1398	2184.8125	4038.5625	4544.5	4544	4861.375	3123.4375	1928.9375	vegetacion
510495	554665	1299	1524	1334	1892.3125	3300.0625	3804.125	3873	4138.4375	2948.75	1892.4375	vegetacion
511815	554585	1234	1467	1237	1813.5625	3634.3125	4231.125	4256	4533.5	2842.8125	1808.9375	vegetacion
509555	554285	1301	1516	1324	1887.6875	3295.1875	3796.1875	3746	4114.875	2858.375	1830.125	vegetacion
512465	554145	1284	1499	1301	1777.75	3479.125	4081.9375	4220	4416.1875	2693.25	1735.9375	vegetacion
517495	554985	1248	1478	1279	1828.4375	3305.3125	3792.5	3867	4127.4375	2906.5625	1874.375	vegetacion
510395	554115	1280	1544	1310	1949.125	3745.375	4356.9375	4508	4655.5	3006.375	1893.8125	vegetacion
515125	552955	1300	1560	1339	1912.25	3458.625	4012.5	3998	4378.25	2898.125	1858.375	vegetacion
510065	553935	1275	1567	1270	2038	4082	4695.75	4699	5022.5625	2907.9375	1794.625	vegetacion
508735	558485	1294	1516	1333	1921.5625	3422.75	3929.8125	3975	4244.1875	2886.625	1858.375	vegetacion
509515	554005	1288	1498	1322	1893.3125	3203.5	3692.1875	3728	3969.625	2934.25	1893.4375	vegetacion
510695	554565	1289	1538	1276	1900.4375	3960.5625	4708.1875	4703	5021.4375	2955.5	1876.125	vegetacion
510315	554395	1264	1478	1254	1976.625	4149.9375	4770.5	4736	5209.75	3087.0625	1888.3125	vegetacion
510075	554875	1240	1428	1248	1796.9375	3563.8125	4461.75	4357	4947	2722	1741.3125	vegetacion
509335	554885	1251	1498	1271	1882.5	3639.1875	4215.0625	4163	4586.3125	2809.8125	1786.4375	vegetacion
509475	555095	1282	1480	1293	1904.1875	3680.9375	4323.625	4418	4643.625	2873.3125	1816.5625	vegetacion
510395	554805	1298	1517	1309	1917.5	3591.6875	4142.6875	4264	4444.4375	2959	1889.5	vegetacion
508715	558225	1334	1547	1433	1954.25	3271.75	3726.5	3687	4047.9375	3000.9375	1978.75	vegetacion
509295	554105	1273	1579	1304	1964.25	3661.625	4189.5625	4388	4509.5625	2875.3125	1815.8125	vegetacion
512835	553615	1305	1506	1304	1839.4375	3679.1875	4332.25	4340	4696.0625	2789.8125	1782.9375	vegetacion
509475	554665	1300	1526	1313	1964.625	3546.8125	4074.4375	4045	4382.5	2930.5	1862.4375	vegetacion
509385	558215	1319	1600	1385	2053.375	3475.375	3908.3125	3941	4196.625	3000.4375	1948.25	vegetacion
509185	558235	1286	1559	1333	2016.3125	3459.1875	3844	4160	4193.625	3026.75	1964.6875	vegetacion
509535	554195	1287	1544	1350	1966.5	3172.375	3547.9375	3574	3869	2967.4375	1924.5	vegetacion
509315	554235	1281	1551	1291	1954.25	3476.125	3929.0625	4144	4249.0625	2863.9375	1846.1875	vegetacion
509525	554375	1330	1560	1383	1938.25	3126	3516.6875	3686	3791.1875	2922.8125	1937.125	vegetacion
515795	553995	1270	1478	1271	1782.1875	3372.1875	3873.5625	3978	4187.3125	2827.0625	1837	vegetacion
511805	558515	1314	1511	1308	1882.875	3647.75	4355.0625	4087	4670.6875	2891.875	1835.0625	vegetacion
509005	554255	1266	1478	1274	1853	3545.625	4146.4375	4231	4457.125	2830.125	1783.5625	vegetacion
508945	558255	1315	1472	1342	1880.4375	3352.5625	3845.25	3847	4205.5625	2853.5625	1858.3125	vegetacion
511895	558865	1232	1393	1242	1701.6875	3454.5	4115.9375	4051	4428.5625	2669	1725.75	vegetacion
509385	554945	1274	1510	1244	1909.875	3848.4375	4576.5625	4704	4919.1875	2881.625	1795.125	vegetacion
515575	553765	1290	1538	1318	1908.9375	3449.9375	3994.5625	4297	4331	3019.25	1954.8125	vegetacion
509515	553875	1304	1547	1323	1933.75	3483.75	3938.125	3968	4285.4375	2883.3125	1844.0625	vegetacion
509425	553735	1274	1488	1289	1888.6875	3408.875	3879.5	4094	4214.625	2884.5625	1846.1875	vegetacion
512725	553865	1260	1504	1278	1797.4375	3395.9375	3970	4131	4322.375	2804.875	1801.5625	vegetacion
516075	555705	1270	1493	1253	1868.9375	3583.4375	4207.625	4284	4490.3125	2914.3125	1847.125	vegetacion
509605	554685	1254	1512	1284	1882.3125	3545.625	4074.75	4320	4388.0625	2856.6875	1796.3125	vegetacion
510335	553895	1276	1542	1304	1922.375	3857.25	4447.125	4504	4765.9375	2867.375	1814.5625	vegetacion
509315	558385	1308	1636	1365	2119.125	3538.3125	3939.1875	4107	4221.9375	3151	2018.5625	vegetacion
514985	553275	1266	1482	1331	1889.875	3248.9375	3684.5625	3634	4029.375	2962.4375	1921.4375	vegetacion
510055	553665	1332	1640	1352	2078.875	4024.875	4656.75	4765	5018.9375	3100.25	1915.625	vegetacion
514925	562015	1305	1558	1330	1820.625	3422.75	3932.25	4028	4236.0625	2888.375	1875.9375	vegetacion
508925	554115	1244	1496	1306	1855.3125	3397.875	3892.5625	3885	4189.5625	2794.625	1794.6875	vegetacion
509095	554155	1294	1501	1311	1896.1875	3282.875	3736	3754	4063.1875	2817.8125	1823.875	vegetacion
508995	558295	1292	1508	1306	1870.375	3378.75	3872.5	3957	4170.125	2767.9375	1810.5625	vegetacion
510545	560895	1324	1594	1360	1915.9375	3580.875	4238.0625	4720	4566.875	2934.375	1877.4375	vegetacion
509285	553915	1298	1540	1328	1927.4375	3274.1875	3673.75	3668	3958.375	2864	1857	vegetacion
509485	554745	1320	1562	1347	1958.875	3605.5625	4174.9375	4260	4456.75	2879.5	1839.375	vegetacion
509285	557995	1276	1501	1312	1885.375	3311.625	3790.875	3942	4076.6875	2933	1894.375	vegetacion
509085	554375	1262	1484	1304	1878.1875	3335.4375	3781.0625	3771	4122.25	2845.75	1825.1875	vegetacion
510195	554695	1276	1512	1283	1879.3125	3940.1875	4783.5625	4675	5102.25	2950.0625	1839.0625	vegetacion
512905	554005	1311	1536	1304	1801.6875	3576.875	4314.125	4580	4654.9375	2808.9375	1795.5	vegetacion
509155	553895	1287	1548	1327	1918.125	3406.125	3872.5625	3899	4205.75	2859.1875	1846.0625	vegetacion
509345	555095	1289	1520	1311	1892.3125	3384.6875	3926.375	3964	4210.25	2818.5	1807.875	vegetacion
511545	554295	1266	1538	1257	1951	3951.375	4585.0625	4541	4883.125	2991.4375	1879.375	vegetacion
509395	558315	1331	1618	1404	2053.1875	3430.875	3867.625	3841	4130.9375	3098.5625	2038.625	vegetacion
515685	560095	1282	1508	1332	1828.6875	3178.8125	3696.9375	3831	3952.8125	2774.875	1848.625	vegetacion
509115	554435	1273	1476	1295	1883.25	3415.375	3944.0625	3906	4311.75	2828.8125	1799.8125	vegetacion
509075	554155	1244	1486	1286	1890.0625	3360.5625	3872.625	3845	4152	2804.1875	1785.75	vegetacion
517365	555315	1267	1456	1281	1859.25	3506.0625	4118.6875	3939	4482.25	2977.9375	1879.125	vegetacion
509105	558375	1275	1511	1298	1924.875	3474.3125	3953.375	3963	4254.6875	2873.1875	1848.6875	vegetacion
509415	555095	1324	1572	1336	1958.25	3469.1875	3954.9375	4104	4255.5625	2867.3125	1826.4375	vegetacion
511955	554705	1267	1497	1270	1862.6875	3914.875	4565.3125	4724	4876.1875	2834.5625	1806.5625	vegetacion
508915	553785	1278	1508	1308	1901.6875	3461.6875	3987.75	3965	4279	2873.0625	1823.625	vegetacion
510385	553735	1288	1490	1301	1939	3640.0625	4205.125	4256	4557.4375	2972.6875	1931	vegetacion
510235	553845	1292	1572	1292	2033.375	3929.9375	4500.0625	4508	4833.9375	2906.875	1808.3125	vegetacion
512805	554125	1258	1438	1263	1779.3125	3573.875	4223.6875	4127	4561.5	2869.625	1840.0625	vegetacion
517745	555295	1325	1537	1363	1949.5	3409.9375	3882.9375	3820	4202.4375	2939.5625	1908	vegetacion
517295	554665	1276	1468	1319	1829.125	3196.875	3685	3732	4000.25	2883.75	1872	vegetacion
512395	554195	1284	1532	1291	1823.625	3773.875	4440.6875	4929	4776.375	2927.625	1873.625	vegetacion
517505	555705	1265	1480	1287	1851.75	3658.875	4350.125	4067	4697.75	2788.5	1790.0625	vegetacion
509595	554235	1320	1538	1382	1923.625	3133.5625	3539.0625	3512	3866.125	2925.875	1906.875	vegetacion
510415	554695	1310	1600	1370	2048.4375	3304.4375	3716.125	3735	4013.25	3176.0625	2088.375	vegetacion
509315	554955	1266	1529	1249	1915.5	3815.1875	4456.375	4607	4800.8125	2843.6875	1765.0625	vegetacion
511795	558465	1324	1548	1357	1864.3125	3663	4354.875	4395	4714.0625	2938.4375	1877.9375	vegetacion
514875	562035	1302	1521	1339	1835.3125	3326.9375	3811	3819	4116.0625	2822.375	1867.875	vegetacion
512445	554195	1294	1543	1326	1826.625	3661.1875	4299.3125	4264	4620.125	2869.25	1859.4375	vegetacion
517625	554865	1280	1464	1283	1866.8125	3419.9375	3934.0625	3961	4280.125	2978.375	1899.4375	vegetacion
509025	554105	1331	1554	1375	2011.5	3512	3972.3125	3879	4264.125	3004.375	1907.0625	vegetacion
511615	554275	1271	1494	1316	1863.75	3824.75	4461.5	4275	4790.75	2949.0625	1902.375	vegetacion
512755	554315	1256	1505	1243	1709.4375	3532.125	4249.8125	4216	4559.375	2748.3125	1730.3125	vegetacion
516305	555695	1290	1560	1297	1942.0625	3707.5	4291.5625	4289	4598.5625	2965.125	1913.3125	vegetacion
509275	554265	1283	1493	1289	1906.6875	3351.5625	3792.625	3957	4113.8125	2843.0625	1836.125	vegetacion
517795	554875	1312	1570	1373	1973	3377.75	3845.3125	3986	4193.25	3048.375	1978.125	vegetacion
510485	554545	1266	1472	1296	1799.9375	3502.0625	4094.875	4140	4449.125	2828.25	1812.75	vegetacion
517875	555435	1252	1506	1293	1884.4375	3630.5625	4227.875	4188	4595.0625	2962.8125	1879.1875	vegetacion
508955	553965	1343	1580	1429	2011.9375	3319.875	3687.4375	3585	3977.3125	2993.0625	1970.125	vegetacion
509955	554075	1297	1540	1318	1891.625	3420.25	3974.125	4117	4355.1875	2904.4375	1862.625	vegetacion
517465	555215	1283	1525	1292	1867	3453.0625	4009.25	4300	4370.4375	2926.9375	1863.9375	vegetacion
515725	560165	1276	1538	1330	1815.5	3417.1875	4052.625	4216	4403.5	2784.375	1810.625	vegetacion
508735	554025	1261	1520	1316	1924.9375	3599	4169.5	4106	4479.4375	2861	1797.25	vegetacion
508865	558295	1296	1528	1334	1926.4375	3469.0625	4015.125	3990	4299.125	2885.25	1860.1875	vegetacion
510365	554565	1304	1527	1330	1914.4375	3469.5	4030.3125	4011	4332.625	2838.5	1845.625	vegetacion
510515	560845	1346	1574	1369	1927.9375	3798.0625	4594.5	4763	4896	2998.4375	1902.25	vegetacion
510345	554525	1287	1542	1284	1917.5625	3905.6875	4683	4747	5072.1875	2961.875	1852.375	vegetacion
510025	553775	1373	1792	1406	2288.375	3977.4375	4432.75	4415	4780.875	3139.9375	1965.625	vegetacion
509055	554405	1261	1483	1281	1848	3308.0625	3809.375	3748	4093.375	2765.125	1784.3125	vegetacion
508685	554125	1276	1532	1294	1950.5	3556.125	4141.5625	4239	4519.9375	2859.3125	1773.3125	vegetacion
511975	558835	1266	1478	1275	1850.1875	3676.0625	4361.5	4552	4697.75	2834.25	1885.6875	vegetacion
517565	555595	1253	1486	1259	1866.3125	3477.6875	4071.8125	4112	4396.75	2838.125	1805.5625	vegetacion
509305	554585	1300	1492	1310	1860.6875	3249.9375	3699.6875	3784	3995.4375	2796.1875	1804.6875	vegetacion
509295	554585	1270	1488	1262	1842.5625	3216.8125	3700.5625	3754	4000.3125	2776.5625	1792.5625	vegetacion
515475	553745	1292	1546	1308	1968.375	3561.3125	4068.5625	4215	4405.75	2990.875	1924.875	vegetacion
510075	554615	1257	1546	1268	1881.875	3675.0625	4225.5	4664	4702.875	2738.75	1742.5	vegetacion
509325	553705	1327	1558	1359	1957.6875	3318.5	3718.3125	3659	3998.125	2947.875	1919.0625	vegetacion
510105	554415	1267	1504	1272	1910.75	3883.875	4449.0625	4552	4746.4375	2957.25	1882.5625	vegetacion
510095	554545	1251	1530	1250	1916.25	3976	4700.625	5061	4983.75	2864.3125	1774.75	vegetacion
508955	554135	1242	1470	1264	1842.625	3422.75	3936.6875	3987	4295.8125	2803.3125	1803.3125	vegetacion
515855	555675	1385	1623	1435	2073.375	3431.375	3796	3698	4130.5	3033.8125	2006	vegetacion
510015	554605	1287	1543	1278	1894.375	3855.6875	4513.6875	4776	4806.875	2870.375	1801.4375	vegetacion
515145	553025	1316	1548	1311	1911.4375	3932.8125	4700.0625	4819	5066.625	3039.125	1918.0625	vegetacion
511785	558715	1277	1495	1293	1753.375	3309.6875	3931.125	4204	4309.6875	2566.125	1672.9375	vegetacion
512735	553925	1267	1528	1297	1767.375	3350.3125	3935.5625	4090	4248.125	2722.875	1761.875	vegetacion
510535	554315	1276	1515	1333	1883.9375	3411.125	3939.5625	3970	4291.125	2955.625	1901.3125	vegetacion
517455	555525	1327	1536	1356	1936.5	3271.625	3715.75	3737	4049.3125	2895.6875	1924.5	vegetacion
515225	553475	1294	1490	1276	1867.5625	3551	4109.9375	4240	4504.125	2948.375	1893.3125	vegetacion
510225	555085	1256	1539	1286	1969.5625	4045.75	4837.6875	4748	5155.625	3050.5	1964.5625	vegetacion
509985	554695	1328	1550	1311	1851.5625	3623.8125	4257.9375	4652	4667.4375	2805.25	1802.375	vegetacion
510275	555035	1272	1496	1278	1914.1875	3917.75	4583.625	4616	4851.75	2914.125	1860.4375	vegetacion
509025	554475	1254	1490	1270	1916.5	3497.75	4027	4165	4370.8125	2812.6875	1790.0625	vegetacion
511855	554495	1276	1490	1330	1829.3125	3241.4375	3723	3751	4027	2953.8125	1915.625	vegetacion
509415	553705	1307	1549	1358	1942.8125	3232.6875	3638.9375	3646	3978.5625	2957.3125	1915.125	vegetacion
517375	554945	1256	1468	1285	1845.5625	3452.375	4069.75	4156	4436.0625	2908.1875	1843.0625	vegetacion
515685	553995	1400	1645	1578	2037.875	3128.875	3520	3509	3863.125	3153.75	2119.625	vegetacion
515345	553695	1284	1544	1366	1934.3125	3500.6875	4049	4019	4407.8125	3039.75	1962.375	vegetacion
509315	554105	1294	1547	1306	1948.8125	3590.9375	4136.8125	4248	4422.0625	2864.1875	1819.5625	vegetacion
511505	554415	1256	1449	1268	1774.6875	3517.75	4193.25	3721	4447.75	2641.6875	1733.25	vegetacion
508995	553485	1265	1526	1303	1882.8125	3551.9375	4176.25	4104	4491.75	2794.1875	1782.5625	vegetacion
510315	554775	1296	1594	1299	2064.0625	3735	4213.9375	4364	4544.25	3090.125	1951.375	vegetacion
508825	554225	1419	1662	1571	2116.375	3298.5625	3753.625	3644	4113	3227.4375	2086.3125	vegetacion
510035	554175	1280	1474	1272	1801.4375	3878.9375	4692.6875	4784	5089.625	2845.0625	1782.625	vegetacion
508565	558625	1256	1492	1257	1883.6875	3487.4375	4045.5	4116	4335.75	2859.6875	1830.8125	vegetacion
510305	553755	1300	1554	1303	1915.75	3672.75	4210.25	4388	4553.1875	2860.0625	1801.5625	vegetacion
512855	554205	1234	1472	1263	1781.875	3757	4469.875	4527	4782.375	2848.75	1811.6875	vegetacion
510435	560625	1304	1520	1344	1956.875	3679.25	4374.0625	4078	4791.5625	3133.3125	2008.1875	vegetacion
509535	554145	1349	1600	1407	1997.375	3155.4375	3502.1875	3487	3817.25	3023.625	1980.5	vegetacion
509975	554665	1320	1542	1326	1905.8125	3756.25	4492.0625	4671	4819.125	2867.125	1820.5625	vegetacion
509965	554115	1292	1528	1314	1838.0625	3468.3125	4062.6875	4152	4389.75	2879.3125	1830.9375	vegetacion
509025	554665	1300	1543	1328	1958.625	3494.75	4021.0625	4124	4345.9375	2858.6875	1801.8125	vegetacion
511895	558695	1248	1439	1258	1806.125	3711.0625	4489.1875	4417	4822.25	2870.5	1843.125	vegetacion
511555	554725	1269	1572	1304	1925.375	3956.25	4865.125	5176	5291.8125	2978.1875	1918.75	vegetacion
515375	553645	1378	1694	1481	2136.375	3652.1875	4107.5	4308	4492	3257.6875	2108.6875	vegetacion
509025	558015	1284	1535	1304	1947.625	3893.5625	4461.8125	4564	4871.1875	2781.5625	1801.4375	vegetacion
511455	554525	1246	1502	1250	1865	4060.25	4777.1875	4795	5150.5	2874	1828.75	vegetacion
511745	558775	1259	1494	1257	1833.9375	3386.125	3960	4069	4310.875	2624.6875	1725.8125	vegetacion
508985	558335	1269	1491	1306	1902.25	3400.625	3877.875	3808	4172.75	2847.8125	1841.25	vegetacion
511875	558915	1258	1418	1306	1794.3125	3473.375	4113	3857	4452.5625	2818	1851.4375	vegetacion
510415	561105	1318	1618	1316	1932.375	3915.5	4801.6875	4965	5170.625	2963.875	1888.1875	vegetacion
517695	554925	1262	1556	1276	1909.6875	3939.25	4658.8125	4900	4997.25	2899.875	1811.625	vegetacion
517725	555435	1270	1502	1282	1829.5625	3586.875	4246.75	4140	4603.1875	2799.5625	1792.6875	vegetacion
508905	553755	1306	1555	1362	1987.5625	3478.625	3986.375	3873	4287	2948.1875	1877.8125	vegetacion
509175	554535	1245	1536	1270	1888.5	3619.5625	4189.6875	4509	4534.5625	2818.25	1785.6875	vegetacion
511875	558645	1276	1457	1295	1861	3607.5625	4261.375	4040	4638.4375	2997.9375	1929.125	vegetacion
510165	554545	1287	1546	1321	2004.125	3941.3125	4527.6875	4829	4908.9375	3022.125	1941.1875	vegetacion
510175	554115	1269	1518	1274	1923.5625	3757.25	4434.5	4328	4707.375	2904.75	1807	vegetacion
516205	555745	1229	1459	1253	1842.375	3593.5625	4217.875	4111	4561.1875	2845.9375	1796.0625	vegetacion
510265	553975	1285	1608	1324	2014.6875	3537.0625	4002.8125	3954	4290.5625	2727	1774.75	vegetacion
509425	554835	1298	1547	1306	1960.125	3656.875	4193.1875	4380	4536.625	2829.6875	1797.125	vegetacion
510475	554515	1264	1499	1272	1889.625	3828.25	4524.875	4597	4862.1875	2915.6875	1817.875	vegetacion
510515	554565	1300	1492	1318	1808.4375	3240.1875	3772.5625	3855	4077	2817.1875	1826.4375	vegetacion
509475	554955	1298	1572	1364	1973.5625	3449.25	3881.25	3850	4216.5625	2827.125	1829.25	vegetacion
510315	554585	1292	1588	1329	1969.3125	3984.875	4735.8125	4739	5101.875	3077.25	1909.875	vegetacion
508995	558055	1263	1485	1296	1886.25	3442.8125	3998	4085	4335.1875	2834.5625	1845.9375	vegetacion
517655	555205	1249	1523	1251	1942.625	3931.75	4612.4375	4716	5006	2966.625	1850.875	vegetacion
517495	555295	1273	1490	1278	1857.5	3678.25	4363.375	4472	4715.5	2869.1875	1821	vegetacion
510285	553955	1324	1593	1335	1998.8125	3584.875	4129.4375	4190	4441.4375	2732.875	1766.875	vegetacion
508945	553635	1262	1520	1312	1908.375	3674.0625	4303.375	4300	4652.375	2861.125	1808.625	vegetacion
510595	554525	1262	1509	1331	1858.625	3539.5	4108.75	4132	4478.5625	2876.875	1859.8125	vegetacion
509285	553965	1301	1542	1352	1963.3125	3338	3746.0625	3788	4041.375	2887.1875	1866.8125	vegetacion
509175	558125	1306	1532	1335	1971.8125	3479.875	3952.5	4146	4238.375	2986.8125	1927.4375	vegetacion
517455	555355	1324	1488	1336	1828.625	3212.6875	3698.8125	3575	3978.5	2784.9375	1830.875	vegetacion
514805	561965	1262	1454	1278	1783.125	3316.75	3889.4375	3872	4199.375	2782.3125	1812.125	vegetacion
510435	560615	1312	1551	1324	1951.625	3775.75	4561.1875	4400	4839.1875	3066.4375	1963.0625	vegetacion
508925	553505	1265	1510	1272	1862.0625	3583.375	4179.3125	4363	4496.375	2789.4375	1766.1875	vegetacion
509415	554135	1339	1561	1350	1927.3125	3193	3590.3125	3620	3875.25	2897.375	1887	vegetacion
515375	553875	1322	1539	1346	1918.125	3513.5	4052	4022	4436.75	3014.25	1949.625	vegetacion
510095	554575	1249	1434	1240	1857.1875	3709.1875	4332.75	4170	4693.625	2793.3125	1762.75	vegetacion
511815	558755	1277	1505	1288	1856.1875	3787.625	4688.4375	4848	5104.5	2772.8125	1778.5625	vegetacion
517635	555355	1235	1506	1246	1865.1875	3921.125	4723	4980	5107.375	2886.875	1817.5	vegetacion
512715	553955	1283	1522	1305	1803.125	3361.875	3911.25	3907	4244.8125	2852.375	1837.1875	vegetacion
508905	554225	1267	1500	1304	1887.75	3425.6875	3958.3125	3953	4293.125	2856.625	1815.5625	vegetacion
510565	560815	1312	1505	1322	1883.9375	3571.9375	4195.625	4236	4547.25	2996.5	1913.5625	vegetacion
515665	553785	1358	1578	1441	1959.0625	3133.4375	3502.75	3634	3829.3125	3064.25	2050.5625	vegetacion
508985	558585	1349	1611	1487	2105.0625	3361.25	3748	3732	4047.3125	3208.6875	2122.375	vegetacion
511855	558905	1239	1432	1248	1751.375	3526.375	4299	4432	4684.0625	2745.25	1781.125	vegetacion
509245	553485	1442	1674	1650	2161.5	3202.5625	3535.4375	3474	3898.6875	3299.3125	2182.375	vegetacion
510505	561365	1236	1478	1250	1859.4375	3675.625	4512.25	4400	4898.75	2900.6875	1857.625	vegetacion
512795	553775	1278	1514	1317	1819.9375	3452.0625	4037.9375	4001	4332.125	2902.5625	1871.8125	vegetacion
508855	554025	1278	1480	1296	1901.125	3414.375	3904.4375	3893	4216.125	2854.8125	1847.8125	vegetacion
510435	560885	1288	1571	1288	1950.3125	4134.4375	5267.375	5299	5698.75	3115.125	1966.25	vegetacion
509215	554985	1298	1562	1384	1981.875	3518.875	4027.0625	4023	4351.375	2876.6875	1835.5	vegetacion
509325	558055	1266	1457	1302	1892.75	3303.125	3705.9375	3640	4026	2949.25	1898.8125	vegetacion
510515	560315	1282	1542	1306	1962.4375	3782.375	4470.8125	4515	4800.9375	2957.5625	1853.1875	vegetacion
510485	553895	1332	1592	1383	1976.625	3877.375	4497	4428	4846.5625	2893.0625	1896.5	vegetacion
517445	555615	1295	1502	1304	1927.4375	3732	4368.1875	4205	4694.8125	2867.75	1823.9375	vegetacion
510465	555015	1246	1400	1257	1811.6875	3630.8125	4322.75	4064	4634.9375	2829.5625	1800.5	vegetacion
511845	558925	1259	1426	1264	1693.4375	3472.75	4263	4451	4656.625	2657.3125	1738.3125	vegetacion
510435	553845	1341	1652	1418	2008.625	3672	4110.875	4002	4443.9375	3068.125	1986.5	vegetacion
511835	558865	1318	1459	1403	1774.875	3297.125	3885.625	3642	4280.25	2823.25	1890.875	vegetacion
510155	554475	1272	1493	1286	1897.9375	3880	4460.9375	4418	4754.5	2862.4375	1840.5625	vegetacion
512575	553925	1273	1476	1292	1861.625	3243.125	3732.3125	3766	4053.0625	2956.875	1893.25	vegetacion
511825	554635	1306	1526	1320	1846.625	3576.4375	4156.9375	4427	4511.625	2956.5625	1887.8125	vegetacion
517495	555315	1262	1448	1287	1820.1875	3607.875	4291.4375	4078	4659.1875	2837.9375	1796.4375	vegetacion
510435	560145	1296	1570	1313	1923.6875	3845.625	4681.625	4823	5006.9375	3014.3125	1918.3125	vegetacion
508905	558115	1299	1531	1350	1967.25	3582.4375	4137.3125	4086	4502.3125	3003.5	1942.25	vegetacion
515895	555685	1304	1558	1320	2016.6875	3725.6875	4302.25	4404	4600.3125	2989.5	1917.0625	vegetacion
515185	553395	1303	1577	1312	1904.3125	3661.4375	4301.0625	4601	4707.25	2965.1875	1866.75	vegetacion
510235	554355	1259	1526	1244	1959.75	4264.5625	4853.4375	4840	5161.9375	2998.6875	1862.625	vegetacion
510525	554365	1266	1480	1316	1854.875	3457.5	4026	4195	4391.125	2880.5	1856.5625	vegetacion
509175	553415	1488	1723	1783	2227.9375	3168.3125	3535.9375	3403	3857.75	3559.4375	2435.3125	vegetacion
510445	561155	1286	1557	1283	1930.4375	3746.3125	4556.3125	4468	4871.625	2903.0625	1875.6875	vegetacion
509935	554345	1354	1642	1397	2000.6875	4003.6875	4680	4778	5041.0625	2953.125	1869.8125	vegetacion
508875	558155	1310	1582	1348	1986.4375	3632.3125	4150.9375	4233	4457.0625	2973.875	1933.1875	vegetacion
508735	554325	1271	1502	1280	1904.3125	3471	4045.0625	4244	4400.25	2833.9375	1811.75	vegetacion
510535	560275	1275	1501	1282	1893.8125	3551.3125	4115.3125	3954	4369.5	3090.4375	1952.625	vegetacion
511905	554685	1295	1550	1327	1934.25	3659.3125	4192.875	4527	4591.0625	2899.1875	1864.6875	vegetacion
511575	554595	1232	1422	1246	1753.375	3697	4461.9375	4761	4870.4375	2687.0625	1709.6875	vegetacion
511745	554755	1270	1440	1288	1811.875	3609	4382.75	4372	4706.4375	2705.5625	1755.6875	vegetacion
508765	553495	1290	1506	1308	1968.0625	3443.625	3960.5	3875	4282.125	2860.9375	1807.5	vegetacion
508885	558395	1286	1524	1355	1942.3125	3339.125	3806.375	3836	4100.4375	2887.1875	1887.625	vegetacion
517965	555005	1295	1534	1311	1908.6875	3882.9375	4585.1875	4653	4967.3125	3045.1875	1907.875	vegetacion
509405	553775	1316	1570	1368	1971.9375	3266.75	3657.3125	3668	3972.375	2955.1875	1921.3125	vegetacion
510165	554705	1268	1498	1270	1867.25	3791.1875	4444.3125	4270	4791.625	2995.75	1887.25	vegetacion
509265	558235	1342	1536	1414	1969.875	3244.8125	3623.375	3618	3932.5625	3042.6875	2030.9375	vegetacion
511915	558865	1240	1380	1248	1697.1875	3445.0625	4122.75	3975	4467.75	2685.1875	1735.875	vegetacion
508975	558555	1294	1550	1357	2003.0625	3449.75	3914.4375	4029	4234.875	3021.9375	1962.3125	vegetacion
509325	554565	1245	1442	1255	1830.1875	3337.375	3825	3939	4117.3125	2768.4375	1775.8125	vegetacion
510485	554485	1283	1508	1304	1892.4375	3722.6875	4295.1875	4456	4641	2999.5625	1890.9375	vegetacion
509365	558175	1275	1514	1306	1986.125	3401.6875	3866.6875	3952	4181.625	3017.1875	1959.125	vegetacion
510325	554735	1283	1508	1289	1983.6875	3538.5	4080.25	4041	4448.875	2988.1875	1888.4375	vegetacion
517785	555225	1280	1456	1273	1824.0625	3513	4090.0625	3856	4446.5625	2779.375	1812.6875	vegetacion
510465	560225	1282	1530	1292	1841.875	3658.75	4431.6875	4725	4836.5	2902.875	1839.75	vegetacion
511765	554585	1304	1548	1349	1925.4375	3473.6875	3990.875	4208	4315.375	2899.3125	1919.25	vegetacion
510295	554695	1316	1526	1340	1873.125	3477.9375	3999.75	4201	4248.4375	2849.75	1837.25	vegetacion
517895	555465	1280	1484	1306	1862.9375	3509	4154.3125	4179	4513.375	2912.75	1862.6875	vegetacion
510485	560605	1255	1458	1256	1827.1875	3669.5	4591.5625	4420	4977.1875	2817.1875	1783.875	vegetacion
510695	554515	1254	1525	1267	1877.6875	3675.875	4380.9375	4416	4721.625	2797.375	1787.4375	vegetacion
510525	554295	1267	1490	1332	1850.8125	3397.9375	3951.375	3997	4314.5	2909.4375	1868.1875	vegetacion
508525	558465	1302	1508	1280	1872.4375	3734.75	4423.625	4589	4705.5	2909.75	1870.875	vegetacion
516225	555775	1277	1492	1276	1857.5625	3530	4133.5625	4370	4476.4375	2861	1826	vegetacion
517605	555165	1283	1548	1262	1912.4375	3816.4375	4518.5625	4864	4919.3125	2937.625	1859.1875	vegetacion
512855	553855	1286	1491	1315	1840.625	3326.1875	3820.1875	3889	4115.8125	2959.0625	1923.3125	vegetacion
510005	554655	1301	1545	1324	1870.625	3717.625	4389.4375	4467	4636.4375	2761.9375	1756.75	vegetacion
510115	553785	1372	1737	1502	2302.9375	3596.3125	4035.625	4104	4354.125	3314.5625	2154.1875	vegetacion
510195	554795	1297	1575	1323	1936.625	4089.5	4897.75	5176	5270.1875	3053.5625	1922.4375	vegetacion
517445	555375	1285	1514	1317	1880.9375	3344.625	3829.5	4020	4133.125	2872.6875	1871.75	vegetacion
509405	555055	1278	1520	1298	1951.375	3662.25	4209.8125	4283	4587.3125	2843.125	1804.4375	vegetacion
510555	554305	1306	1572	1341	1937.125	3620.3125	4187.9375	4484	4579	2971.6875	1909.25	vegetacion
509245	554625	1278	1478	1285	1857.25	3536.4375	4122.8125	4114	4457.1875	2802	1758.8125	vegetacion
510235	554915	1314	1550	1324	1929.875	3803.0625	4408.1875	4504	4783.125	2987.6875	1871.625	vegetacion
509305	553795	1294	1492	1290	1862.9375	3339.25	3845.4375	3949	4145.25	2819.5625	1806.25	vegetacion
510405	560435	1286	1479	1316	1864.5	3797.6875	4576.1875	4625	5001.8125	2889.1875	1864.3125	vegetacion
515805	555755	1259	1526	1316	1962.0625	3616.1875	4125.0625	3934	4436.5	2903	1865.5	vegetacion
517555	554935	1264	1498	1314	1870.25	3341.9375	3877.8125	3906	4229.3125	2983.375	1902.125	vegetacion
511785	558755	1280	1476	1270	1824.8125	3510.75	4272.75	4328	4654.5	2668.6875	1739.0625	vegetacion
516025	555715	1277	1520	1294	1933.5	3689.5625	4312.6875	4440	4621.25	2909.8125	1865.5	vegetacion
508795	558125	1295	1514	1330	1951.375	3434.125	3905.4375	3868	4238.6875	2919	1899.6875	vegetacion
508755	558135	1285	1568	1313	1931.0625	3825.375	4440.6875	4520	4769.4375	2883.25	1833.6875	vegetacion
512795	553865	1256	1492	1280	1742.125	3429.375	4026.9375	4296	4302.9375	2764.6875	1777.3125	vegetacion
515465	553705	1358	1622	1485	2037.6875	3405.4375	3862.1875	3911	4199.0625	3138.375	2057.375	vegetacion
509325	558395	1318	1598	1355	2098.6875	3582.125	4016.875	3902	4297.25	3101.1875	1965.6875	vegetacion
515495	559975	1386	1690	1454	2051.3125	3547.1875	4019.1875	4044	4400.4375	3068.6875	2030.3125	vegetacion
509205	554425	1268	1442	1283	1821.6875	3179.5	3663.0625	3679	3981.875	2767.0625	1782.5625	vegetacion
510345	554395	1250	1465	1270	1883.4375	3882.75	4590.5	4753	4966	3013.75	1886.0625	vegetacion
510535	560535	1306	1538	1300	1952.3125	3801.8125	4546.375	4601	4856.5	2936.8125	1869.9375	vegetacion
509565	555015	1272	1450	1294	1804.6875	3200.375	3673.4375	3456	3940.125	2753.0625	1812.75	vegetacion
508965	554315	1271	1514	1281	1888.125	3559.75	4158.5	4272	4490.8125	2826.875	1772.4375	vegetacion
510515	560485	1301	1513	1332	1840.8125	3382.6875	4031.625	4078	4345.6875	2868.375	1838.4375	vegetacion
509555	554265	1281	1522	1308	1906.5625	3273	3671.6875	3918	4001.8125	2872.8125	1853.0625	vegetacion
509245	553785	1283	1537	1303	1919.0625	3460.75	4023.0625	4299	4317.625	2851.0625	1812.3125	vegetacion
508925	553725	1314	1591	1367	2009.125	3610.5	4114.5	4151	4415	2937.375	1866	vegetacion
517635	555595	1323	1579	1321	1872.375	3539.375	4141.8125	4344	4560.5	2938.1875	1865.875	vegetacion
508575	558565	1283	1540	1318	1954.125	3523.125	4043	4147	4334.1875	2922.0625	1902	vegetacion
515815	553995	1237	1412	1224	1803.625	3421.9375	4002.125	3898	4370.75	2832.375	1799.75	vegetacion
516205	555685	1279	1460	1296	1911.3125	3477.5	4019.9375	3866	4346.25	2909.6875	1864.0625	vegetacion
512585	553845	1286	1530	1345	1907.3125	3389.125	3910.8125	3805	4223.25	2955.6875	1896.9375	vegetacion
509415	554205	1302	1556	1336	1916.5	3316.1875	3778.625	3861	4100.125	2871.5625	1859.1875	vegetacion
515045	553115	1294	1472	1312	1847.9375	3381.25	3853.3125	3902	4184.75	2924.3125	1907.1875	vegetacion
510165	554385	1270	1450	1273	1804.875	3856.875	4501.375	4604	4822.6875	2878.375	1819.25	vegetacion
517615	555155	1255	1522	1246	1912.4375	3946.0625	4659.25	4723	5057.125	2921	1832.9375	vegetacion
508935	558305	1285	1531	1315	1916.125	3452.125	3994.3125	4149	4293.625	2898.5	1881.3125	vegetacion
508655	558475	1252	1476	1278	1854.1875	3599.25	4203.3125	4212	4501.75	2829	1811.25	vegetacion
511525	554265	1262	1500	1260	1862	3949.4375	4666	4668	4994	2929.125	1842.1875	vegetacion
517565	555355	1232	1448	1224	1774.1875	3553.0625	4279.875	4184	4544.4375	2726.125	1736.9375	vegetacion
510075	553885	1304	1665	1342	2205.8125	3927.375	4392.1875	4487	4714.625	3002.25	1850.125	vegetacion
509325	555105	1263	1494	1293	1906.9375	3528.875	4093.6875	4236	4436.8125	2856.9375	1821.625	vegetacion
511645	554315	1348	1614	1326	2000.8125	4120.4375	4829.0625	5093	5134.3125	3110.125	1977.0625	vegetacion
508985	553975	1308	1539	1346	1955.875	3442.3125	3918.125	3975	4230.6875	2936.375	1891.625	vegetacion
509995	554535	1253	1528	1259	1977.1875	4050.6875	4781.875	4867	5146.5	2954.875	1791.5	vegetacion
509225	558155	1296	1547	1318	1973	3545.5625	3999.875	3987	4301.9375	2989.5	1915	vegetacion
509505	554245	1305	1537	1317	1947.0625	3441.4375	3903.875	4047	4185.1875	2866.375	1828.6875	vegetacion
509315	554275	1330	1592	1356	1963.375	3215	3574.8125	3562	3868.4375	2864.75	1870	vegetacion
509625	554815	1293	1552	1312	1951.25	3637.75	4186.1875	4276	4564.375	2881.4375	1828.125	vegetacion
514975	553235	1286	1502	1324	1863.9375	3219.375	3681.6875	3862	3979.9375	2881.9375	1899.6875	vegetacion
517975	554995	1286	1579	1316	1968.25	4073.8125	4830.25	5101	5240.1875	3070.25	1924.125	vegetacion
510025	553615	1314	1581	1300	2003.625	3997.75	4715.5625	4711	5050.875	3069.6875	1894.5	vegetacion
508875	558275	1274	1525	1300	1906.9375	3547.125	4085.125	4168	4404.625	2861	1825.9375	vegetacion
510455	561115	1324	1514	1307	1895.25	3720.625	4556.0625	4259	4866.125	2967.125	1898.5625	vegetacion
509285	554105	1277	1549	1304	1959.375	3639.0625	4162.0625	4397	4497.5	2876.875	1818.3125	vegetacion
510055	553865	1326	1648	1375	2201.9375	3850	4250.25	4240	4541.4375	2975.25	1878	vegetacion
514955	562045	1265	1487	1290	1770.5	3267.375	3759	3872	4067.4375	2818.375	1850	vegetacion
509045	558305	1286	1512	1318	1950.5625	3374.1875	3820.1875	3770	4140.125	2854.625	1882.9375	vegetacion
510495	560545	1267	1570	1300	1919.4375	3948.125	4972	4996	5295.8125	2979.8125	1867.5	vegetacion
517755	555225	1306	1459	1312	1841.6875	3492.1875	4129.25	3727	4482	2815.1875	1818.3125	vegetacion
510455	560345	1266	1578	1268	1914.375	3905.6875	4691.875	4860	5043	2940	1851.4375	vegetacion
511685	554755	1249	1480	1250	1803.8125	3572.6875	4321.9375	4532	4559.9375	2694	1765.875	vegetacion
517615	555515	1266	1473	1282	1925.9375	3492.6875	4064.8125	4030	4403.5	2922	1872.375	vegetacion
508995	553925	1318	1520	1336	1898.3125	3264.3125	3691.1875	3776	4003.75	2910.0625	1892.1875	vegetacion
510415	560515	1270	1538	1259	1842.5625	3615.6875	4379.0625	4531	4749.6875	2729.25	1798.375	vegetacion
509165	558425	1299	1549	1328	1985.5	3390.5	3806.5625	3854	4124.25	2990.625	1930.5625	vegetacion
509115	554475	1342	1572	1426	1953.4375	3212.625	3597.9375	3486	3884.9375	2911.625	1910.25	vegetacion
509155	553645	1358	1569	1463	2001.8125	3173.5	3553.625	3499	3881.5625	3036.625	1972.0625	vegetacion
510475	554985	1301	1512	1296	2000.3125	4109.4375	4785.5625	4851	5150.375	2981.0625	1897.75	vegetacion
509305	558265	1280	1526	1292	1964	3485.875	3982.6875	4188	4238.5	2915.75	1875.5625	vegetacion
508865	558645	1250	1436	1278	1852.6875	3418.4375	3910.6875	3823	4197.5625	2903.8125	1908.0625	vegetacion
510535	561045	1322	1517	1345	1868.6875	3694.5625	4386.9375	4267	4637.5	2904.75	1856.0625	vegetacion
510145	554735	1290	1510	1315	1859.25	3577.25	4204.6875	4212	4532.875	3072.9375	1939.6875	vegetacion
509425	554745	1294	1532	1334	1932	3467.6875	3925.9375	4072	4271.3125	2880.75	1854.9375	vegetacion
510195	554125	1294	1584	1263	2009.5625	3893.6875	4529.5	4665	4901.375	2969.0625	1837.875	vegetacion
512565	554095	1275	1530	1242	1823.9375	3678.9375	4382.75	4640	4725	2856.375	1814.1875	vegetacion
509055	558345	1274	1546	1318	1939.5625	3627.4375	4199.5625	4383	4551.5625	2919.1875	1851.375	vegetacion
517265	555595	1314	1586	1342	2007.25	3718.625	4324.9375	4352	4673.25	2934.375	1900.125	vegetacion
509025	553475	1319	1565	1352	1951.875	3305.8125	3718.375	3697	4030.8125	2860.3125	1857.9375	vegetacion
510385	554485	1283	1473	1271	1831.6875	3547.4375	4151.25	4156	4453.8125	2794.375	1784.875	vegetacion
508765	558235	1309	1546	1306	1954.3125	3431.5	3888.5	4064	4190.6875	2945.9375	1910.6875	vegetacion
517345	554835	1301	1565	1330	1987.5625	3677.9375	4200.25	4397	4570.625	3055.875	1927.5	vegetacion
509245	553955	1294	1539	1328	1905	3269.875	3677.25	3646	3982.125	2852.375	1852.3125	vegetacion
508645	554115	1262	1477	1276	1909.1875	3460.5625	3961.5625	3864	4291.375	2790.9375	1773.6875	vegetacion
508775	554005	1285	1544	1306	1942.3125	3537.3125	4052.375	4124	4381.625	2908.9375	1838.6875	vegetacion
509515	554775	1294	1554	1342	1983.125	3573.75	4138.25	4181	4448.8125	2894.8125	1850.5	vegetacion
511605	554775	1241	1482	1314	1870	3667.375	4350	4256	4679.1875	2895.4375	1905.125	vegetacion
511765	554715	1248	1440	1250	1778.875	3506.4375	4192.6875	4384	4495.875	2841.4375	1820.75	vegetacion
517665	554815	1363	1560	1427	1948.0625	3253.125	3717.75	3784	4053.8125	2997.4375	1989	vegetacion
510355	561405	1279	1465	1272	1867.0625	3496.25	4100.875	3822	4501.75	2868.75	1842.1875	vegetacion
515105	553195	1297	1481	1328	1826.1875	3456.375	4035.125	4090	4358	2921.8125	1851.5	vegetacion
508865	558405	1282	1524	1308	1960.375	3393.25	3821.6875	3996	4151.5625	2866.5	1864.6875	vegetacion
508845	553895	1262	1503	1297	1859.8125	3471.5	4061.125	4096	4377.125	2762.125	1749.625	vegetacion
511885	554575	1326	1524	1328	1909.3125	3681	4240.25	4221	4544.8125	2973.875	1895.6875	vegetacion
508975	554225	1304	1552	1351	1991.8125	3480.5625	3983.125	4061	4340.5625	2957.5625	1887.125	vegetacion
509585	554105	1298	1548	1305	1896.875	3452.5625	3942.3125	4119	4306.3125	2860.5625	1826.125	vegetacion
515535	559965	1454	1720	1549	2182.6875	3631.8125	4035	3930	4355.875	3272.875	2213.875	vegetacion
510445	560325	1254	1465	1274	1892.6875	3816.9375	4599.875	4376	4945.625	2955.4375	1868.3125	vegetacion
510455	553815	1318	1568	1339	1984.3125	3823.8125	4331.5625	4384	4656.4375	3020	1950.5625	vegetacion
510305	560455	1278	1514	1292	1901.5625	3543	4275.625	4300	4711.0625	2879.25	1870.3125	vegetacion
517675	555435	1211	1456	1212	1803.5625	3677.25	4395.6875	4272	4757	2767.625	1735.8125	vegetacion
512855	554335	1239	1439	1241	1697	3566.375	4300.5625	4067	4672.3125	2684.375	1715.5	vegetacion
510535	560795	1304	1533	1310	1909.9375	3710.4375	4487.125	4474	4839.0625	2924.375	1852.0625	vegetacion
511825	558895	1249	1456	1268	1774.1875	3488.8125	4220.75	4582	4525.8125	2770.8125	1846.125	vegetacion
515565	553785	1324	1580	1397	1947.375	3559.1875	4047.25	4277	4437.1875	3027.6875	1949.5	vegetacion
515235	553325	1422	1705	1497	2157.25	3669.75	4060.25	4120	4380.9375	3188.5	2064	vegetacion
509435	555005	1289	1540	1324	1985.6875	3536.3125	4055.25	4078	4405.25	2897.3125	1852.125	vegetacion
509995	554325	1408	1642	1541	2074.875	3404.0625	3848.4375	3569	4189.1875	3152.0625	2058.0625	vegetacion
515995	555735	1293	1504	1314	1935.875	3516.3125	4062	3868	4341.375	2967.0625	1900.1875	vegetacion
510615	560635	1294	1540	1296	1956.9375	3777.6875	4495.5625	4416	4741.25	2963.3125	1873.1875	vegetacion
516075	555785	1254	1530	1297	1910.125	3559.8125	4060.8125	4110	4390.625	2873.75	1858.9375	vegetacion
511785	554465	1340	1513	1411	1961.8125	3249.9375	3662.8125	3707	3989.6875	3143.4375	2094.6875	vegetacion
509405	554325	1303	1555	1346	1936.6875	3153.375	3542.0625	3444	3795.6875	2862.1875	1881.9375	vegetacion
510205	554705	1257	1494	1271	1862.3125	3996.1875	4806.5625	4920	5224.25	2963.5625	1839.5625	vegetacion
512345	554185	1280	1486	1284	1796.375	3801.375	4436.375	4489	4700.5625	2795.0625	1799.9375	vegetacion
510525	554535	1264	1508	1314	1809.625	3354.1875	3916.3125	3770	4223.875	2833.0625	1843.8125	vegetacion
509315	553755	1313	1512	1342	1909.3125	3226.9375	3649.4375	3600	3974.875	2861.8125	1859.1875	vegetacion
512705	553995	1259	1500	1285	1820.1875	3370.6875	3920.125	3800	4232.4375	2827.0625	1813.25	vegetacion
512675	554045	1275	1485	1294	1844.0625	3364.25	3914	4021	4228.9375	2996.5	1895.3125	vegetacion
517535	555435	1284	1518	1337	1945.375	3478.25	3984.375	3954	4378.8125	2954.5	1891.25	vegetacion
517495	555035	1274	1502	1304	1835.5625	3222.1875	3742.875	3884	4091.9375	2899.125	1869.4375	vegetacion
509515	554155	1304	1548	1366	1968.125	3285.3125	3676.625	3815	3980.875	2953	1912.125	vegetacion
510135	554325	1251	1449	1294	1870.625	3884.6875	4522.375	4539	4866.75	2995.9375	1873.25	vegetacion
510005	554025	1284	1524	1293	1890.3125	3685.375	4303.9375	4489	4681.8125	2906.8125	1851.0625	vegetacion
511855	554675	1367	1576	1432	1965.0625	3535.4375	4142.8125	4139	4455.25	3074.875	1990.0625	vegetacion
508875	558515	1277	1558	1318	1955.0625	3595.125	4079.5	4292	4399.125	2970.9375	1899.1875	vegetacion
510635	554345	1257	1481	1290	1864	3444.125	4006.125	4002	4356.125	2777.3125	1803.0625	vegetacion
508945	554405	1276	1502	1277	1882.75	3450.9375	4026.3125	3867	4379.375	2794.9375	1759.75	vegetacion
510465	554485	1285	1542	1306	1982.75	3783.5625	4363	4532	4714.125	3028.25	1890.375	vegetacion
509995	554615	1266	1479	1269	1890.875	3769.6875	4458.375	4500	4804.9375	2877	1809.8125	vegetacion
509085	554425	1274	1516	1318	1904.4375	3366.1875	3802.375	3820	4110.75	2797.125	1804.625	vegetacion
511905	554605	1312	1574	1336	1934.9375	3808.5	4385.6875	4552	4706.5	3020.8125	1924.5	vegetacion
509125	558215	1296	1514	1335	1936.0625	3250.4375	3646.3125	3685	3921.4375	2919.3125	1915.125	vegetacion
515745	553955	1263	1508	1316	1857.1875	3422.9375	3990.875	4189	4310.375	2938.4375	1891.875	vegetacion
512805	553785	1274	1494	1324	1817.4375	3256.5625	3769.9375	3773	4139.125	2928.5625	1904.3125	vegetacion
515125	553435	1270	1522	1306	1928.25	3539.4375	4068.625	4066	4453.75	3019.625	1899.625	vegetacion
511585	554495	1198	1378	1166	1712.5	3296.3125	3935.5	3909	4241.8125	2493.375	1642.0625	vegetacion
508695	558255	1262	1512	1292	1935.5625	3563	4109.0625	4105	4388.875	2847.25	1831	vegetacion
509455	554625	1293	1563	1348	1975.4375	3498	3973.75	4086	4351.8125	2951.25	1875.25	vegetacion
517585	555545	1260	1461	1286	1830.75	3351.4375	3895	3875	4199.625	2802.5	1796.875	vegetacion
510165	553955	1427	1686	1564	2173.9375	3491.375	3885.75	3833	4187.1875	3089.5625	1999.9375	vegetacion
515665	553895	1316	1514	1321	1838.375	3397.3125	3959.125	3980	4302.5625	2876.1875	1875.5625	vegetacion
510225	554195	1304	1538	1316	1940.8125	3742.9375	4409.0625	4536	4751.4375	2964.875	1844.125	vegetacion
511555	554375	1301	1518	1294	1892.75	3883.5625	4518.875	4608	4882.0625	2915.3125	1843.3125	vegetacion
510555	554715	1274	1522	1300	1944.4375	3671.625	4409.5	4485	4750.8125	2942.3125	1927.5	vegetacion
514585	562035	1264	1492	1360	1928.0625	3203.125	3591.0625	3567	3932	2945.6875	1953.75	vegetacion
508765	553975	1340	1574	1454	1978.875	3356.8125	3851.25	3746	4162.8125	2996.1875	1944.9375	vegetacion
517315	555045	1274	1524	1277	1942.875	3707.375	4342.1875	4436	4660.25	2898.1875	1831.4375	vegetacion
515645	553835	1263	1445	1289	1799	3311.5	3840.3125	3720	4178.8125	2849.8125	1830.5625	vegetacion
510035	553985	1337	1516	1368	1882.4375	3175.25	3631.5625	3592	3899.6875	2807.875	1886.5625	vegetacion
515565	553815	1300	1522	1366	1872.75	3422.8125	3929.9375	3977	4297.6875	2969.125	1916.8125	vegetacion
510055	553615	1301	1618	1328	2113.125	4087.75	4722.8125	4758	5069.3125	3091.625	1905.25	vegetacion
510335	554495	1276	1554	1304	1928.6875	4078.5625	4907.3125	5041	5281.0625	3049.1875	1880.0625	vegetacion
510485	554395	1268	1468	1306	1842.375	3530.75	4108.125	4100	4418	2911.3125	1867.5625	vegetacion
508785	553565	1314	1562	1336	1982.1875	3558.5	4073.25	4224	4397.75	2904.125	1840.3125	vegetacion
512015	554725	1311	1560	1340	1904.8125	3834.4375	4488.25	4651	4850.1875	2841.4375	1836.3125	vegetacion
508945	558345	1273	1522	1312	1918.0625	3421	3870.3125	4044	4219.3125	2961.5625	1915.1875	vegetacion
508805	554035	1276	1544	1298	1924.75	3595.75	4169.6875	4320	4498.75	2825.3125	1778.9375	vegetacion
517525	554745	1317	1540	1347	1875.6875	3397.875	3925.8125	3933	4274.4375	2946.125	1896.75	vegetacion
511845	558555	1223	1430	1237	1777.5625	3747.1875	4447.6875	4581	4798.3125	2830.125	1800.75	vegetacion
508965	558605	1318	1570	1386	2061.5	3470	3898.3125	4046	4247.25	3189.25	2080.75	vegetacion
515605	553905	1292	1534	1354	1895.5625	3417.5625	4013.125	4144	4381.375	3035.625	1957.9375	vegetacion
508575	554025	1244	1488	1246	1903	3817.1875	4452.625	4463	4807.1875	2810.5625	1747	vegetacion
508815	558345	1290	1505	1337	1916.75	3493	3976.375	3893	4285.3125	2896.0625	1862.375	vegetacion
511765	554385	1324	1542	1355	1895.125	3568.0625	4087.8125	4484	4392.0625	2820.6875	1871.5	vegetacion
517575	555525	1255	1457	1248	1876.375	3390.625	3910.25	3810	4235.625	2778.875	1787.25	vegetacion
509465	554055	1302	1548	1346	1934.625	3117.6875	3459.3125	3653	3777.1875	3004.125	1973.0625	vegetacion
517655	555255	1289	1504	1289	1853.5	3542.4375	4173.875	4288	4584.0625	2857.25	1791.0625	vegetacion
510325	554755	1285	1555	1308	2005.25	3631.75	4168	4164	4494.8125	3028.75	1907	vegetacion
508865	558095	1302	1530	1321	2008.875	3528.6875	4005.8125	4133	4323.625	2968.6875	1921.6875	vegetacion
512605	553995	1254	1476	1294	1784.6875	3228.5	3784.5	3880	4073	2906.3125	1867.0625	vegetacion
515235	553505	1313	1545	1403	1888.25	3388.8125	3922.125	4034	4310.75	2973.375	1957.0625	vegetacion
509085	553565	1233	1465	1261	1891	3457.3125	3979.875	3989	4292.8125	2785.4375	1782.5	vegetacion
512845	554285	1203	1357	1190	1596.5	3601.6875	4382.4375	4356	4750.875	2588.375	1648.625	vegetacion
510105	554325	1245	1447	1242	1808.8125	4055.75	4765.9375	4775	5099.75	3005.625	1851.0625	vegetacion
509375	554805	1289	1535	1324	1964.0625	3442.375	3906.375	3900	4220.5625	2827.9375	1804.75	vegetacion
510095	554755	1281	1548	1243	1955	4154.0625	4873.125	4953	5245.6875	2906.6875	1803.4375	vegetacion
517265	554845	1272	1459	1272	1850.375	3628.25	4310.8125	4235	4688.5625	2920.375	1850.6875	vegetacion
509325	557965	1276	1488	1314	1874.125	3332.625	3795.75	3878	4123.375	2882.0625	1885.625	vegetacion
508725	558175	1325	1548	1393	1941.125	3462.375	3933.625	3737	4273.25	2919.4375	1897.9375	vegetacion
512795	554225	1286	1512	1316	1888	3553	4088.75	4143	4356.25	3029	1938.0625	vegetacion
511775	554805	1234	1452	1233	1759.0625	3378.0625	3900.6875	3905	4276.5	2636.6875	1730.25	vegetacion
509115	554465	1315	1549	1363	1929.75	3274.9375	3686.4375	3632	3982.875	2887.875	1887	vegetacion
510445	560795	1280	1520	1278	1910.9375	3797.625	4654.5625	4464	5043.8125	2880.75	1843.3125	vegetacion
510265	554115	1296	1572	1298	2032.5625	3881.0625	4458.125	4672	4815.5625	2922.75	1828.4375	vegetacion
510465	560635	1276	1504	1272	1858.375	3637.9375	4468.5	4756	4864.6875	2818.625	1798.375	vegetacion
511665	554415	1269	1494	1257	1876.9375	3991.125	4741.6875	4736	5054.875	2863.75	1800.5	vegetacion
516215	555895	1271	1480	1312	1871.875	3453.625	4052.9375	4116	4404.9375	2865.1875	1881.4375	vegetacion
510215	554895	1313	1604	1343	2031.25	4059.3125	4741.5625	4912	5115.3125	3097.0625	1926.8125	vegetacion
508915	554535	1297	1520	1320	1937.5625	3518.75	4044.1875	4125	4372.5	2827.375	1772.125	vegetacion
508735	558145	1269	1505	1295	1902	3715.1875	4338.9375	4395	4647.4375	2900.25	1847.5625	vegetacion
509445	554885	1288	1544	1320	1922.125	3536.125	4051.4375	4046	4391.75	2757.125	1762.9375	vegetacion
508795	558255	1236	1513	1256	1943.25	3646.5625	4200.3125	4329	4528.5	2842.375	1812.75	vegetacion
517385	555005	1293	1514	1308	1904.5625	3416.9375	3956.9375	4041	4299.375	2885.375	1833.875	vegetacion
515075	553325	1308	1526	1361	1887.5625	3423.5	3934.125	4084	4303.875	2960.3125	1901.75	vegetacion
510425	561085	1292	1536	1277	1899.375	3708.1875	4490.5	4431	4914.0625	2914.0625	1860.25	vegetacion
509025	553425	1280	1539	1350	1903.0625	3178.125	3692.6875	3768	3977.75	2871.25	1894.125	vegetacion
509465	557975	1321	1552	1362	1941.75	3511.6875	3994.875	3921	4372.1875	2920.4375	1870.5625	vegetacion
517615	555225	1289	1476	1282	1839.0625	3412.6875	3959.375	3887	4339.5	2879.9375	1842.8125	vegetacion
509415	555035	1275	1548	1306	1985.375	3654.25	4177.25	4258	4467.6875	2870.3125	1819.8125	vegetacion
509215	554055	1291	1548	1320	1946.1875	3415.3125	3884.3125	4119	4207.3125	2863.5625	1841.5	vegetacion
509265	554205	1297	1553	1345	1940.375	3289.5	3728.875	3812	4007.125	2919.5625	1885.25	vegetacion
509355	554735	1295	1511	1328	1912.75	3302.25	3756	3790	4076.375	2916.125	1856	vegetacion
509215	555045	1282	1537	1304	1973.25	3509.75	3977.625	3899	4293.1875	2810	1790.8125	vegetacion
511955	558595	1288	1488	1306	1899.5	3615.625	4198.875	4312	4557.9375	2926.9375	1927.8125	vegetacion
508885	554245	1334	1558	1418	1929.125	3463.125	4031.75	3920	4389	2955.8125	1878.375	vegetacion
509705	554765	1289	1552	1330	2032.5625	3634.1875	4160.9375	4343	4607.8125	3136.8125	1971.9375	vegetacion
509245	558095	1307	1544	1322	1950.375	3461.6875	3900.5	4006	4254.25	2969.75	1901.125	vegetacion
508755	554355	1282	1506	1320	1870.6875	3552.5625	4136.875	4528	4483.875	2779.5	1753.1875	vegetacion
511765	558935	1296	1496	1329	1896.6875	3328.875	3953.8125	4172	4264.4375	3179.1875	2162.4375	vegetacion
511595	554375	1285	1532	1287	1864.375	3794.9375	4510	4988	4933.75	2782.875	1761.75	vegetacion
508865	558465	1287	1502	1340	1935.8125	3319.6875	3735.1875	3589	4030.125	2876.8125	1881.5	vegetacion
508945	553405	1230	1407	1246	1828.5	3365.4375	3934.5	3833	4222.75	2747.1875	1738.1875	vegetacion
517635	554995	1318	1480	1340	1835.625	3174.375	3682.5	3496	3996.125	2838.25	1875.5625	vegetacion
509305	554015	1291	1519	1313	1946.125	3370.5	3826.75	3866	4113.8125	2880.625	1848.125	vegetacion
517895	554935	1284	1511	1286	1911.125	3702.625	4350.0625	4263	4724.375	2898.5625	1829	vegetacion
510465	554715	1330	1583	1391	1999.5625	3283.6875	3709	3884	4017.0625	3151.4375	2064.5625	vegetacion
509045	558545	1463	1691	1648	2127.3125	3312.3125	3712.875	3612	4009	3276.6875	2213.8125	vegetacion
510035	554535	1270	1532	1251	1938.5	3880.6875	4540.6875	4669	4925.5625	2873.1875	1777.4375	vegetacion
510285	555075	1271	1498	1254	1844.375	3538.125	4075.125	3894	4421.9375	2704.5	1759.875	vegetacion
515035	553235	1278	1494	1311	1876.125	3478.0625	4021.6875	3988	4363.0625	2946.4375	1863.8125	vegetacion
510145	554255	1280	1507	1303	2014.125	4139.1875	4783.75	5000	5103.5625	3033.8125	1912.625	vegetacion
509015	558085	1398	1618	1529	2066.0625	3389.9375	3818.5625	3833	4207.3125	3142.0625	2075.125	vegetacion
508925	558605	1323	1552	1333	1984.6875	3462.75	3923.3125	3873	4236.25	3032.875	1968.75	vegetacion
509675	554815	1332	1598	1391	2022.6875	3819.5	4427.1875	4544	4809.125	3058.375	1938.875	vegetacion
517785	555485	1279	1470	1276	1850.875	3569.4375	4150.625	4052	4510.875	2839.0625	1768.3125	vegetacion
511605	554545	1226	1411	1216	1723.3125	3515.5625	4233.4375	4232	4509.9375	2641.5	1716.5625	vegetacion
509315	553745	1298	1553	1338	1927.6875	3226.75	3658.75	3735	3985.3125	2878.625	1868.125	vegetacion
511485	554555	1304	1544	1295	1851.3125	3959.5	4668.75	4997	5090.0625	2869.3125	1832.625	vegetacion
508525	558625	1269	1504	1275	1875.0625	3667.375	4317.0625	4511	4694.125	2883.5	1813.4375	vegetacion
510015	554045	1298	1568	1304	1946.0625	3815.875	4401.6875	4264	4690.6875	2786.875	1772.1875	vegetacion
512855	553985	1280	1532	1292	1790.25	3428	4102.5	4312	4505.375	2878.5	1842.3125	vegetacion
509105	558305	1276	1516	1328	1937.375	3439.8125	3899.375	3976	4237.6875	2907.125	1873	vegetacion
512915	554255	1222	1456	1233	1773.625	3911.875	4814.4375	4942	5184.375	2794.8125	1776.4375	vegetacion
509545	554325	1311	1544	1326	1867.25	3301.5625	3794.375	3876	4104.3125	2829	1824.8125	vegetacion
508905	558105	1308	1552	1342	1984.5	3606.5625	4157.0625	4067	4502.875	3022.5625	1949.6875	vegetacion
509975	554235	1370	1629	1442	2117.125	3805.4375	4283.25	4328	4678.375	3213	2051.3125	vegetacion
510465	560175	1290	1550	1322	1929.8125	3691.8125	4379.125	4352	4707.375	2990.75	1900.375	vegetacion
508735	553935	1250	1479	1278	1884.4375	3553.0625	4126	4195	4484.3125	2887.6875	1802.3125	vegetacion
517415	555375	1256	1482	1270	1869.5	3373.875	3884.625	3796	4182.0625	2862.375	1866.6875	vegetacion
509015	554545	1339	1580	1436	2026.3125	3250.25	3652.0625	3678	4007.3125	3074.1875	2012.4375	vegetacion
509235	553955	1304	1559	1338	1917	3323.125	3762.75	3840	4064.375	2867.125	1856.4375	vegetacion
508845	553575	1266	1584	1314	1946.875	3659.0625	4244.6875	4313	4546.9375	2882.25	1805.75	vegetacion
509705	554805	1341	1620	1443	2048.0625	3563.75	4050.5625	4000	4372.25	3132.9375	2000.875	vegetacion
512455	554015	1302	1543	1348	1910.3125	3595	4130.5625	4264	4492.3125	3076.625	1951	vegetacion
511935	558875	1233	1402	1264	1739.5	3564.0625	4249.25	4164	4588.25	2754.625	1795.5625	vegetacion
509025	558085	1350	1599	1407	2040.1875	3496.8125	3995.1875	4140	4362.9375	3102.6875	2019.375	vegetacion
509105	558325	1282	1525	1344	1971.875	3516	3974.9375	3944	4303.9375	2889.6875	1857.375	vegetacion
509115	553475	1403	1648	1479	1969.8125	3216.75	3667	3459	3945.5625	2944.1875	1958.625	vegetacion
508925	553525	1274	1499	1282	1888.25	3547.9375	4065.75	3999	4384.5625	2815.125	1794.75	vegetacion
517225	555595	1286	1504	1317	1954.125	3589.625	4156.6875	3916	4497.4375	2859.25	1859.25	vegetacion
517415	555515	1328	1543	1370	1897.3125	3237.3125	3690	3758	4015.5625	2828.0625	1883.4375	vegetacion
511795	558955	1292	1546	1327	1804.0625	3430	4064.8125	4256	4454.9375	2699.5	1803.6875	vegetacion
510385	554535	1274	1520	1313	1938.375	3549.125	4086.3125	4016	4430.3125	2876.8125	1837.9375	vegetacion
509175	554415	1254	1454	1286	1852.9375	3303.375	3814.0625	3879	4142.75	2792.0625	1796.875	vegetacion
512645	553885	1276	1504	1312	1761.8125	3203.4375	3748.0625	3896	4062.4375	2780.5625	1776.9375	vegetacion
508885	554175	1261	1474	1269	1857.9375	3519.9375	4139.5	4094	4464.75	2828.8125	1758.9375	vegetacion
508665	558235	1324	1558	1383	1994.375	3351.3125	3802.5	3837	4090.75	2972.875	1950.5	vegetacion
512865	553815	1324	1519	1378	1833	3167.625	3602.875	3619	3934.4375	3036.8125	1989.3125	vegetacion
511585	554435	1255	1425	1236	1741.25	3381.25	3984.3125	4071	4353.375	2591.0625	1687	vegetacion
511855	558635	1282	1492	1349	1837.1875	3631.3125	4320.875	4492	4658.25	2939.625	1892.375	vegetacion
517155	555575	1238	1455	1264	1925.25	3514.4375	4075.8125	3706	4337.5	2882.1875	1882.0625	vegetacion
517605	554685	1306	1508	1338	1880.6875	3360.0625	3848.75	3889	4229.75	2923	1868.3125	vegetacion
510545	560795	1302	1550	1296	1893.8125	3667.8125	4408.875	4473	4770.1875	2939.125	1866.6875	vegetacion
517835	555505	1271	1532	1290	1963.6875	3610.0625	4142.5625	4212	4498.0625	2962.875	1897.4375	vegetacion
511455	554505	1253	1546	1274	1854.6875	3944.875	4684.3125	4761	5070.0625	2864	1826.3125	vegetacion
508865	554415	1262	1484	1271	1843.8125	3519.9375	4123.0625	4160	4489.375	2791.9375	1729.375	vegetacion
510425	554985	1299	1553	1290	1908.6875	3822.0625	4495.5625	4729	4857.5	2856.625	1808.4375	vegetacion
512845	554205	1270	1518	1300	1813.875	3723.5625	4409.5625	4420	4736.625	2891.625	1832.3125	vegetacion
510525	560315	1290	1536	1293	1958.3125	3817.125	4512.4375	4708	4852.3125	2971.1875	1851.5625	vegetacion
514985	553175	1296	1488	1301	1874.0625	3269.4375	3753.4375	3827	4115.0625	2926.25	1903.5	vegetacion
510065	554875	1271	1443	1252	1773.5	3570.625	4507.125	4560	5000.875	2714.875	1730.0625	vegetacion
509325	558235	1260	1473	1309	1916	3348.1875	3825.625	3699	4106.75	2921.8125	1910.4375	vegetacion
515545	553965	1322	1570	1382	2039.625	3233.3125	3597.5	3568	3920.4375	3095.125	2080.1875	vegetacion
510605	554265	1232	1426	1212	1803.875	3610.4375	4223.625	4253	4544.625	2695.5625	1718	vegetacion
510225	553955	1241	1552	1289	2019.9375	3663.625	4195.3125	4068	4453.0625	2879.375	1831	vegetacion
510305	554765	1323	1580	1382	2081.0625	3584.3125	4014.5	3874	4363.6875	3116.375	1995.5	vegetacion
517535	555345	1251	1460	1248	1810.125	3628.9375	4356.8125	4226	4654.5	2716.1875	1724.5625	vegetacion
510115	554135	1245	1460	1222	1849.75	3832.6875	4565.625	4443	4870.875	2794.4375	1748.75	vegetacion
511635	554415	1274	1506	1276	1821.625	3780.375	4518.9375	4608	4865.125	2703.4375	1737.125	vegetacion
510325	553995	1294	1568	1296	1991.5	3742.125	4326.25	4515	4702.0625	2838	1806.3125	vegetacion
510525	560385	1301	1542	1335	1886.1875	3679.5625	4383.4375	4564	4682.875	2887.0625	1845.125	vegetacion
509315	558285	1309	1598	1357	2046	3577.3125	4069.125	4084	4382.1875	2957	1894.9375	vegetacion
509265	554925	1288	1566	1301	1962.25	3786.625	4387.125	4432	4703	2902.75	1821.25	vegetacion
509075	558205	1297	1544	1349	1978.3125	3487.625	3943.75	4060	4247.25	2952.375	1937.1875	vegetacion
509205	554475	1297	1520	1338	1922.25	3172.125	3593.625	3666	3889.4375	2900.625	1882.3125	vegetacion
508505	558475	1261	1513	1276	1923.875	3947.5	4622.0625	4800	4988.125	2916.875	1857.8125	vegetacion
511895	554485	1346	1585	1399	1946.125	3463	3945.8125	4066	4316.25	2970.75	1925.125	vegetacion
509565	554105	1322	1554	1344	1930.625	3373.5	3812.875	3873	4162.125	2895.5625	1876.125	vegetacion
515545	553945	1344	1608	1429	2015.3125	3385.3125	3788.9375	3939	4109.625	3060.875	2031.4375	vegetacion
509285	558005	1271	1482	1325	1882.625	3243.875	3688.125	3862	3994.5625	2911	1905.625	vegetacion
511765	558615	1271	1458	1314	1869.0625	3426.25	4033.4375	4068	4305.3125	3023.0625	2007.1875	vegetacion
509265	558555	1360	1584	1398	2020.4375	3343.5	3764.8125	3789	4069.0625	3110.5625	2087.625	vegetacion
515715	560105	1288	1511	1332	1820.5625	3201.625	3675.1875	3863	4000.8125	2844.6875	1883.0625	vegetacion
509015	558475	1302	1584	1309	2001.0625	3778.375	4282.0625	4545	4609.9375	2914.25	1843.75	vegetacion
509405	554645	1288	1547	1322	1928.875	3600.0625	4191.125	4144	4521.8125	2894.75	1833.6875	vegetacion
510495	561015	1320	1618	1326	1959.3125	4152.0625	5205.25	5453	5578.0625	3070.9375	1918.4375	vegetacion
517435	554715	1267	1500	1320	1826.75	3383.5625	3920	4012	4275.5	2835	1823.75	vegetacion
515185	553405	1277	1493	1298	1904.9375	3682.3125	4357.6875	4483	4733.25	2956.0625	1867.25	vegetacion
510615	554435	1281	1521	1320	1900.1875	3840.6875	4534.875	4600	4906.5625	2818.4375	1784.875	vegetacion
515045	553305	1266	1476	1305	1866.375	3433.625	3936.75	3805	4256.25	2884.0625	1872.5	vegetacion
508865	558055	1280	1505	1324	1903	3494.4375	4034.4375	4006	4391.9375	2859.4375	1846.875	vegetacion
512685	553955	1296	1520	1353	1791.875	3205.375	3673.4375	3821	4013.75	2884.8125	1868	vegetacion
511615	554555	1253	1460	1249	1706.375	3532.0625	4253.3125	4384	4600.3125	2632.8125	1702.375	vegetacion
509495	554345	1328	1566	1351	1938.8125	3247.5625	3645.875	3669	3959.0625	2855.25	1872.125	vegetacion
508865	554165	1250	1472	1279	1831.125	3595.1875	4208.3125	4351	4520.375	2812.25	1747.6875	vegetacion
509345	553715	1306	1556	1341	1906.3125	3230.3125	3673.75	3820	3958.5	2931.5	1913.125	vegetacion
511655	554765	1390	1682	1506	2020.875	3763.3125	4455.25	4312	4823.375	3116.6875	2013.8125	vegetacion
512875	553545	1258	1496	1247	1867.875	3758.625	4395.4375	4372	4703.375	2794.6875	1781.9375	vegetacion
508725	558115	1291	1530	1345	1970.125	3553.6875	4040.8125	4049	4377.8125	2974.75	1915.875	vegetacion
515895	555865	1231	1439	1238	1933.8125	3820.3125	4439.6875	3922	4776.8125	2799.25	1756	vegetacion
509375	558075	1339	1586	1399	1957.4375	3330.4375	3751.75	3740	4013.3125	3001.125	1935.125	vegetacion
517495	554995	1265	1452	1312	1833.375	3334.25	3858.875	3834	4195.125	2927.375	1881.3125	vegetacion
509995	553885	1331	1642	1360	2103.625	3948	4559.3125	4701	4872.1875	3081.9375	1907.1875	vegetacion
511675	554645	1224	1451	1243	1781.9375	3754.8125	4502.3125	4496	4864.75	2732.25	1767.1875	vegetacion
509105	558015	1299	1496	1333	1920.9375	3419.625	3882.25	3658	4149.0625	2929.75	1900.3125	vegetacion
517355	555545	1271	1497	1332	1846.375	3295.9375	3834.9375	3697	4150.5625	2756.25	1823.75	vegetacion
509115	554225	1320	1526	1330	1951.3125	3266.3125	3692.375	3896	4021.9375	2946.8125	1907.25	vegetacion
510185	554655	1331	1593	1361	1993.9375	3887.1875	4468.875	4632	4876.125	3225.875	2008.0625	vegetacion
510395	554135	1303	1584	1319	1977.9375	3838.5625	4405.625	4619	4773.8125	2988.8125	1869.375	vegetacion
509185	558045	1309	1580	1375	1998.1875	3477.6875	3937.875	3895	4249.875	2960	1924.1875	vegetacion
512815	554145	1303	1488	1303	1818.375	3440	4034.9375	4091	4381.875	2919	1873.4375	vegetacion
509425	554795	1306	1556	1370	1950.0625	3427.4375	3913.75	3872	4218.3125	2901.5625	1854.5625	vegetacion
511785	554715	1255	1431	1272	1782.1875	3460.4375	4127.9375	4112	4404.625	2864.375	1840.5625	vegetacion
509275	554165	1293	1497	1340	1895.4375	3126.375	3517.625	3564	3846.3125	2869.5	1873.6875	vegetacion
510415	554325	1288	1564	1326	2035.1875	3459.125	3905	3956	4247.125	3037.0625	1951.0625	vegetacion
515065	553115	1318	1546	1329	1825.125	3295.3125	3870.5	4188	4175.5	2864.75	1877.5	vegetacion
517465	555245	1241	1418	1238	1797.4375	3479.5	4127.5625	4240	4430.25	2804.875	1791.5625	vegetacion
512685	553945	1282	1517	1333	1778.75	3199.625	3665.125	3945	3972.125	2886.5	1870.8125	vegetacion
510085	553965	1288	1543	1268	1977.8125	3948.6875	4638.125	4667	4964.5625	2903.8125	1804.4375	vegetacion
510175	554855	1287	1512	1303	1897.625	3885.8125	4634.375	4688	5051.3125	2923.4375	1833.3125	vegetacion
510475	560205	1289	1470	1266	1863.875	3535.3125	4240.6875	3939	4607.1875	2886.375	1859.3125	vegetacion
512645	553925	1257	1474	1286	1790.1875	3172.375	3654.4375	3764	3939.4375	2863.0625	1840.4375	vegetacion
510145	553795	1292	1656	1344	2187.3125	3790.75	4211.25	4460	4578.3125	3101.875	1948	vegetacion
510255	554855	1335	1601	1380	2086.8125	3613.5	4048.6875	4397	4376.1875	3033.8125	1955.625	vegetacion
509195	553625	1263	1516	1318	1914.125	3281.9375	3705.75	3841	3998.9375	2897.1875	1858.3125	vegetacion
509605	554715	1278	1479	1280	1862.625	3472.0625	4027.375	3856	4369.3125	2879.8125	1792.625	vegetacion
510185	554925	1252	1556	1266	1904.625	3828.125	4625.6875	4705	4954.875	2886.5	1837.9375	vegetacion
516295	555735	1289	1563	1349	2029.4375	3667	4191.6875	4009	4511.8125	2976.1875	1920.5	vegetacion
509545	554605	1290	1527	1328	1912.25	3253	3680.3125	3746	3978.8125	2885.9375	1849.3125	vegetacion
509015	553735	1274	1484	1277	1866.125	3573.4375	4160.8125	4288	4484.8125	2800.1875	1784.75	vegetacion
515155	553165	1343	1620	1389	1940.6875	3561.6875	4174.8125	4265	4496.25	2988.5	1905.4375	vegetacion
515265	553405	1344	1530	1336	1949.625	3509.375	4024.875	3886	4315.375	2922	1888.375	vegetacion
515465	559975	1390	1717	1491	2140.1875	3660.8125	4104.0625	4211	4530.375	3168.375	2086.75	vegetacion
510065	553685	1306	1562	1308	2019.75	3961.1875	4621.125	4719	4984.25	3064.625	1910.0625	vegetacion
509045	554075	1278	1532	1316	1950.25	3475.375	3977.5	4045	4345.625	2909.5625	1837.875	vegetacion
510435	554205	1280	1497	1306	1890.125	3591.4375	4174	4169	4564.75	2870.0625	1813.6875	vegetacion
511725	554535	1282	1490	1321	1835	3452.0625	3902.875	4013	4229.3125	2817.9375	1875.5625	vegetacion
510255	554365	1281	1565	1307	1979.8125	4026.125	4595.375	4703	4896.6875	3006.1875	1872.9375	vegetacion
515675	553965	1340	1562	1375	1956.9375	3235.8125	3681.25	3762	4056.5	3051	2021.1875	vegetacion
509385	554885	1324	1647	1399	2059.4375	3632.0625	4145.875	4044	4558	2921.5625	1857	vegetacion
508735	558255	1307	1564	1378	1968.375	3459.25	3912.125	3813	4230.5625	2961.875	1915.4375	vegetacion
517765	554795	1287	1466	1292	1815.375	3397.6875	4009.5625	3814	4331.3125	2916.625	1882.125	vegetacion
508545	558635	1252	1440	1276	1847.625	3593.125	4244.875	4328	4580.75	2875.875	1813.75	vegetacion
509555	554615	1290	1550	1346	1932.0625	3278.4375	3692.5	3712	4006.9375	2901.875	1861.625	vegetacion
510285	554605	1285	1525	1284	1898.3125	4027	4826.625	4796	5249.375	3014.0625	1862.9375	vegetacion
511825	554605	1256	1493	1293	1846.5625	3619.25	4207.75	4191	4556.125	2879.0625	1845.0625	vegetacion
510075	554865	1247	1524	1245	1802.625	3573.75	4462.875	4714	4942.0625	2717.75	1743.0625	vegetacion
510455	553785	1308	1535	1308	1967.25	4102.25	4710.6875	4711	5003.3125	3004.75	1904.625	vegetacion
517745	555485	1295	1522	1278	1901.0625	3716.5	4396.5625	4457	4783.25	2901.875	1799.4375	vegetacion
515185	553495	1246	1467	1269	1868.625	3456	4011.875	3988	4363.25	2929.625	1902.625	vegetacion
515575	553905	1268	1504	1307	1935.875	3448.6875	4018	4077	4381.1875	3037.6875	1959.0625	vegetacion
515125	553405	1268	1486	1266	1847.9375	3556.8125	4190.25	4312	4526.875	2906.5	1845.6875	vegetacion
511935	558645	1281	1488	1302	1836.8125	3592.4375	4190.125	4304	4654.125	2968.9375	1933.5	vegetacion
512605	553935	1288	1500	1328	1817.5	3210.125	3663.9375	3718	4013.6875	2932.6875	1885.625	vegetacion
509095	558545	1296	1543	1354	1934.6875	3578.9375	4109.875	4043	4433.75	2973.6875	1920.3125	vegetacion
514775	562055	1335	1578	1451	1979.875	3205.75	3597.25	3664	3911.3125	3058.125	2042.6875	vegetacion
509245	554955	1280	1525	1292	1917.75	3697.75	4319.1875	4408	4658.6875	2862.625	1813.75	vegetacion
509475	554565	1333	1585	1357	1973.4375	3223.125	3674.0625	3619	3932.0625	2958.75	1903.125	vegetacion
508915	553775	1284	1503	1313	1920.0625	3473.0625	3974.25	3880	4285	2902.1875	1845.875	vegetacion
509995	553905	1333	1578	1348	2014.4375	3747.3125	4311.375	4214	4653.875	3061.3125	1916.5625	vegetacion
515765	553965	1253	1450	1271	1824.1875	3494.9375	4097.4375	3975	4513.6875	2905.75	1823.0625	vegetacion
515005	553165	1299	1506	1348	1895.8125	3234.6875	3691.5	3623	4015.6875	2946.625	1938.0625	vegetacion
509295	558055	1286	1491	1328	1927.0625	3356	3765.1875	3754	4085.4375	2983.75	1931.25	vegetacion
508865	558205	1292	1527	1340	1965.4375	3566.8125	4049.75	3950	4381.0625	2909.6875	1873.5625	vegetacion
509465	554955	1302	1562	1320	1958.375	3477.375	3916.5	3924	4247.4375	2817.4375	1825.75	vegetacion
509225	553575	1292	1578	1321	1956.375	3452.9375	3899.625	4017	4223.0625	2890.6875	1856.0625	vegetacion
515585	560035	1298	1513	1351	1914.9375	3357.25	3806.25	3728	4131.4375	2920.125	1930.5625	vegetacion
509255	553945	1296	1508	1328	1907	3298.1875	3695.6875	3720	3994	2872.25	1860.375	vegetacion
509015	558225	1297	1518	1328	1942.3125	3291.4375	3694.25	3595	3989.9375	2820.625	1889.1875	vegetacion
517545	554595	1281	1456	1283	1838.9375	3325.0625	3850.6875	3813	4186.6875	2862.375	1869.9375	vegetacion
515305	553515	1308	1543	1331	1967.875	3624.875	4209.625	4143	4496	3038.5625	1935.4375	vegetacion
508775	558185	1276	1548	1316	1954.0625	3467.4375	3907.25	3979	4227	2891	1875.5625	vegetacion
509685	554695	1323	1548	1352	1928.1875	3489.875	4012	4162	4398.5	2997.4375	1915.0625	vegetacion
511525	554255	1258	1472	1244	1811.5	3820.3125	4570	4652	4929	2852.375	1801.5625	vegetacion
511855	558765	1251	1411	1283	1765.1875	3414.375	4055.4375	4019	4368.4375	2736.5	1772.3125	vegetacion
509455	553925	1269	1509	1286	1877.375	3573.125	4098.4375	4419	4454.25	2875.125	1813.5	vegetacion
511945	558575	1305	1520	1325	1866.5625	3632.375	4214.5625	4140	4511.4375	2984.75	1953.875	vegetacion
515505	559945	1412	1665	1511	2154.375	3380.5	3794.3125	3685	4177.0625	3251.9375	2177	vegetacion
508965	553735	1259	1567	1303	1945	3643.6875	4205.875	4276	4516.4375	2835.5625	1769.5625	vegetacion
517775	554955	1293	1520	1305	1819.375	3600.0625	4278.25	4189	4630	2838.25	1800.5625	vegetacion
512735	554295	1300	1552	1283	1894.875	3791.8125	4438	4607	4765.125	3047.75	1891	vegetacion
515855	555915	1301	1552	1362	1935.125	3509.9375	4119.4375	4046	4486.9375	2809.25	1835.4375	vegetacion
510195	553855	1324	1650	1371	2139.6875	3729	4169.875	4212	4521.4375	3006.4375	1888	vegetacion
516095	555815	1276	1518	1294	1894	3570.5	4148.5625	4082	4450.75	2915.375	1876.875	vegetacion
510445	561435	1318	1545	1326	1918.25	3798.9375	4828.3125	4876	5282.5625	3010.3125	1945.875	vegetacion
509425	554165	1310	1556	1324	1935.5	3389.5	3880.4375	4035	4189.625	2893	1867.5625	vegetacion
508805	553985	1274	1521	1302	1927.875	3529.875	4099.9375	4320	4438	2921.8125	1845.0625	vegetacion
508775	558205	1341	1576	1401	1967.25	3276.3125	3649.4375	3630	3945.375	2971.0625	1959.5	vegetacion
517245	554795	1283	1534	1300	1942.375	3758.25	4417	4440	4760.125	2939.75	1863.8125	vegetacion
511635	554695	1232	1436	1233	1777.9375	3776.3125	4608.4375	4468	4975.6875	2800.9375	1768.1875	vegetacion
508905	553825	1281	1497	1324	1896.3125	3355.4375	3821.8125	3846	4160.625	2809.5625	1804	vegetacion
508645	554085	1265	1512	1317	1939.1875	3402.625	3877.25	4034	4209.375	2873.875	1845.875	vegetacion
515435	553715	1319	1579	1371	2071.375	3547.3125	3936.375	4132	4320.1875	3149.25	2035	vegetacion
510575	560675	1302	1574	1283	1962.5	3984	4874.0625	4732	5182.875	3032.875	1906.9375	vegetacion
515625	560055	1276	1450	1278	1843.625	3300.3125	3793.6875	3730	4092	2880	1880.1875	vegetacion
512645	553955	1286	1542	1307	1821.125	3252.75	3748.8125	4143	4111.625	2926.3125	1873.25	vegetacion
510215	554745	1275	1527	1318	1869.6875	3901.0625	4751.625	4858	5109.6875	3000.6875	1874.0625	vegetacion
517615	555385	1246	1416	1218	1754.0625	3558.625	4273.4375	4211	4629.625	2743.3125	1759	vegetacion
509365	553945	1302	1548	1318	1944.1875	3354.8125	3767.6875	3874	4049.75	2908.9375	1871.5625	vegetacion
509515	554065	1339	1548	1376	1935.6875	3084.6875	3481.0625	3469	3815.0625	3026.8125	1996.9375	vegetacion
508855	553465	1291	1532	1318	1953.25	3616.75	4164.625	4142	4467.375	2894.4375	1834.125	vegetacion
510225	554935	1302	1547	1337	1940.5625	3782.1875	4407.3125	4605	4801.8125	3030.1875	1901.4375	vegetacion
508865	553355	1266	1456	1288	1850.8125	3327	3846.375	3733	4157.875	2842.8125	1838.25	vegetacion
517715	555475	1265	1460	1250	1808.9375	3653.625	4366	4489	4756.6875	2763.75	1762.9375	vegetacion
509545	554225	1324	1553	1400	1947.125	3107.1875	3507.375	3414	3819.875	2957.75	1931.6875	vegetacion
510235	554075	1260	1519	1274	1931.875	3734.1875	4334.5	4256	4645.625	2890.0625	1814.3125	vegetacion
517375	554905	1282	1490	1315	1885.9375	3544.75	4155	4283	4492.5	2877.3125	1814.4375	vegetacion
510445	554405	1293	1543	1316	1970.1875	3559.6875	4127.8125	4160	4487.3125	3032.125	1957.3125	vegetacion
509055	558465	1260	1511	1284	1972.375	3628	4159.5625	4255	4483.5	2919.8125	1848.625	vegetacion
510635	554405	1290	1565	1296	1949.625	4044.875	4737.375	5040	5142.0625	2936.1875	1842	vegetacion
511585	554655	1264	1502	1284	1795.375	3837.9375	4752.5	5272	5124.6875	2724.1875	1749.125	vegetacion
509185	553645	1328	1568	1413	1974.8125	3137.125	3503.9375	3449	3808.0625	2939.125	1923.875	vegetacion
510195	554975	1274	1550	1274	1937.125	3990.5	4802.5	4948	5147.4375	2934.375	1845.5	vegetacion
509295	558085	1287	1525	1303	1944.3125	3512.9375	3947.625	4201	4255.875	2987.5	1917.75	vegetacion
509495	557965	1286	1521	1331	1913.5625	3496.875	3998.25	3871	4369.625	2891.8125	1851.1875	vegetacion
517455	555305	1255	1460	1250	1768.25	3429.625	4098.625	4247	4410.8125	2823.875	1804.0625	vegetacion
509015	557995	1233	1464	1255	1921.75	3843.875	4549.8125	4307	4807.1875	2792.625	1786.3125	vegetacion
508975	553375	1421	1661	1567	2151.4375	3293.8125	3692.375	3777	4005.1875	3332.875	2216.75	vegetacion
509045	553855	1276	1500	1289	1881	3544.8125	4140.625	4045	4513.875	2834.4375	1804.5	vegetacion
510535	560835	1267	1477	1258	1888.6875	3712.4375	4354.3125	3963	4658.8125	2939.5625	1874.25	vegetacion
509305	558215	1319	1536	1402	1988	3283.4375	3690.4375	3566	3974.5	3011.125	2000.3125	vegetacion
517475	554655	1302	1543	1389	1905.3125	3562.75	4200.125	4219	4542.625	2920.5	1868.25	vegetacion
511885	554585	1325	1540	1366	1946.4375	3666.5	4194.25	4256	4566.9375	3018.625	1934.0625	vegetacion
511785	554575	1294	1524	1315	1909.125	3550.6875	4069.25	4094	4394.1875	2834.125	1872	vegetacion
510075	554205	1287	1513	1330	1907.9375	3596.0625	4138	3995	4498.375	2837.9375	1835.625	vegetacion
509495	553875	1330	1558	1354	1940.9375	3342.125	3753.8125	3782	4050.1875	2897	1869.875	vegetacion
510635	554555	1256	1457	1281	1805.625	3535.0625	4167.5625	4046	4529.625	2856.5	1824.5	vegetacion
508865	553535	1333	1568	1385	1959.0625	3443.9375	3936.0625	3975	4272.0625	2913.625	1863.625	vegetacion
509375	554705	1308	1576	1370	1946	3345.6875	3775.8125	3894	4112.6875	2919.875	1872.9375	vegetacion
510395	554455	1257	1492	1286	1849.875	3473.1875	4042.0625	4160	4358	2829.1875	1822.75	vegetacion
510395	554825	1261	1477	1292	1876.375	3498.875	4102.75	4052	4466.9375	2928.375	1875.9375	vegetacion
509045	554475	1299	1536	1302	1927.75	3523.75	4046.3125	4156	4372.8125	2818.3125	1784.3125	vegetacion
510145	554845	1284	1482	1294	1882.625	3826.3125	4536.8125	4231	4895.375	2866.875	1816.875	vegetacion
511795	558875	1304	1552	1324	1920.625	3798.5625	4661.75	4776	5061.625	2907.1875	1898.1875	vegetacion
512815	554275	1203	1375	1211	1664.375	3517.0625	4213.1875	4231	4517.375	2656.625	1689.5625	vegetacion
517635	555305	1242	1468	1239	1815.875	3689.3125	4455.5625	4808	4775.75	2840.875	1783.8125	vegetacion
517395	555665	1282	1546	1313	1897.5	3916.5	4685.5	4921	5107.1875	2927.875	1838.875	vegetacion
509415	554945	1256	1491	1270	1905.625	3726.875	4356.625	4597	4762.0625	2849.5625	1797.875	vegetacion
510635	554435	1260	1533	1237	1863.75	3727.4375	4382.25	4441	4688	2707.4375	1717.5	vegetacion
509455	554325	1302	1558	1314	1939.4375	3363.9375	3791.125	4124	4090.5625	2856.1875	1843.1875	vegetacion
510425	554515	1450	1712	1664	2173	3610.9375	4075.625	4193	4399.1875	3252.3125	2110.6875	vegetacion
511755	554605	1313	1520	1374	1898.4375	3461.625	3939.5	3919	4330.8125	2934.0625	1925.25	vegetacion
508855	554145	1257	1481	1270	1821.75	3474.9375	4052.9375	4151	4413.375	2760.0625	1747.625	vegetacion
509965	554265	1389	1662	1451	2157.1875	3870.875	4345	4348	4740.4375	3253.875	2064.625	vegetacion
508975	558495	1277	1489	1282	1943.5	3534.875	4007.5625	3950	4318.8125	2937.625	1874.6875	vegetacion
510595	554265	1241	1447	1230	1785.625	3625.3125	4289.375	4243	4595.875	2716.6875	1721	vegetacion
511695	554545	1242	1474	1254	1765.125	3781.125	4459.9375	4732	4773.4375	2858	1819.875	vegetacion
509275	558025	1282	1474	1342	1890.0625	3280.1875	3742.6875	3733	4063.9375	2930.625	1927.375	vegetacion
508705	558625	1302	1534	1349	1953.5	3282.375	3689.25	3906	4021.875	2993.5	2010.3125	vegetacion
509465	554905	1284	1530	1322	1929.375	3567.1875	4144.25	4199	4455	2780.3125	1769.75	vegetacion
515155	553275	1342	1610	1390	1904.1875	3430.3125	3855.8125	4284	4212.125	3021.125	1919.3125	vegetacion
510055	554685	1218	1428	1223	1770	3582.375	4234.5	3965	4607.875	2701.5	1721.1875	vegetacion
510205	553925	1322	1610	1373	2067.125	3625.375	4112.6875	4208	4446.5	2958.8125	1886.125	vegetacion
509115	554235	1308	1530	1347	1934.9375	3247.6875	3684.75	3796	4021.3125	2920	1889.8125	vegetacion
512885	553855	1290	1572	1343	1916.75	3447.875	3937.1875	4245	4254.5625	3062.9375	1962.5	vegetacion
511945	554555	1296	1530	1324	1923.9375	3983	4671	4836	5002.1875	2920.5625	1867.1875	vegetacion
510095	554875	1330	1562	1328	1878.625	3793.375	4659	5201	5058.4375	2830.5	1790.8125	vegetacion
509275	553805	1260	1481	1282	1866.875	3382	3879.75	3979	4235.5625	2803.25	1788.125	vegetacion
509555	554105	1344	1540	1340	1941.875	3308	3751.625	3835	4066.875	2908.1875	1889.875	vegetacion
510575	560615	1292	1575	1305	1901.25	3883	4750.875	4898	5163.75	2988.5625	1888.4375	vegetacion
510075	554855	1243	1450	1221	1783.875	3627.25	4504.125	4228	4849.6875	2718.25	1738.1875	vegetacion
510335	554135	1256	1534	1284	1945.25	3633.25	4180	4180	4494.6875	2846.6875	1805.375	vegetacion
511535	554595	1256	1479	1263	1761.8125	3568.6875	4258.75	4355	4602.5	2602.375	1708.875	vegetacion
512775	553835	1274	1522	1270	1796.25	3587	4303.5625	4829	4637.75	2713.0625	1738.8125	vegetacion
509565	557955	1296	1549	1284	1934.375	3677.875	4235.625	4463	4571.75	2909.1875	1845.5625	vegetacion
509165	553595	1298	1571	1362	2021.3125	3266.75	3640.5	3806	3990.125	3069.1875	2004.4375	vegetacion
509955	554375	1278	1543	1250	1968.5625	4442.125	5330.3125	5427	5677	3007.4375	1839.1875	vegetacion
509065	554425	1288	1543	1330	1893.8125	3270.875	3736.5	3733	4010.375	2771.5625	1789.0625	vegetacion
517525	554995	1253	1500	1282	1861.125	3371.5625	3913.0625	3922	4259.8125	2958.125	1882.4375	vegetacion
509005	558145	1298	1543	1375	1998.25	3434.25	3919.875	3867	4228.0625	2976	1915.25	vegetacion
508945	553425	1249	1508	1252	1865.25	3594.0625	4196.75	4373	4481.9375	2781	1746.625	vegetacion
510115	554665	1326	1590	1402	2007.3125	3790.5625	4395.6875	4139	4865.6875	3265.5625	2052.625	vegetacion
510085	554795	1266	1492	1256	1866.4375	3952.875	4735.75	4961	5113.875	2852.375	1803.625	vegetacion
517315	555455	1317	1512	1350	1937.375	3407.75	3894.5	3786	4238.625	2935.75	1956	vegetacion
510395	554935	1272	1506	1282	1858.9375	3587.25	4222.5625	4274	4557.6875	2855.3125	1803.8125	vegetacion
515575	560015	1356	1600	1420	2039.25	3463.8125	3844.125	3917	4211	3037.25	2025.6875	vegetacion
515855	555715	1313	1552	1357	1983.75	3599.25	4115.75	4120	4373.3125	2954.4375	1910.625	vegetacion
517225	554855	1279	1490	1371	1827.75	3368.8125	3936.875	3656	4311.75	2857.625	1867.0625	vegetacion
509575	554325	1272	1514	1292	1890.5625	3363.9375	3869.3125	4030	4220	2887.1875	1857.75	vegetacion
509225	554695	1261	1487	1310	1886.875	3294.6875	3745.625	3812	4067.375	2862.3125	1840.5	vegetacion
510235	554555	1298	1569	1304	1996.3125	4129	4801.375	4908	5162.875	3144.6875	1960.8125	vegetacion
512875	553905	1283	1532	1324	1919.875	3377.0625	3871.25	3821	4210.0625	3065.0625	1965.5625	vegetacion
510405	553875	1257	1440	1261	1864.25	4019.125	4758.3125	4749	5109.3125	2903.125	1806	vegetacion
508775	554135	1260	1497	1294	1863.4375	3514.375	4122.125	4228	4471.5625	2801.9375	1791.375	vegetacion
510125	554025	1278	1524	1279	1962.4375	3740.75	4386.375	4405	4686.625	2907	1842.625	vegetacion
508915	554465	1261	1476	1252	1857.5625	3575.5	4133.8125	4264	4446.5625	2806.25	1762.0625	vegetacion
511915	558535	1330	1604	1441	1967.3125	3544.8125	4155.875	4094	4519.3125	3125.8125	2075.3125	vegetacion
510025	554145	1296	1548	1285	1904.25	4266.3125	5098.75	5188	5503.25	2979.6875	1834.25	vegetacion
509445	554635	1303	1574	1327	1977.6875	3495.75	3975.625	4084	4353.125	2967.0625	1877.0625	vegetacion
509105	554465	1313	1547	1376	1935.375	3313.375	3722.4375	3642	4021.5625	2885.3125	1884.5625	vegetacion
509145	554435	1286	1524	1283	1879.125	3370.1875	3845.25	4041	4191.5625	2818.875	1798.5	vegetacion
517885	554945	1274	1505	1269	1900.5	3814.875	4551.8125	4603	4898.3125	2909.8125	1828.9375	vegetacion
517345	554655	1286	1470	1309	1803.25	3353.625	3922.5625	4076	4215.625	2808.875	1798.3125	vegetacion
511805	558695	1222	1410	1222	1742.3125	3482.1875	4297.1875	4046	4688.4375	2637.8125	1692.375	vegetacion
517885	555475	1266	1491	1290	1884.125	3560.5625	4229.0625	4316	4599.6875	2946.5625	1886.375	vegetacion
510465	553785	1296	1526	1293	1971.75	4115.75	4734.5625	4695	5044.9375	2990.75	1904.375	vegetacion
510405	560585	1282	1532	1309	1894.75	3690.5625	4505.375	4539	4865.125	2950.9375	1906.1875	vegetacion
509445	558255	1300	1524	1355	1980.125	3384.8125	3832	3679	4164.375	2962.375	1928.5625	vegetacion
509995	554475	1273	1574	1279	1969.5	4027.25	4734.25	4937	5177.3125	2935.75	1805.375	vegetacion
511835	558615	1252	1510	1268	1875.5625	4099.375	4904.6875	5073	5239.875	2983.75	1887.6875	vegetacion
511605	554575	1248	1386	1231	1725.8125	3558.125	4344.25	3833	4599.375	2607.8125	1707.3125	vegetacion
508815	558275	1244	1476	1260	1889.5	3522.5	4084.1875	4152	4370.25	2822.6875	1804.5	vegetacion
509095	558205	1254	1526	1302	1953.6875	3438.5625	3886.6875	4097	4231.5	2956.375	1918.375	vegetacion
509275	554245	1318	1596	1382	1953.75	3291.3125	3718.875	3591	4006.1875	2906.1875	1885.6875	vegetacion
508755	553435	1317	1590	1410	2029.5625	3507.125	3942.25	4061	4201.375	2961.625	1911.5625	vegetacion
508885	558265	1274	1509	1287	1896.0625	3565.625	4083.0625	4067	4425.125	2862.25	1828.5	vegetacion
512635	554055	1301	1566	1332	1874.25	3421.6875	3895.875	4112	4201	2965.25	1905.75	vegetacion
517855	554905	1292	1540	1315	1927.25	3589.3125	4156.0625	4340	4555.4375	2929.5625	1846.625	vegetacion
509465	553895	1292	1542	1316	1936.875	3406	3847.5	3780	4149.25	2865.8125	1853.0625	vegetacion
516255	555805	1260	1466	1288	1871.4375	3299.9375	3780.0625	3683	4121.3125	2854	1880.875	vegetacion
511835	554755	1265	1486	1287	1797.5	3452.5625	4167.0625	3902	4317.8125	2598.3125	1721.3125	vegetacion
517565	555305	1262	1488	1289	1880.875	3405.25	3941.0625	3909	4260.25	2822.125	1804.5625	vegetacion
515835	555705	1313	1594	1387	1989.3125	3658.1875	4235	4231	4471.0625	2901.375	1877.1875	vegetacion
509345	555115	1272	1516	1290	1904.8125	3568.8125	4134.0625	4108	4487.1875	2845.5625	1817.5	vegetacion
508915	553705	1289	1501	1290	1906.3125	3635.75	4215.0625	4331	4578.5	2863.5	1818.9375	vegetacion
508955	553585	1308	1538	1372	1940.9375	3343.25	3780.875	3756	4079.375	2875.0625	1862.6875	vegetacion
516155	555855	1268	1526	1256	1869.0625	3769.625	4494.625	4715	4808.5625	2878.375	1802.625	vegetacion
508985	558105	1340	1550	1428	1917.4375	3312.625	3771	3716	4054.25	2912.3125	1903.1875	vegetacion
511915	554625	1291	1548	1301	1924.125	3999.5625	4644.6875	4837	4984.75	2960.625	1873.8125	vegetacion
517455	555325	1235	1432	1243	1774.9375	3285.75	3853	3878	4148.0625	2763.5625	1788.4375	vegetacion
511595	554455	1249	1473	1213	1759.1875	3520.75	4167.75	4081	4515.1875	2516.125	1635.5625	vegetacion
509155	558525	1312	1524	1331	1923.375	3561.5625	4098.9375	4039	4413.125	2937.3125	1887.6875	vegetacion
515055	553215	1276	1479	1304	1810.125	3392.6875	3965.4375	4072	4321.125	2823.25	1808.5	vegetacion
517635	555575	1263	1425	1270	1805.5	3455.25	4150.5	4001	4489.3125	2829.125	1813.125	vegetacion
515175	553185	1364	1626	1408	2083.9375	3771.3125	4261.1875	4207	4624.8125	3160.375	2007.3125	vegetacion
510585	554215	1207	1381	1186	1749.9375	3440.4375	4046.4375	3769	4330.6875	2625.125	1707.5	vegetacion
510045	554185	1235	1467	1240	1818.4375	3864.9375	4588.6875	4740	4940.625	2834.5625	1798.125	vegetacion
508935	554595	1267	1513	1252	1934.375	3825.375	4514.625	4640	4891.625	2861	1760.5	vegetacion
510575	554575	1288	1525	1327	1872.375	3483.4375	4049.375	4152	4381.5	2848.875	1850.5625	vegetacion
516195	555785	1232	1443	1249	1828.75	3453.5625	4038.625	4111	4349.0625	2809.4375	1817.375	vegetacion
509355	558365	1357	1644	1480	2153.375	3443.125	3803.125	3831	4111	3212.375	2107.5	vegetacion
509295	554685	1300	1523	1328	1929.875	3365.5625	3826.4375	3902	4160.5	2846.4375	1851.125	vegetacion
511765	554755	1335	1600	1387	1856.1875	3745.75	4455.625	4688	4792.75	2772.125	1792.25	vegetacion
515155	553175	1310	1556	1328	1963.0625	3569.4375	4156.4375	4248	4472.5625	3008.5625	1917.75	vegetacion
510345	553875	1268	1516	1267	1928.8125	3896.625	4501.9375	4612	4811.9375	2856.1875	1823.75	vegetacion
508995	558025	1299	1584	1312	1939.875	3864.8125	4473.125	4752	4830.9375	2913.0625	1845.25	vegetacion
515305	553695	1320	1520	1330	1807.1875	3340.75	3816	3952	4156.125	2885.4375	1884.25	vegetacion
508675	554165	1254	1456	1243	1831.375	3518.5	4119.625	4002	4433.25	2775.6875	1748.5	vegetacion
508935	553345	1361	1621	1430	2029.5625	3279.75	3666.625	3751	3966.5	3091	2022.25	vegetacion
509065	554155	1256	1494	1282	1867.25	3407.875	3947.0625	3928	4219.4375	2800.8125	1771.625	vegetacion
511745	554685	1286	1526	1313	1817.875	3462.875	4118.875	4107	4401.5	2822.9375	1837.5	vegetacion
509465	554225	1278	1542	1329	1923.5625	3322.125	3763.5	3862	4052.8125	2849.5625	1844.3125	vegetacion
510695	554525	1261	1484	1252	1898.0625	3798.625	4528.3125	4531	4888.875	2844.625	1818.3125	vegetacion
511925	558835	1235	1430	1260	1760.5625	3640.3125	4323.6875	4433	4639.875	2714.75	1743.5625	vegetacion
517695	555335	1274	1512	1275	1830.4375	3349.9375	3924.5625	4108	4288.1875	2724.875	1768.8125	vegetacion
509565	554165	1330	1583	1379	1950	3088.6875	3435.25	3508	3742.5	2973.125	1969.8125	vegetacion
508985	554325	1226	1471	1252	1860	3528.1875	4110.625	4332	4519.875	2818.1875	1765.6875	vegetacion
510285	554345	1304	1582	1334	2093.8125	3943.5625	4345.3125	4155	4664.0625	3103	1946	vegetacion
517395	555505	1286	1479	1316	1861.4375	3236.0625	3740.125	3721	4007.0625	2798.9375	1849.5625	vegetacion
515905	555695	1291	1562	1321	1971.6875	3716.25	4308.1875	4339	4605.5	2985.0625	1907.9375	vegetacion
508995	553695	1282	1528	1290	1900.5625	3605	4176.3125	4072	4484.3125	2856.9375	1809.25	vegetacion
508875	554445	1256	1469	1244	1850	3635.125	4270.0625	4395	4594.1875	2737.875	1703.4375	vegetacion
510445	560625	1302	1577	1327	1940.625	3775.75	4584.1875	4604	4971.6875	3054.4375	1939.5625	vegetacion
509605	557965	1342	1568	1389	1981.875	3440.375	3854.375	3850	4150	2971.375	1937.875	vegetacion
517425	555295	1236	1467	1238	1820.3125	3499.6875	4105	4047	4464.375	2799.0625	1764.875	vegetacion
517405	555595	1287	1552	1349	1929.1875	3769.9375	4459.4375	4252	4728.625	2789.9375	1777.875	vegetacion
509515	554985	1297	1545	1317	1899.0625	3416.5625	3897	4003	4182.3125	2814.0625	1819.625	vegetacion
509255	555095	1253	1483	1258	1852.6875	3602.25	4260.125	4276	4630.3125	2715	1707.5625	vegetacion
508865	558535	1317	1530	1334	1943.6875	3571.75	4078.5	4125	4382.625	2964.875	1905.3125	vegetacion
510405	554125	1297	1590	1332	1956.125	3681.375	4246.4375	4633	4644.5	3025.875	1931.3125	vegetacion
511815	554735	1284	1530	1292	1813.1875	3708.375	4417.1875	4720	4807.5	2759.1875	1761.75	vegetacion
510495	560705	1256	1512	1274	1893.9375	3793.5	4744.875	4670	5036.6875	2895.125	1846.8125	vegetacion
509125	554495	1332	1556	1358	1959.4375	3271.6875	3662.75	3675	3983.0625	2904.5625	1884.6875	vegetacion
515535	560005	1356	1603	1421	1994.375	3351.8125	3818.3125	3799	4112.8125	3039	2032.5625	vegetacion
508905	553345	1425	1583	1512	1886.1875	3023.8125	3426.9375	3002	3693.5625	2815.125	1920.875	vegetacion
509025	558155	1285	1568	1314	2026.4375	3662.8125	4175.5	4240	4477.5625	2966.1875	1895.125	vegetacion
509485	554735	1314	1528	1350	1951.625	3569.1875	4121.3125	4119	4421.75	2869	1831.125	vegetacion
510115	554425	1266	1500	1284	1897.75	3838.8125	4403.75	4440	4716.75	2950.125	1890.125	vegetacion
515075	553375	1322	1554	1389	1896.6875	3306.625	3735.1875	3766	4061.875	2976.9375	1920.1875	vegetacion
508815	553935	1268	1478	1278	1884.375	3407.9375	3938.0625	3875	4264.1875	2845.8125	1805.8125	vegetacion
510105	553945	1278	1556	1291	1978.3125	4050.25	4748.3125	4648	5156.9375	2869.9375	1776.8125	vegetacion
511775	554615	1316	1498	1348	1876.5	3374.1875	3877.5625	3866	4225.5	2896.3125	1916.625	vegetacion
517455	554715	1273	1497	1280	1809.125	3252.1875	3777.8125	3930	4104.0625	2820.375	1828.75	vegetacion
508575	558415	1235	1439	1276	1826.5625	3639.75	4231.125	4216	4577.1875	2881.75	1854	vegetacion
509185	553455	1289	1556	1326	2050.6875	3514.75	3977.8125	4034	4307.625	3091.25	2006.5625	vegetacion
510215	554315	1310	1560	1324	1994.6875	4041.375	4642.5	4743	5012.375	3042.8125	1899.1875	vegetacion
510495	554575	1266	1462	1295	1797.625	3329.875	3871.125	3998	4155.375	2809.3125	1815.375	vegetacion
510025	553945	1315	1518	1344	1875.25	3369.1875	3897.375	3812	4218.1875	2854.5	1864.5625	vegetacion
511795	554395	1255	1481	1302	1861.875	3624.0625	4128.8125	4285	4412.6875	2865.875	1875.5625	vegetacion
509445	554545	1284	1473	1302	1862.0625	3168.9375	3619.6875	3667	3884.3125	2870.625	1867.1875	vegetacion
509005	558035	1256	1466	1300	1897.4375	3632.125	4176.1875	3975	4475.6875	2844.8125	1837	vegetacion
517665	555525	1258	1447	1242	1796.375	3388.3125	3958.125	4010	4344.75	2770.625	1769	vegetacion
510205	554475	1273	1453	1316	1917.625	3869.625	4438.9375	4408	4740.0625	2916.5	1876.3125	vegetacion
511845	554765	1265	1466	1260	1763.5	3482.0625	4279.5625	4664	4582.3125	2593.8125	1711.3125	vegetacion
515415	553785	1328	1560	1359	1872.4375	3453.5	4003	4060	4382.4375	2993.5625	1937	vegetacion
510395	554975	1272	1474	1306	1867.125	3493.8125	4085.0625	3948	4397.9375	2829.625	1821.25	vegetacion
509065	554365	1286	1528	1308	1895.375	3462.5625	3953.625	4007	4269.75	2892.9375	1839.8125	vegetacion
509625	554855	1310	1518	1337	1929.5625	3565.5625	4156.8125	4132	4486.9375	2886.75	1838.125	vegetacion
510465	560965	1296	1593	1310	1968.0625	4212.75	5406.9375	5490	5765.9375	3135.5	1939.9375	vegetacion
515125	553105	1300	1570	1355	1949.375	3818.9375	4476.3125	4475	4869	3032.125	1897.75	vegetacion
515235	553665	1331	1602	1385	1961.1875	3478.0625	3957.6875	4054	4324.25	3012.875	1942.5625	vegetacion
512515	554095	1240	1386	1228	1716.1875	3382	4098.375	3756	4446.0625	2732.6875	1759	vegetacion
508675	554025	1448	1659	1672	2121.8125	3172.4375	3527.5625	3478	3846.3125	3339.25	2210.0625	vegetacion
511875	558825	1245	1417	1258	1751.3125	3416.3125	4054.5625	4071	4442.0625	2738.4375	1743.875	vegetacion
510545	560615	1268	1552	1289	1932.625	3862	4845.875	5048	5266.5625	2966.0625	1864.25	vegetacion
508975	558305	1260	1481	1265	1889.5	3560.5	4081.25	3976	4396.1875	2800.25	1791	vegetacion
511825	558615	1279	1545	1284	1871.9375	4093.8125	4901.3125	5240	5259.875	2957.125	1865.75	vegetacion
510465	561215	1306	1574	1306	1971.4375	4158.5625	5264.6875	5427	5628.125	3109.25	1960.8125	vegetacion
515095	553265	1276	1501	1312	1836.625	3431.25	3995.75	4007	4369.6875	2946.9375	1881.5625	vegetacion
508855	558285	1289	1536	1318	1923.4375	3468.3125	4051.1875	3929	4343.8125	2851.875	1835.5	vegetacion
517645	555485	1280	1468	1259	1817.5	3415.25	4003.4375	4007	4409.25	2860.8125	1842.5625	vegetacion
509455	554815	1310	1536	1330	1938.75	3545.3125	4080.3125	4134	4438.25	2885.5625	1842.625	vegetacion
508795	553885	1246	1480	1280	1904.875	3539.9375	4076.0625	3901	4360.1875	2819.125	1773.375	vegetacion
516305	555815	1243	1502	1290	1931.6875	3604.9375	4155.0625	4132	4515.125	2993.4375	1960.625	vegetacion
517465	555305	1242	1474	1265	1762.25	3447.375	4100.375	4287	4454.4375	2792.625	1788.6875	vegetacion
510475	554995	1270	1552	1271	1967.25	4063.75	4745.75	4687	5083	2971.6875	1888.625	vegetacion
510615	554345	1274	1514	1284	1878.625	3508.875	4054.0625	3738	4358.625	2726.4375	1767.75	vegetacion
510575	554655	1271	1558	1282	1955.375	3949.875	4697.75	4848	5055.5	2982.75	1886.25	vegetacion
515815	555785	1330	1568	1349	1915.9375	3409.5625	3919.875	3949	4177.9375	2853.3125	1856.375	vegetacion
509325	553925	1312	1560	1356	1959.6875	3386.625	3798.5625	3850	4094.375	2905.1875	1878.25	vegetacion
515185	553245	1353	1608	1432	2048.5	3446.375	3898.4375	4074	4269.4375	3152.8125	2013.25	vegetacion
514865	562015	1289	1486	1322	1823.875	3321	3816.75	3734	4132.9375	2827.0625	1851.0625	vegetacion
509315	557985	1302	1538	1357	1891.3125	3228.6875	3680	3736	3959.1875	2903	1911	vegetacion
514605	562035	1292	1524	1432	1934.625	3009.8125	3378.75	3426	3717.0625	2916.0625	1985.375	vegetacion
510405	554695	1304	1574	1374	2009.5	3331.25	3749.9375	3739	4054.25	3118.375	2035.5	vegetacion
515535	553735	1352	1596	1468	2036.4375	3319.3125	3691.25	3807	4101.375	3185.5625	2101.0625	vegetacion
515125	553455	1274	1526	1352	1919.25	3500.0625	3984.5	4094	4381.6875	2987.0625	1909.375	vegetacion
508965	558075	1284	1497	1290	1887.75	3656.8125	4267.6875	4397	4584.25	2845.5	1809.0625	vegetacion
512405	554205	1294	1545	1293	1873.125	3868.875	4520.1875	4672	4856.875	2912.125	1863.625	vegetacion
508935	558005	1263	1474	1256	1878.8125	3546.1875	4087.625	4144	4436.5	2858.75	1829.4375	vegetacion
509145	558355	1310	1520	1324	1974.3125	3570.75	4029.25	4085	4351.5625	2905.9375	1866.375	vegetacion
510455	560475	1249	1487	1264	1815.3125	3441.375	4187.6875	4223	4526.875	2738	1770.125	vegetacion
517685	554745	1268	1492	1297	1870.5625	3530.9375	4168.0625	4211	4490.0625	2883.5625	1858.8125	vegetacion
510105	554345	1253	1434	1240	1804.9375	4124.0625	4821.5625	4916	5152.875	2983.0625	1838.875	vegetacion
510145	554685	1327	1628	1406	2055.4375	3765.0625	4299.75	4326	4714.8125	3337.375	2101.25	vegetacion
510035	554925	1248	1494	1273	1782.875	3961.5	4899.4375	4987	5268.5625	2864.3125	1777.4375	vegetacion
509485	555095	1263	1487	1288	1896.0625	3681.3125	4339.875	4540	4704.875	2871.4375	1802.6875	vegetacion
517925	554955	1289	1502	1253	1931.6875	3898.0625	4617.5	4232	4991.25	3011.1875	1890.875	vegetacion
509045	554175	1287	1486	1309	1880.4375	3411.5	3963.9375	4087	4299.4375	2854.5625	1819.6875	vegetacion
509305	553745	1317	1538	1381	1945.375	3196	3628.875	3471	3941.8125	2901.4375	1884.4375	vegetacion
515175	553345	1314	1548	1334	1917.625	3526.3125	4100.75	4148	4492.9375	3032.3125	1920.5625	vegetacion
508895	558195	1319	1564	1392	1952.8125	3550.6875	4068.0625	3902	4356.625	2913.0625	1874.875	vegetacion
516075	555755	1303	1529	1270	1880.6875	3361.0625	3833.5625	3928	4172	2849.1875	1860.625	vegetacion
510135	554295	1304	1580	1317	1985	4177.375	4877.6875	5084	5303.25	3028.5625	1864.0625	vegetacion
510345	554225	1312	1560	1326	2019.125	3631.6875	4134.0625	4107	4466.5625	2944.25	1858.1875	vegetacion
509005	558185	1287	1470	1302	1967.8125	3635.1875	4183.875	4108	4509.125	2880.375	1866.625	vegetacion
508935	554315	1244	1503	1257	1879.125	3663.0625	4315.8125	4626	4694.4375	2821.4375	1750.3125	vegetacion
509375	553775	1300	1506	1330	1896	3233.9375	3675.125	3718	4029	2877.375	1870.875	vegetacion
510265	554585	1294	1487	1283	1846.6875	3941.3125	4750.9375	4936	5091.4375	2897	1801.25	vegetacion
509395	553825	1330	1592	1364	1982.625	3417.1875	3862.5	3952	4187.6875	2954.9375	1894.875	vegetacion
510405	561165	1294	1567	1355	1956.4375	3870	4675.6875	4740	5049.9375	3003.75	1949.75	vegetacion
510155	554045	1304	1606	1317	2021.375	3683.9375	4230.1875	4415	4552.5625	2918.25	1826.1875	vegetacion
511575	554535	1256	1434	1252	1733.6875	3700.0625	4503.1875	4640	4794.9375	2696.3125	1733.875	vegetacion
509145	558255	1306	1535	1332	1956.6875	3260.6875	3672.9375	3588	3956.8125	2920.875	1921.5625	vegetacion
509255	558055	1287	1516	1318	1903.5	3470.9375	3985.0625	4072	4289	2939.0625	1900.625	vegetacion
515145	553235	1320	1516	1326	1937.125	3426.375	3947.625	4063	4282.5625	3066.125	1946.4375	vegetacion
510315	554415	1257	1514	1266	1924.375	4023.8125	4744.25	4440	5039.625	3009.25	1873.625	vegetacion
509505	555035	1268	1511	1268	1938.75	3803.0625	4403.6875	4735	4724.375	2894.3125	1832.6875	vegetacion
510445	560615	1316	1578	1331	1944.875	3841.25	4697.5625	4684	4932.5625	3022.8125	1922.1875	vegetacion
517355	554655	1260	1470	1281	1828.0625	3408.625	3984.8125	3965	4297.3125	2825.9375	1817	vegetacion
510435	560165	1296	1596	1332	1934.5	3930.8125	4775.8125	5163	5200.6875	3048.625	1927.6875	vegetacion
510455	560815	1280	1554	1315	1892.375	3758.25	4624.8125	4632	4970.6875	2885.4375	1854.4375	vegetacion
517505	555685	1280	1468	1264	1860.375	3745.75	4466.1875	4219	4838.125	2880.125	1817.9375	vegetacion
510085	553925	1286	1574	1303	2035.4375	4150	4845.875	4731	5230.0625	2955.5	1800.8125	vegetacion
509025	553865	1277	1552	1312	1955.875	3551.1875	4045.75	4087	4390.5	2887.125	1839.3125	vegetacion
517995	555005	1322	1566	1326	1955.3125	3930.6875	4647.6875	4784	5048.9375	3001.3125	1888.125	vegetacion
510505	554755	1283	1534	1308	1944.25	3853.0625	4570.375	4427	4944.3125	3066.125	1975.5	vegetacion
517715	555215	1283	1540	1276	1911.0625	4069.625	4843.0625	5100	5249.5625	2959.0625	1830.125	vegetacion
510415	554255	1268	1531	1296	1975.6875	3529.875	4057.4375	4127	4374.625	2927	1861.125	vegetacion
509585	554605	1328	1580	1373	1997.1875	3341	3754	3717	4074.75	2996.75	1919.6875	vegetacion
510075	554555	1268	1550	1291	1900.5	3863.4375	4605.5625	4884	4923.8125	2882.8125	1820.125	vegetacion
514745	562085	1317	1554	1406	1972.125	3148.625	3540.9375	3553	3821.6875	3052.25	2059.9375	vegetacion
517395	555225	1285	1567	1266	1882.875	3630.0625	4279.5625	4632	4572.8125	2840	1818.5625	vegetacion
510225	554225	1287	1516	1292	1915.875	3677.5	4294.5	4338	4674.75	2973.125	1852.1875	vegetacion
517535	555125	1298	1573	1321	1985.8125	3740.625	4388.125	4564	4727.4375	3107.125	1964.375	vegetacion
509115	558085	1264	1530	1306	2008.625	3572.3125	4031.3125	4168	4293.1875	2990.5625	1932.5625	vegetacion
510475	554315	1259	1528	1296	1960.5	3497.4375	4020.75	4140	4309.9375	2993.0625	1934.5	vegetacion
512745	553835	1280	1465	1268	1767.75	3353	3907.0625	3868	4200.4375	2715.0625	1737.875	vegetacion
516045	555765	1318	1623	1348	1989.125	3654.125	4254.625	4537	4547.4375	2969.3125	1919.25	vegetacion
510105	554165	1299	1514	1288	1862.875	3743.3125	4380.875	4196	4710.375	2814.75	1778.5625	vegetacion
511645	554715	1235	1480	1255	1768.6875	3711.25	4589.5625	4507	4831.5	2740.875	1762.375	vegetacion
515035	553335	1277	1477	1306	1846	3250.3125	3644.375	3494	3968.5	2860.4375	1871.8125	vegetacion
510185	554685	1300	1538	1349	1915.75	3923.1875	4684.875	4550	4997.8125	3019.8125	1885.25	vegetacion
516075	555685	1278	1560	1290	1934.5	3620.3125	4193.8125	4356	4493.375	2957.1875	1865.6875	vegetacion
510515	561085	1302	1556	1350	1949.75	3905.1875	4659.75	4839	5031.4375	3071.875	1944.0625	vegetacion
515935	555865	1260	1522	1270	1944.25	3955.0625	4728.0625	4247	4951.8125	2838.3125	1794.5	vegetacion
510085	553715	1325	1592	1334	2115.5	3903.4375	4500.875	4564	4842.5	3096.3125	1968.75	vegetacion
509265	558225	1316	1507	1358	1959.0625	3230.125	3606.3125	3600	3915.1875	3033.4375	2029.5625	vegetacion
515865	555875	1215	1423	1211	1820.875	3540.3125	4141.4375	3984	4509.875	2663	1717.3125	vegetacion
509335	554225	1298	1494	1302	1902.3125	3536.0625	4058.125	4049	4338.375	2822.6875	1800.8125	vegetacion
512875	554285	1258	1506	1226	1763.8125	3918.3125	4878.25	5320	5231.3125	2749.875	1754.375	vegetacion
512415	554205	1288	1532	1327	1852.4375	3790.75	4413.375	4463	4775.8125	2876.125	1849.0625	vegetacion
512845	554025	1277	1456	1316	1813.5	3457.6875	4079.3125	3957	4514.125	2955.9375	1912.6875	vegetacion
514655	562075	1321	1514	1405	1883.25	2864.1875	3255.875	3205	3568.125	2909	1993.375	vegetacion
517465	555635	1310	1545	1313	1938.375	3789.25	4533	4573	4907.6875	2897.25	1821.125	vegetacion
508885	553975	1304	1496	1326	1899.9375	3237.625	3681.75	3556	3966.0625	2874.0625	1873.5625	vegetacion
517865	554885	1310	1562	1360	1990.3125	3682.1875	4212.875	4328	4615.8125	3041.3125	1928.9375	vegetacion
512875	553925	1273	1490	1331	1872.8125	3293.375	3774.75	3701	4106.8125	3019.875	1952.6875	vegetacion
512915	554285	1286	1560	1300	1857.25	3748	4575.375	4792	4897.5	2780.5625	1825	vegetacion
510035	553895	1326	1594	1342	2053.6875	3888.6875	4522.25	4388	4843.3125	2961.9375	1834.9375	vegetacion
508885	553965	1306	1534	1339	1909.625	3279.4375	3738.375	3788	4022.625	2887.8125	1876	vegetacion
509025	558045	1317	1520	1361	1947.8125	3478.4375	3987.4375	3950	4308.125	2912.0625	1902.3125	vegetacion
511675	554435	1256	1499	1262	1846	3817.625	4479.4375	4656	4839.0625	2873.5625	1826.1875	vegetacion
509545	554075	1316	1534	1360	1924	3192.0625	3669.5625	3700	4012.25	2919.8125	1901.3125	vegetacion
508875	554115	1282	1496	1312	1901.3125	3443.9375	3961.1875	3954	4285.0625	2845.875	1822.25	vegetacion
517815	554835	1340	1546	1393	1929.5	3288	3749.75	3715	4072.8125	3025	1995.375	vegetacion
510475	554195	1374	1614	1508	1976.375	3356.75	3848.6875	3739	4256.8125	3171.5	2082	vegetacion
512645	553965	1292	1522	1297	1830.375	3267.75	3774.4375	4007	4115.875	2917.9375	1867.25	vegetacion
510345	554185	1289	1520	1308	1995.5625	3827.375	4423.1875	4416	4735.25	2936.25	1841.125	vegetacion
517565	554595	1293	1542	1309	1875	3456.75	4016.1875	4392	4352.1875	2885.75	1862.0625	vegetacion
509585	554965	1301	1528	1322	1876.0625	3349.4375	3843.4375	4108	4186.375	2809.25	1820.125	vegetacion
510445	560695	1285	1562	1277	1948.3125	3892.3125	4639.6875	4808	4941.5	2981.5	1901.625	vegetacion
510185	554265	1345	1628	1414	2038.5	3851.375	4402.625	4423	4763.4375	3163.75	2010.875	vegetacion
517295	555625	1339	1574	1393	1901.0625	3400.625	3943.25	3898	4325.75	2811.9375	1830.5625	vegetacion
510145	553755	1381	1658	1442	2149	3553.9375	3961.1875	4068	4291.6875	3066.6875	1968	vegetacion
510405	560975	1307	1599	1334	2035	4070.75	5021.125	4899	5312.4375	3272.0625	2060.3125	vegetacion
508985	554015	1305	1539	1324	1951.1875	3509.4375	3986.3125	4022	4350.625	2890.25	1849.25	vegetacion
510205	554735	1259	1438	1232	1853.3125	3967	4840.6875	4500	5187.4375	2980.5	1856.4375	vegetacion
508875	553645	1254	1491	1282	1878.6875	3611.25	4191.4375	4220	4524.6875	2851.6875	1792.3125	vegetacion
509155	558185	1316	1572	1375	1996.375	3268.9375	3586.4375	3480	3903.0625	3013.3125	1973.875	vegetacion
510445	561365	1304	1604	1306	1912.625	3920.0625	4854.75	4983	5171.125	2986.875	1906.875	vegetacion
509405	554735	1286	1504	1310	1902.4375	3387.125	3887.4375	3962	4241.5625	2888.3125	1851.875	vegetacion
508555	558645	1268	1496	1277	1825.875	3460.375	4082.3125	4224	4413.375	2823.25	1799.625	vegetacion
509115	558295	1276	1510	1308	1909.25	3402	3859.75	3910	4181.3125	2928.75	1885	vegetacion
508845	558225	1270	1526	1274	1950.0625	3694.75	4236.875	4400	4518.125	2895	1841.6875	vegetacion
510525	554605	1266	1497	1276	1825.5625	3497.875	4103.4375	4356	4410.9375	2810.4375	1795.125	vegetacion
517685	555535	1265	1479	1246	1826.3125	3434.8125	4029.8125	4304	4396.75	2763.5	1746.625	vegetacion
508805	558105	1317	1553	1369	1997.375	3432.0625	3850.5625	3975	4146.625	2956.8125	1918.4375	vegetacion
511725	554695	1346	1548	1414	1851.875	3492.1875	4143	3932	4472.5	2902.625	1917.5	vegetacion
508625	554045	1232	1465	1262	1892.875	3483	4046.75	3915	4326.6875	2827.9375	1793	vegetacion
512615	554115	1271	1491	1266	1796.125	3604.6875	4345.5	4439	4681.625	2763.5625	1752.875	vegetacion
515695	560065	1299	1511	1346	1832	3270.625	3744.5	3655	4050.1875	2845.9375	1860.25	vegetacion
511895	554635	1311	1596	1316	1946.625	3914.1875	4537.375	4708	4916.625	2989.4375	1897.0625	vegetacion
517755	555335	1304	1538	1286	1943.625	3789.25	4438.875	4352	4747.1875	3012.9375	1909.875	vegetacion
517805	554865	1304	1551	1334	1936.9375	3290.875	3747.1875	3910	4101	3018.25	1962.9375	vegetacion
509455	554265	1266	1518	1280	1901.9375	3451.6875	3990.3125	4065	4343.9375	2811.125	1792.5625	vegetacion
508725	554095	1254	1518	1271	1884.375	3545	4172.6875	4160	4491.75	2778.75	1751.1875	vegetacion
509475	553905	1281	1533	1302	1928.8125	3472.6875	3999.875	4061	4307.125	2858.8125	1835.8125	vegetacion
509275	554225	1302	1544	1340	1980.5	3300.8125	3711.9375	3852	4015.375	2928.6875	1910.125	vegetacion
510155	554515	1270	1534	1265	1926	4029.625	4610.375	4913	4933	2904.0625	1817.75	vegetacion
508815	554435	1258	1506	1268	1868.5	3643.5625	4297.125	4409	4672.4375	2776.625	1734.0625	vegetacion
515725	553895	1281	1548	1328	1901.5625	3460.25	4004.875	4372	4400.3125	2944.75	1891.5	vegetacion
508915	553865	1287	1508	1314	1942.5	3320.1875	3777.625	3808	4051.6875	2822.4375	1833.375	vegetacion
510265	553915	1296	1592	1317	2011.125	3887.4375	4554.9375	4693	4905.25	2907.9375	1812.5625	vegetacion
509455	557985	1301	1580	1350	1958.75	3638.6875	4195.375	4207	4504.1875	2928.9375	1863.0625	vegetacion
511875	554565	1288	1508	1316	1877.3125	3583.75	4152.5625	4287	4482.75	2931.3125	1877.5	vegetacion
508945	554575	1274	1516	1284	1915	3690.9375	4304.75	4297	4684.625	2837.1875	1764.8125	vegetacion
509515	554375	1294	1549	1333	1938.25	3161.5	3564.0625	3700	3863.0625	2901.9375	1916.875	vegetacion
517515	555205	1302	1522	1331	1861.5	3202.1875	3684.5625	3743	3976.25	2840.6875	1876.25	vegetacion
508865	553615	1284	1550	1326	1920.5625	3616.9375	4174.8125	4232	4467.6875	2840.6875	1797.625	vegetacion
511895	554445	1330	1557	1392	1917.25	3320.3125	3748.5625	3769	4122.125	2984.125	1957.3125	vegetacion
509955	554435	1246	1454	1252	1782	3520	4193.5	3809	4509.8125	2669.5625	1718.3125	vegetacion
511875	558635	1264	1446	1290	1845	3656.6875	4292.125	4125	4638.3125	2992.3125	1923.375	vegetacion
509125	558065	1315	1594	1352	2031.125	3546.0625	4037.5625	4129	4303.875	3007.0625	1949.6875	vegetacion
511855	554635	1271	1496	1310	1862.25	3507	4084.75	4085	4443.8125	2942	1889.75	vegetacion
508945	553345	1446	1725	1662	2162.1875	3270.75	3646.875	3688	4004.5	3347.5	2239.25	vegetacion
508955	558585	1314	1561	1348	2057.8125	3526.8125	4011.25	3984	4314.125	3088.5	2011.9375	vegetacion
508905	558245	1290	1540	1333	1909.4375	3528.25	4057.3125	4029	4332.5625	2864.25	1838.4375	vegetacion
508955	553395	1254	1489	1289	1863.75	3264.5625	3754	3583	4083.75	2776.6875	1781.4375	vegetacion
509165	554505	1273	1500	1318	1874	3243.125	3677.6875	3675	3991.1875	2785.8125	1813.5625	vegetacion
514805	562035	1287	1488	1340	1863.8125	3230.375	3724.8125	3773	4051.25	2905.0625	1905.25	vegetacion
516205	555775	1251	1481	1282	1857.25	3479.5625	4079.125	4007	4380.5625	2840.9375	1826.875	vegetacion
509605	554635	1292	1510	1306	1918.3125	3382.875	3850	3881	4198	2868.375	1830.25	vegetacion
510275	554925	1305	1566	1305	1952	3490.875	3934.0625	3820	4219.5	2872.5	1848.0625	vegetacion
509285	554265	1293	1493	1298	1912.0625	3321.1875	3723.375	3841	4053.4375	2841.6875	1841.375	vegetacion
510465	554975	1294	1595	1288	1966.125	4008.875	4678.9375	4891	5109.625	2919.75	1855.1875	vegetacion
509335	553795	1284	1524	1300	1891.3125	3398.4375	3881.3125	3988	4220.9375	2831.5625	1818.375	vegetacion
517505	554585	1289	1502	1339	1877.3125	3162.9375	3604.3125	3696	3957.5	2937.4375	1930.75	vegetacion
512665	553915	1251	1450	1289	1744.3125	3085.3125	3569.5625	3518	3932.6875	2826.875	1820.6875	vegetacion
509275	558145	1282	1489	1306	1898.25	3532.75	4041.75	4061	4377.125	2921.375	1872.75	vegetacion
515155	553445	1277	1502	1311	1854.0625	3471.6875	4043.6875	4126	4437.5	2945.125	1859	vegetacion
508745	554075	1292	1522	1312	1909.4375	3521.125	4058.9375	4007	4391.1875	2799	1761.1875	vegetacion
510145	554385	1296	1482	1286	1823.0625	3956.125	4621.5625	4695	4914.375	2929	1851.1875	vegetacion
512455	554085	1296	1520	1324	1830.4375	3504.9375	4110.4375	4268	4467.25	2904	1832.75	vegetacion
508545	558605	1253	1493	1281	1877.0625	3564.375	4206.5	4219	4505.625	2867.4375	1811.5	vegetacion
515275	553565	1295	1505	1320	1876.3125	3443.5	4043.625	3949	4359.75	2926.4375	1894.625	vegetacion
508795	554335	1308	1567	1402	2059.375	3546.75	4020.6875	4100	4381.6875	3034.9375	1918.25	vegetacion
515075	553445	1298	1530	1339	1951.6875	3357.25	3821.5	3964	4170	3037.875	1966.6875	vegetacion
509555	554055	1275	1502	1294	1898.625	3282.0625	3783	3800	4086.1875	2905.1875	1875.25	vegetacion
510105	554945	1280	1495	1266	1852.5	3793.875	4730.6875	4712	5058.5	2836.4375	1826.5	vegetacion
509935	554585	1276	1561	1281	1912.875	3924.3125	4668.125	4872	4976.625	2889.75	1791.1875	vegetacion
509565	554795	1290	1540	1302	1910.0625	3498.25	4008.5625	4113	4335.3125	2889.625	1827.125	vegetacion
517425	554595	1274	1548	1309	1868.6875	3461.8125	4016.875	4176	4363.0625	2858.375	1822.0625	vegetacion
517405	555675	1294	1538	1313	1916.9375	3976.875	4725.6875	4785	5126.375	2982.9375	1865	vegetacion
509365	553825	1286	1542	1324	1928.4375	3448.3125	3942.4375	4059	4267.8125	2883.6875	1857.375	vegetacion
511665	554455	1256	1461	1266	1794.625	3781.5	4492.0625	4660	4816.3125	2849	1810.25	vegetacion
509065	553775	1271	1512	1302	1891.25	3519.1875	4044.1875	4207	4328.625	2825.5	1809.3125	vegetacion
517455	555475	1248	1468	1279	1830.8125	3358.0625	3910.5625	3950	4249.8125	2797.0625	1821.125	vegetacion
515005	553185	1290	1516	1324	1852.3125	3394.625	3946.6875	4171	4288.0625	2907.6875	1887.5625	vegetacion
508645	558295	1266	1512	1298	1950.8125	3585.1875	4122.375	4179	4385	2886.4375	1839.6875	vegetacion
510435	553775	1258	1508	1292	1975.25	3924.6875	4387.4375	4477	4685.75	2971	1909.75	vegetacion
511715	554745	1245	1446	1273	1751.3125	3210.1875	3904	3645	4270.8125	2635.75	1735.25	vegetacion
509535	554845	1294	1521	1334	1891.75	3352.125	3857.125	3757	4192.125	2814.4375	1803.5	vegetacion
511625	554575	1246	1450	1212	1682.8125	3565.375	4263.375	4588	4599.5	2654.5	1695.375	vegetacion
509065	554445	1292	1524	1324	1896.4375	3320.0625	3836.375	3862	4130.875	2793.6875	1787.8125	vegetacion
508865	554315	1302	1529	1325	1900.25	3523.6875	4041.125	4056	4396.3125	2849.8125	1816.6875	vegetacion
515025	553205	1274	1457	1305	1826.9375	3406.5625	3914.8125	3951	4294.5	2819.0625	1830.3125	vegetacion
510085	553825	1308	1626	1366	2197.5	3677.1875	4055	4260	4386.625	3156.75	2024.5	vegetacion
510035	554655	1234	1446	1232	1847.6875	3661.25	4295.125	4282	4627	2751.25	1765.3125	vegetacion
510455	554415	1310	1514	1334	1958.375	3575.3125	4164.9375	4349	4511.375	3042.125	1962.125	vegetacion
509525	554405	1284	1484	1354	1882.75	2987.0625	3361.0625	3243	3661.625	2876.3125	1906.5625	vegetacion
515285	553675	1309	1485	1306	1814.3125	3564.3125	4128.4375	4094	4510	2908.5625	1872.1875	vegetacion
517385	555255	1235	1474	1241	1836.5625	3554.125	4159.8125	4220	4549.4375	2793.625	1775.1875	vegetacion
517345	554695	1278	1512	1289	1864.3125	3365.1875	3859.75	3854	4206.5625	2915.1875	1863.125	vegetacion
509435	554765	1297	1516	1328	1932	3375.6875	3840.9375	3677	4119	2871.9375	1858.875	vegetacion
517835	554865	1294	1508	1371	1893.1875	3277.8125	3737.1875	3541	4063.25	2942.3125	1905.125	vegetacion
517795	555225	1260	1467	1278	1839.5625	3466.3125	4019.6875	3763	4359.4375	2800.75	1830.75	vegetacion
508785	558375	1274	1509	1303	1902.75	3439.125	3934.0625	4056	4227	2914.75	1859.4375	vegetacion
509965	554375	1280	1575	1276	1996.1875	4448.375	5341.4375	5416	5732	3033.8125	1861.0625	vegetacion
509535	554725	1308	1540	1337	1906.5	3439.375	3952.1875	4031	4297.0625	2900.1875	1849.625	vegetacion
515565	553895	1262	1490	1286	1850.5625	3442.75	4056.75	4264	4440.5625	2960.1875	1892.1875	vegetacion
515565	553805	1279	1520	1346	1892.5	3469.0625	3950.25	4088	4333.1875	2987.6875	1926.875	vegetacion
510115	553895	1323	1686	1332	2195.9375	4029.625	4565.5625	4828	4934	2977.125	1830.9375	vegetacion
517225	554865	1298	1457	1317	1819.75	3241.4375	3805.125	3618	4136.25	2831.875	1865.1875	vegetacion
517565	555455	1292	1566	1294	1901.75	3477.1875	4016.875	4265	4347.375	2851	1827.8125	vegetacion
516065	555725	1276	1495	1247	1867.875	3631.125	4257.125	4174	4534.125	2897.6875	1842.875	vegetacion
509535	554655	1280	1510	1300	1901.875	3416.3125	3937.125	4093	4252.5	2878.3125	1811	vegetacion
509125	558415	1349	1568	1428	2018.9375	3395.3125	3842.8125	3836	4136.375	3018.3125	1964	vegetacion
517705	555305	1263	1460	1260	1777.125	3331.875	3907.25	3805	4230	2713.8125	1767.5	vegetacion
516115	555785	1292	1550	1284	1901.9375	3580.3125	4073.5	4204	4431.1875	2901.6875	1868.625	vegetacion
509025	553485	1325	1602	1370	1969.625	3394.4375	3833.125	3823	4131.9375	2889.4375	1868.8125	vegetacion
511475	554445	1275	1521	1293	1811.8125	3908.3125	4788.5625	5133	5066.6875	2793.1875	1755.75	vegetacion
509975	554605	1295	1561	1333	1944.75	3801.5625	4463.875	4607	4793.375	2910.9375	1814.75	vegetacion
515165	553375	1265	1495	1306	1853.625	3481.0625	4045.1875	3918	4478.75	2929.875	1861	vegetacion
509585	554355	1297	1484	1313	1880.625	3223.625	3697.5	3769	4013.125	2850.0625	1847	vegetacion
517745	555475	1282	1485	1258	1889.1875	3682.5	4385.6875	4321	4727.25	2872.125	1790.3125	vegetacion
510045	553765	1388	1782	1457	2233.75	3810.1875	4261.375	4512	4564.3125	3110.1875	1962.75	vegetacion
512775	554195	1302	1506	1378	1892.5625	3229.125	3657.375	3720	3944.6875	3086	2010.3125	vegetacion
510325	554265	1258	1484	1252	1878.25	3745.625	4447.25	4765	4805.9375	2850.875	1783	vegetacion
517475	554955	1284	1461	1312	1897.9375	3175.5625	3600.6875	3609	3952.1875	2995.875	1951.3125	vegetacion
515015	553105	1286	1480	1347	1885.375	3384.3125	3938.9375	3718	4244.25	2948.5	1926.3125	vegetacion
508715	558565	1269	1482	1304	1864.25	3357.4375	3844.5	3900	4155.5625	2929.3125	1921.125	vegetacion
509075	554355	1270	1516	1309	1910.875	3529.75	4036.375	4224	4362.125	2901.6875	1839.5	vegetacion
509565	554235	1317	1500	1322	1914.875	3127.8125	3556.5	3489	3904.125	2941.6875	1914.75	vegetacion
509485	554945	1306	1548	1362	1957.9375	3418	3939.8125	3938	4227.75	2834.4375	1830.4375	vegetacion
516195	555925	1267	1490	1317	1905.3125	3534.9375	4122.8125	3929	4437.9375	2998	1975.75	vegetacion
517625	555325	1229	1384	1214	1781.75	3630.9375	4368.0625	3828	4694.375	2803.5625	1773.625	vegetacion
510235	554255	1294	1508	1276	1930.3125	3670.8125	4243.875	4220	4645.25	3061.5625	1911.6875	vegetacion
515665	560115	1288	1454	1317	1833.625	3230.1875	3712.875	3733	4023.5625	2818.125	1841.875	vegetacion
515485	559965	1372	1590	1378	2083.4375	3572.8125	4039.375	4164	4439.5625	3118.375	2051.1875	vegetacion
510075	554275	1245	1512	1259	1893.25	3918.5	4521.6875	4640	4783.625	2920.375	1825.5625	vegetacion
511885	554445	1291	1543	1333	1894.4375	3260.0625	3685.0625	3690	4050.375	2954	1932.25	vegetacion
517545	555655	1274	1556	1271	1989.5625	4074.125	4778.0625	4891	5213.3125	2946.6875	1816.9375	vegetacion
510365	554225	1266	1580	1309	2029.125	3729.4375	4249.25	4260	4589.3125	2928.6875	1853.6875	vegetacion
510565	554455	1241	1455	1267	1816.125	3744.4375	4465.125	4465	4842.4375	2809.5	1779.125	vegetacion
517315	554855	1297	1552	1326	1915.0625	3687.875	4252.0625	4124	4578.1875	2884.5625	1843	vegetacion
509395	557995	1308	1558	1336	2024.625	3575.1875	4055	4030	4373.875	2965.5	1894.5	vegetacion
508745	558585	1288	1534	1320	1953.9375	3408.8125	3857	3976	4136.4375	2958.3125	1956.875	vegetacion
512505	554105	1256	1490	1254	1712.4375	3409.1875	4088.75	3954	4424.1875	2710.125	1747.4375	vegetacion
509015	554605	1269	1514	1312	1947.1875	3484.5625	3975.875	3930	4365.1875	2871.625	1821.3125	vegetacion
509625	554615	1334	1563	1433	1992.5	3224.375	3569.5625	3589	3922.9375	3017.5625	1973.3125	vegetacion
515295	553425	1332	1624	1409	2023.8125	3575.125	4089.6875	4192	4417.4375	3054.5	1987.5625	vegetacion
508855	558085	1299	1586	1367	2009.125	3446.0625	3894	3974	4163.5	2926.5625	1921.125	vegetacion
511925	558805	1245	1429	1257	1723.375	3668.3125	4387.625	4376	4722	2778.5625	1761.1875	vegetacion
515145	553365	1282	1474	1298	1842.5625	3523.6875	4111.875	4168	4520.0625	2918.375	1850.1875	vegetacion
510375	554115	1268	1538	1289	1925.125	3621.625	4166.375	4062	4500.5	2920.5625	1832.0625	vegetacion
508895	553845	1312	1542	1361	1925.8125	3428.875	3962.5625	3796	4240.75	2854.75	1831.125	vegetacion
510435	554665	1384	1583	1547	2054.0625	3222.25	3609.125	3483	3939.5625	3232.875	2131.75	vegetacion
510085	553905	1299	1596	1302	2089.5625	4083.625	4709.875	4733	5052.625	2980.3125	1818.25	vegetacion
508975	553655	1295	1540	1311	1902.625	3707.5	4318.6875	4384	4641.25	2853.75	1809.3125	vegetacion
517755	555455	1318	1534	1318	1892.5	3647.0625	4294.8125	4452	4655.0625	2831.1875	1774.125	vegetacion
517595	554785	1278	1470	1281	1836	3254.5625	3730.5	3642	4064.875	2876.25	1879.4375	vegetacion
510265	553985	1332	1644	1362	2049.5625	3548.6875	4018.9375	3965	4302.6875	2755.5	1791.25	vegetacion
511725	554805	1347	1536	1391	1828.125	3637.75	4291	4419	4673.375	2703.375	1787.0625	vegetacion
508745	558105	1305	1554	1313	1985.625	3665.375	4191	4059	4480.6875	2952.5	1888.5625	vegetacion
510355	554285	1280	1489	1278	1903.5625	3660.25	4273.1875	4272	4611	2869.9375	1811.875	vegetacion
509215	554105	1278	1518	1292	1908.6875	3446.5	3962.375	4010	4291.4375	2806.5625	1805.375	vegetacion
517565	554665	1298	1496	1307	1875.125	3209.75	3694.5	3513	3981.625	2903.25	1884.75	vegetacion
508835	554195	1278	1513	1287	1917.125	3633.6875	4293.625	4584	4672.75	2979.625	1867.875	vegetacion
508725	554155	1297	1542	1307	1887.9375	3659.5625	4281.25	4552	4648.3125	2854.4375	1801.1875	vegetacion
517765	555035	1368	1567	1456	1956.1875	3342.9375	3824.0625	3710	4182.375	3058.0625	2018.875	vegetacion
509405	553715	1344	1566	1372	1945.4375	3220.75	3625.375	3779	3978.3125	2951.4375	1913.125	vegetacion
511555	554365	1282	1506	1273	1908.8125	3918	4539.875	4772	4894.5625	2950.1875	1863.6875	vegetacion
511605	554555	1210	1408	1202	1719.125	3495.8125	4233.375	3796	4520.25	2616.8125	1707.25	vegetacion
510025	554365	1224	1488	1231	1910.8125	4206.75	5077.75	4980	5395.25	2927.0625	1820.5	vegetacion
514815	562035	1277	1497	1326	1828.3125	3232.9375	3761	3780	4074.125	2852.5625	1864.0625	vegetacion
509445	554775	1290	1495	1309	1911.75	3399.8125	3908.75	3829	4191.6875	2844.6875	1826.125	vegetacion
515215	553275	1382	1652	1448	2082.0625	3715.1875	4228.5	4197	4608.25	3208.375	2033.9375	vegetacion
510525	560285	1276	1501	1282	1897.25	3605.8125	4213.5	4197	4491.375	3002	1900.9375	vegetacion
508815	558455	1312	1584	1374	2012.875	3317.75	3732	3732	4030.8125	2994.625	1956.375	vegetacion
